customer_id,age,region,policy_type,purchase_channel,policy_tenure_years,annual_income,annual_premium,claim_flag,claim_amount,satisfaction_score,renewed
C100001,23,East,Auto,Agent,0,37981,1306.37,0,0.0,4.3,0
C100002,62,North,Home,Agent,2,62650,1424.99,0,0.0,3.9,1
C100003,55,East,Life,Partner,0,81006,2019.75,0,0.0,4.6,1
C100004,43,North,Health,Online,7,77704,2574.68,0,0.0,4.6,1
C100005,43,North,Life,Online,1,42445,1219.19,0,0.0,2.8,0
C100006,67,East,Home,Agent,3,57308,1471.18,0,0.0,3.1,0
C100007,22,West,Life,Online,7,65514,1935.18,0,0.0,3.3,1
C100008,58,Central,Health,Branch,10,52363,1975.24,0,0.0,3.9,1
C100009,29,West,Auto,Agent,0,47515,1045.45,0,0.0,4.2,1
C100010,23,Central,Auto,Branch,11,20852,1270.32,1,1600.45,3.4,1
C100011,48,West,Home,Branch,8,36429,1688.68,0,0.0,3.9,1
C100012,74,West,Life,Agent,0,39484,1207.48,0,0.0,3.2,1
C100013,60,North,Health,Branch,1,29295,1860.5,0,0.0,3.3,0
C100014,62,West,Auto,Online,15,53971,998.26,0,0.0,4.2,1
C100015,59,North,Auto,Agent,7,67598,938.69,0,0.0,4.3,1
C100016,63,North,Health,Agent,14,44454,1803.85,1,1805.55,3.8,1
C100017,47,North,Life,Online,8,18000,1406.09,0,0.0,3.6,1
C100018,25,Central,Health,Online,2,49869,1921.47,0,0.0,3.4,0
C100019,66,West,Home,Agent,11,56932,2209.4,0,0.0,3.4,1
C100020,44,Central,Health,Agent,7,55715,1380.86,0,0.0,3.9,0
C100021,47,Central,Life,Branch,6,39019,2050.03,0,0.0,4.7,0
C100022,39,Central,Home,Online,3,30310,1850.08,0,0.0,3.7,0
C100023,28,North,Auto,Online,7,67955,1304.64,0,0.0,4.0,0
C100024,71,Central,Home,Partner,15,58331,624.53,0,0.0,4.3,1
C100025,63,Central,Life,Online,3,39738,1471.53,0,0.0,4.2,1
C100026,55,Central,Life,Partner,9,24979,1429.45,1,525.96,3.9,1
C100027,41,North,Health,Branch,0,56007,2230.11,0,0.0,3.7,1
C100028,65,North,Auto,Agent,11,35844,730.26,1,4263.43,3.8,1
C100029,49,Central,Health,Online,14,58888,1896.51,1,791.95,3.8,1
C100030,43,North,Home,Partner,15,54841,1484.6,0,0.0,3.0,1
C100031,44,South,Auto,Partner,12,89384,1110.13,0,0.0,3.2,0
C100032,31,East,Life,Branch,10,50598,1129.92,0,0.0,3.5,0
C100033,23,North,Auto,Branch,9,88014,1323.02,0,0.0,3.4,1
C100034,50,North,Life,Agent,13,53474,1901.21,0,0.0,3.4,1
C100035,69,Central,Health,Online,0,39995,2702.65,0,0.0,5.0,1
C100036,21,Central,Auto,Partner,3,33001,1118.67,0,0.0,3.9,1
C100037,67,Central,Health,Online,0,36213,2384.15,0,0.0,4.5,1
C100038,66,South,Health,Agent,3,59723,1395.29,0,0.0,2.5,1
C100039,34,South,Life,Agent,3,54325,874.75,0,0.0,4.7,1
C100040,54,East,Health,Branch,7,18904,2440.57,0,0.0,3.2,1
C100041,27,East,Auto,Branch,11,70363,1227.85,1,3838.81,4.4,1
C100042,61,North,Life,Agent,14,78584,2147.26,0,0.0,3.5,1
C100043,58,West,Health,Online,9,18722,1387.55,1,933.21,3.1,0
C100044,38,Central,Auto,Online,0,70216,1102.81,0,0.0,4.2,1
C100045,21,East,Life,Online,1,82296,1640.42,1,1031.93,2.9,1
C100046,74,South,Auto,Partner,7,19671,1678.93,1,990.23,3.4,1
C100047,43,South,Auto,Online,9,43589,792.89,0,0.0,3.1,1
C100048,69,North,Health,Partner,13,36708,1197.12,0,0.0,5.0,1
C100049,57,South,Health,Online,5,69530,1971.74,0,0.0,3.4,1
C100050,63,East,Health,Partner,2,44536,2218.58,0,0.0,4.1,1
C100051,62,East,Life,Agent,2,43818,1933.48,0,0.0,3.9,1
C100052,29,East,Auto,Branch,9,59583,1023.13,0,0.0,4.1,1
C100053,39,Central,Life,Agent,15,80073,2409.75,0,0.0,3.5,1
C100054,45,South,Auto,Branch,1,50890,847.96,0,0.0,3.9,1
C100055,46,North,Auto,Branch,0,43527,1230.62,0,0.0,4.8,1
C100056,20,North,Auto,Online,0,46882,1924.8,1,1339.47,3.6,0
C100057,49,North,Auto,Partner,8,63847,1623.79,0,0.0,3.5,0
C100058,26,East,Health,Agent,5,28035,1037.67,0,0.0,3.3,0
C100059,61,Central,Life,Online,13,51704,2179.48,0,0.0,4.1,1
C100060,57,Central,Home,Online,12,35121,1583.56,0,0.0,3.7,0
C100061,71,West,Home,Agent,8,30346,1711.02,0,0.0,3.5,1
C100062,61,East,Auto,Partner,0,18000,1356.75,0,0.0,3.7,1
C100063,39,North,Life,Branch,9,42730,1750.53,0,0.0,3.3,1
C100064,74,East,Health,Online,5,71417,1748.48,0,0.0,3.9,0
C100065,41,South,Home,Branch,13,18000,1956.15,0,0.0,3.3,1
C100066,36,Central,Home,Online,11,61769,1296.42,0,0.0,4.5,1
C100067,70,East,Auto,Online,15,40321,1116.75,0,0.0,3.2,0
C100068,39,South,Health,Branch,5,32859,1278.22,0,0.0,3.4,0
C100069,22,South,Life,Online,5,58190,1788.88,0,0.0,4.9,1
C100070,45,North,Auto,Agent,7,75590,1938.77,1,3112.99,3.2,1
C100071,64,Central,Home,Online,13,78964,2036.53,0,0.0,3.6,1
C100072,28,North,Life,Online,8,57107,1366.75,0,0.0,3.8,0
C100073,44,North,Health,Online,5,50735,1129.92,0,0.0,4.4,1
C100074,25,North,Health,Online,14,59048,2291.09,0,0.0,3.0,1
C100075,57,Central,Health,Agent,6,96585,1463.14,0,0.0,4.0,1
C100076,45,East,Home,Partner,14,46732,1168.76,0,0.0,2.9,1
C100077,37,West,Health,Online,10,72429,2058.12,0,0.0,4.8,1
C100078,31,South,Health,Partner,1,41337,1074.34,0,0.0,3.4,1
C100079,50,North,Auto,Branch,7,37049,350.0,0,0.0,2.2,0
C100080,56,Central,Life,Online,11,83840,1104.7,0,0.0,4.8,1
C100081,72,South,Life,Online,14,52048,2108.08,0,0.0,4.5,1
C100082,43,North,Health,Online,8,56042,1035.05,0,0.0,3.5,1
C100083,27,East,Life,Branch,0,61845,1711.98,1,3339.55,2.8,1
C100084,66,North,Home,Branch,5,35932,783.9,0,0.0,3.2,1
C100085,54,North,Life,Online,15,44111,1631.93,0,0.0,3.4,1
C100086,58,Central,Auto,Online,7,40443,1345.04,0,0.0,4.2,1
C100087,23,East,Auto,Online,6,57979,1718.57,0,0.0,4.3,1
C100088,36,South,Life,Agent,14,58599,986.02,0,0.0,2.5,1
C100089,62,South,Health,Online,6,41191,1589.63,0,0.0,3.8,1
C100090,66,West,Health,Agent,12,88500,2324.93,1,4025.88,3.7,1
C100091,43,North,Home,Agent,0,51507,1739.71,1,5501.9,2.8,1
C100092,64,North,Health,Branch,9,53850,1432.46,0,0.0,4.3,1
C100093,66,West,Auto,Online,0,76183,1096.85,1,9512.88,2.4,1
C100094,40,West,Health,Agent,2,36251,1626.57,0,0.0,3.3,1
C100095,70,Central,Health,Agent,8,42624,1518.83,0,0.0,4.2,0
C100096,34,South,Auto,Branch,9,57139,1738.52,1,3447.49,3.4,0
C100097,31,North,Auto,Agent,1,25438,1361.48,0,0.0,3.1,1
C100098,57,East,Health,Agent,7,47726,2154.51,0,0.0,4.0,1
C100099,54,West,Home,Online,6,88916,1271.03,0,0.0,3.3,0
C100100,26,North,Health,Branch,7,84922,2254.38,0,0.0,4.3,1
C100101,66,East,Health,Agent,12,68150,1518.37,0,0.0,3.1,1
C100102,29,South,Home,Branch,15,73290,1749.76,0,0.0,4.4,1
C100103,64,Central,Auto,Branch,1,60881,1339.91,0,0.0,4.2,1
C100104,18,Central,Health,Partner,15,44233,2683.53,0,0.0,4.9,1
C100105,64,East,Auto,Partner,0,81584,1669.44,0,0.0,3.4,1
C100106,63,Central,Home,Online,15,34921,1328.05,0,0.0,4.0,1
C100107,63,Central,Auto,Online,9,69432,1386.6,0,0.0,3.2,1
C100108,56,North,Health,Partner,11,42835,1828.16,1,484.63,4.3,1
C100109,45,South,Health,Branch,3,43918,1301.92,1,1655.33,3.3,0
C100110,58,West,Home,Partner,9,61696,1333.82,0,0.0,4.6,0
C100111,34,North,Home,Agent,9,88612,1901.52,0,0.0,4.4,1
C100112,63,South,Life,Partner,5,77716,1680.6,0,0.0,3.7,0
C100113,50,South,Home,Online,8,58098,1183.98,0,0.0,3.9,1
C100114,44,Central,Auto,Agent,15,53132,1467.73,0,0.0,3.7,1
C100115,47,East,Auto,Agent,1,66067,948.88,0,0.0,3.7,0
C100116,50,West,Auto,Online,7,76573,855.64,0,0.0,3.9,1
C100117,20,South,Auto,Online,5,20310,822.35,0,0.0,3.3,0
C100118,26,North,Auto,Online,3,49714,564.34,0,0.0,3.9,0
C100119,32,Central,Health,Online,7,33056,1643.6,1,4937.27,3.9,0
C100120,24,North,Home,Partner,1,48064,1113.0,0,0.0,2.9,0
C100121,43,North,Home,Partner,1,29358,1660.65,0,0.0,4.5,1
C100122,56,South,Auto,Partner,13,19491,1537.35,0,0.0,2.6,0
C100123,55,West,Health,Partner,5,28253,2054.34,0,0.0,4.0,1
C100124,45,South,Auto,Branch,5,42037,1346.51,0,0.0,3.4,1
C100125,67,North,Health,Partner,10,62558,1644.55,0,0.0,3.2,1
C100126,50,South,Health,Online,12,37350,1508.43,0,0.0,3.7,1
C100127,22,South,Auto,Online,13,36417,827.14,0,0.0,3.5,0
C100128,62,North,Auto,Partner,10,59123,1284.85,0,0.0,4.4,1
C100129,51,East,Life,Agent,4,57162,2566.6,1,701.91,2.3,0
C100130,54,North,Health,Branch,4,82639,1154.72,0,0.0,3.1,1
C100131,50,South,Health,Agent,11,68824,1886.53,0,0.0,3.8,1
C100132,50,West,Auto,Online,13,33534,1284.13,0,0.0,3.3,1
C100133,23,West,Auto,Online,14,39930,1123.69,1,6319.48,3.6,1
C100134,50,South,Auto,Branch,13,65437,1126.54,0,0.0,4.0,1
C100135,64,South,Life,Agent,10,36042,1276.72,0,0.0,3.1,1
C100136,35,South,Auto,Agent,2,46162,1426.11,0,0.0,3.1,0
C100137,52,Central,Auto,Agent,6,21212,1727.69,0,0.0,3.0,0
C100138,19,South,Life,Agent,1,28481,992.4,1,2671.88,2.8,1
C100139,38,North,Health,Agent,7,74669,2204.45,0,0.0,4.1,0
C100140,43,East,Auto,Branch,9,55009,1459.68,0,0.0,3.6,1
C100141,74,North,Health,Agent,10,40678,1103.23,0,0.0,3.3,1
C100142,30,North,Health,Partner,3,43207,2745.25,0,0.0,2.8,1
C100143,34,North,Life,Agent,11,82875,1893.41,1,1453.92,3.1,1
C100144,41,West,Auto,Partner,5,40177,652.63,0,0.0,3.5,1
C100145,75,West,Home,Branch,11,60521,1561.12,0,0.0,2.7,1
C100146,67,West,Auto,Partner,14,67686,602.24,0,0.0,3.9,0
C100147,20,West,Home,Branch,4,78009,1765.3,0,0.0,3.1,1
C100148,31,South,Life,Agent,2,36681,1281.01,0,0.0,3.2,1
C100149,65,Central,Life,Agent,15,26810,862.56,0,0.0,3.6,1
C100150,21,West,Life,Agent,7,32134,1904.93,0,0.0,4.0,1
C100151,67,Central,Home,Online,3,65159,2310.9,0,0.0,2.9,0
C100152,34,West,Auto,Online,4,87854,1416.39,0,0.0,3.3,1
C100153,71,South,Auto,Online,7,65784,1349.24,0,0.0,3.5,1
C100154,35,South,Auto,Branch,5,40129,949.0,0,0.0,2.9,1
C100155,43,East,Health,Online,14,73381,415.67,0,0.0,4.4,1
C100156,56,North,Auto,Agent,5,43556,1686.01,0,0.0,4.1,1
C100157,25,East,Home,Online,7,37029,1683.15,0,0.0,3.6,1
C100158,50,North,Home,Online,4,46034,1128.25,0,0.0,3.6,1
C100159,47,North,Life,Agent,11,41540,682.5,0,0.0,4.5,0
C100160,63,Central,Health,Partner,12,39366,2634.5,0,0.0,3.2,1
C100161,75,West,Home,Agent,9,73992,2037.25,0,0.0,3.1,1
C100162,56,East,Home,Partner,12,42716,1046.72,0,0.0,4.0,1
C100163,41,South,Life,Online,4,23429,1356.54,0,0.0,3.2,0
C100164,41,East,Home,Agent,8,62546,1963.11,0,0.0,3.8,0
C100165,42,Central,Auto,Online,11,34817,686.79,0,0.0,3.4,1
C100166,65,West,Auto,Online,14,35397,1543.32,0,0.0,3.6,1
C100167,36,West,Life,Online,5,64622,1533.06,0,0.0,3.8,1
C100168,27,East,Home,Online,2,38942,1944.93,0,0.0,2.9,0
C100169,37,South,Home,Branch,12,43849,980.59,0,0.0,4.5,1
C100170,19,West,Home,Branch,8,52759,1606.88,0,0.0,3.9,1
C100171,24,Central,Home,Online,0,46846,2272.59,0,0.0,3.5,0
C100172,23,East,Home,Partner,13,44274,960.36,0,0.0,3.1,0
C100173,62,South,Life,Branch,7,18000,1315.22,0,0.0,2.6,0
C100174,59,East,Life,Online,9,48888,1410.57,0,0.0,4.4,1
C100175,58,East,Health,Agent,5,81042,2296.86,0,0.0,3.7,1
C100176,44,Central,Auto,Online,15,63334,1259.27,0,0.0,2.6,0
C100177,59,West,Auto,Branch,6,45241,1073.33,0,0.0,4.0,0
C100178,27,South,Health,Agent,9,60463,1372.14,0,0.0,3.9,1
C100179,70,South,Home,Online,8,63292,390.17,0,0.0,4.9,0
C100180,47,East,Life,Online,15,36843,1075.24,0,0.0,5.0,1
C100181,72,North,Health,Online,9,74629,2105.15,0,0.0,4.1,1
C100182,26,East,Auto,Agent,1,54935,1070.4,1,767.54,4.3,1
C100183,46,Central,Health,Agent,13,46378,1292.9,0,0.0,4.1,0
C100184,58,West,Home,Partner,0,80628,1260.49,0,0.0,3.8,1
C100185,46,South,Health,Online,8,18000,2007.43,0,0.0,3.4,0
C100186,43,West,Auto,Online,5,30835,1309.01,0,0.0,4.3,0
C100187,27,West,Health,Online,7,63549,1621.69,0,0.0,4.0,1
C100188,40,South,Health,Agent,13,64134,2317.07,0,0.0,3.7,1
C100189,31,West,Health,Branch,1,81642,1799.53,0,0.0,4.0,0
C100190,35,West,Home,Partner,0,18000,1760.95,1,4951.68,3.3,1
C100191,57,Central,Life,Branch,14,67457,2441.17,0,0.0,3.0,0
C100192,54,North,Auto,Online,4,29584,1276.84,0,0.0,3.3,0
C100193,53,South,Auto,Partner,7,59540,1278.85,0,0.0,3.6,1
C100194,38,East,Health,Branch,15,50830,2132.84,0,0.0,3.7,0
C100195,73,North,Auto,Online,11,67298,1433.66,0,0.0,4.1,1
C100196,23,East,Health,Partner,10,47763,2896.46,0,0.0,3.7,1
C100197,37,West,Auto,Branch,0,70198,1765.09,1,4051.06,3.8,0
C100198,24,North,Auto,Branch,6,37094,1412.54,0,0.0,4.1,1
C100199,37,East,Home,Agent,8,50534,1213.19,1,9131.36,4.0,1
C100200,73,Central,Auto,Online,1,55470,787.02,0,0.0,2.6,1
C100201,39,East,Home,Branch,10,82181,2697.5,0,0.0,4.0,1
C100202,70,East,Auto,Agent,12,66993,1175.16,0,0.0,4.6,1
C100203,46,East,Auto,Partner,5,55678,1293.04,0,0.0,3.9,1
C100204,58,North,Auto,Online,14,63517,560.49,0,0.0,3.6,1
C100205,44,North,Auto,Agent,14,71551,931.65,1,2732.91,4.0,0
C100206,33,West,Auto,Branch,11,58742,1076.44,0,0.0,4.6,1
C100207,62,South,Home,Agent,5,33546,1325.93,0,0.0,4.2,1
C100208,74,South,Life,Agent,1,63311,901.58,1,4673.92,2.2,1
C100209,33,North,Auto,Branch,11,51490,1733.6,0,0.0,4.2,1
C100210,63,Central,Auto,Branch,8,45646,1684.69,0,0.0,3.9,1
C100211,33,North,Auto,Agent,11,37866,901.96,0,0.0,3.4,1
C100212,59,West,Home,Online,6,62428,2390.43,0,0.0,4.7,1
C100213,63,South,Auto,Agent,2,61216,1333.42,0,0.0,2.9,1
C100214,44,East,Auto,Agent,14,34800,1211.87,0,0.0,4.1,0
C100215,60,South,Life,Branch,15,32090,350.0,0,0.0,4.1,0
C100216,33,North,Life,Branch,12,86049,1451.57,0,0.0,3.6,1
C100217,22,East,Home,Agent,0,67491,1899.22,0,0.0,3.9,0
C100218,23,West,Auto,Online,12,53561,870.42,0,0.0,5.0,0
C100219,43,South,Health,Online,15,62912,2512.42,0,0.0,3.9,0
C100220,70,East,Auto,Online,6,43581,1375.05,0,0.0,3.9,1
C100221,25,East,Home,Agent,8,48897,1581.78,0,0.0,3.7,0
C100222,44,South,Home,Branch,0,52386,1054.22,0,0.0,3.1,1
C100223,58,East,Auto,Partner,9,69357,1089.98,0,0.0,3.8,1
C100224,29,North,Life,Agent,12,26560,2001.81,0,0.0,3.1,1
C100225,59,East,Health,Branch,3,33635,1616.02,0,0.0,3.5,1
C100226,35,North,Home,Agent,10,29955,2658.48,1,2645.33,3.8,1
C100227,64,East,Auto,Agent,4,67356,1141.03,0,0.0,3.7,0
C100228,51,South,Health,Agent,2,50184,2036.15,0,0.0,2.9,1
C100229,49,East,Auto,Agent,0,35505,1271.68,1,6146.82,3.3,0
C100230,28,East,Home,Agent,12,48013,1263.01,0,0.0,4.2,0
C100231,44,Central,Auto,Partner,3,40628,1439.37,0,0.0,3.3,1
C100232,67,East,Auto,Agent,2,26178,1141.57,0,0.0,4.0,0
C100233,19,Central,Home,Online,15,74686,1416.23,0,0.0,3.5,0
C100234,61,South,Home,Agent,11,49312,1724.86,0,0.0,4.5,1
C100235,46,South,Home,Partner,4,75102,1464.39,0,0.0,3.7,1
C100236,59,North,Home,Online,11,25922,1379.05,0,0.0,4.4,1
C100237,56,East,Home,Partner,7,61077,570.89,0,0.0,4.1,1
C100238,43,West,Home,Partner,0,26035,1796.33,1,917.92,4.4,1
C100239,35,Central,Auto,Agent,4,96017,1152.09,0,0.0,4.3,1
C100240,54,East,Auto,Online,12,20870,848.56,1,2072.67,3.8,1
C100241,26,West,Health,Online,11,84328,2158.45,0,0.0,3.8,1
C100242,51,North,Auto,Online,6,51643,1430.71,0,0.0,3.3,1
C100243,23,North,Health,Agent,15,48711,1899.62,0,0.0,3.1,0
C100244,55,West,Health,Branch,8,62608,1602.24,1,792.74,3.1,1
C100245,54,North,Auto,Partner,0,35116,793.88,1,1731.99,2.7,1
C100246,22,North,Home,Online,15,66132,2393.63,0,0.0,3.6,1
C100247,61,Central,Home,Agent,0,67450,1049.53,0,0.0,3.3,1
C100248,42,Central,Health,Agent,14,52214,1963.55,0,0.0,4.2,1
C100249,63,West,Life,Agent,1,56501,2414.25,1,4403.39,3.9,1
C100250,20,South,Auto,Agent,6,86734,1485.82,0,0.0,3.1,1
C100251,28,Central,Auto,Partner,0,63721,1664.24,0,0.0,2.7,1
C100252,46,South,Auto,Agent,11,37920,1651.36,0,0.0,3.4,1
C100253,28,East,Health,Online,4,65510,2089.13,0,0.0,4.0,0
C100254,37,South,Auto,Branch,8,42317,1317.28,0,0.0,2.7,1
C100255,56,Central,Life,Online,3,38832,1714.67,0,0.0,5.0,0
C100256,26,Central,Auto,Partner,13,61228,1406.99,0,0.0,4.0,1
C100257,57,West,Health,Partner,7,33832,1231.12,0,0.0,3.6,1
C100258,23,North,Health,Online,5,52835,1711.31,0,0.0,3.3,1
C100259,28,East,Auto,Agent,0,64128,1034.14,1,245.18,3.9,1
C100260,52,South,Home,Branch,7,86375,1726.36,0,0.0,3.5,1
C100261,64,Central,Home,Agent,11,63490,1426.95,0,0.0,2.9,1
C100262,27,North,Home,Agent,1,25541,1229.91,0,0.0,3.4,0
C100263,35,North,Health,Partner,8,28352,1428.39,0,0.0,4.0,1
C100264,71,West,Health,Online,14,83074,1584.0,0,0.0,4.1,1
C100265,75,East,Health,Agent,13,40583,2393.29,0,0.0,4.4,1
C100266,51,Central,Home,Online,14,24704,1719.34,0,0.0,3.6,1
C100267,43,North,Health,Online,14,33914,1544.59,0,0.0,3.6,0
C100268,38,Central,Health,Partner,4,66294,1358.43,0,0.0,3.6,1
C100269,53,North,Auto,Branch,2,54031,951.49,0,0.0,3.4,1
C100270,52,North,Home,Agent,9,63652,1660.83,0,0.0,4.0,1
C100271,35,East,Auto,Online,11,51406,1442.83,0,0.0,3.5,0
C100272,19,South,Life,Partner,6,32149,922.5,0,0.0,3.3,0
C100273,26,East,Auto,Online,3,19830,859.13,0,0.0,3.9,1
C100274,73,North,Health,Agent,2,36977,1257.45,0,0.0,3.9,1
C100275,42,North,Auto,Online,8,54192,1243.34,0,0.0,3.4,0
C100276,45,West,Auto,Agent,0,30696,1297.81,0,0.0,3.6,1
C100277,45,South,Auto,Agent,10,69692,1577.2,0,0.0,4.4,1
C100278,63,West,Home,Agent,13,33999,1282.3,0,0.0,5.0,1
C100279,21,West,Auto,Agent,13,22265,1221.99,1,3488.61,4.1,0
C100280,22,North,Auto,Agent,4,52012,1612.43,0,0.0,3.6,0
C100281,33,West,Auto,Branch,1,65693,1127.66,0,0.0,3.5,1
C100282,46,South,Auto,Agent,8,78866,1142.01,0,0.0,4.2,0
C100283,56,South,Life,Partner,11,22988,2397.17,0,0.0,4.0,1
C100284,46,North,Health,Online,14,77626,1371.1,0,0.0,3.9,1
C100285,43,Central,Home,Online,1,55336,1032.7,0,0.0,2.9,1
C100286,72,East,Health,Online,0,40822,1957.09,0,0.0,4.0,1
C100287,27,East,Health,Online,2,64255,1680.92,0,0.0,4.0,1
C100288,51,Central,Home,Agent,8,76397,1954.07,0,0.0,3.5,1
C100289,49,South,Auto,Online,2,21777,1564.98,0,0.0,4.2,1
C100290,45,Central,Life,Online,15,44243,1412.52,0,0.0,4.4,0
C100291,64,West,Health,Online,5,42196,2158.65,0,0.0,3.3,1
C100292,33,Central,Auto,Agent,12,63268,1095.63,0,0.0,4.1,1
C100293,73,Central,Life,Branch,5,78281,1831.02,0,0.0,4.5,1
C100294,37,Central,Auto,Agent,3,53321,350.0,0,0.0,4.0,1
C100295,49,North,Life,Partner,1,46741,1102.9,1,1720.95,3.8,0
C100296,48,West,Life,Online,3,60016,2605.2,0,0.0,3.5,1
C100297,67,Central,Auto,Agent,12,47779,1394.79,0,0.0,3.6,1
C100298,43,West,Auto,Online,12,18000,1394.13,0,0.0,4.1,0
C100299,34,South,Home,Branch,10,61306,1779.33,0,0.0,3.9,0
C100300,19,Central,Auto,Online,1,69742,1047.4,0,0.0,3.2,1
C100301,39,South,Home,Partner,5,71327,1065.69,1,2936.3,3.7,1
C100302,65,East,Auto,Branch,9,31192,1422.89,0,0.0,3.9,1
C100303,18,East,Auto,Agent,14,62929,1374.98,0,0.0,3.2,1
C100304,69,North,Health,Agent,3,79590,1956.17,0,0.0,4.0,1
C100305,49,West,Home,Agent,2,97551,1765.81,0,0.0,3.3,1
C100306,26,North,Home,Online,13,60621,2011.61,0,0.0,4.0,0
C100307,35,West,Health,Partner,7,69709,2218.92,0,0.0,3.4,0
C100308,50,Central,Auto,Branch,6,34133,1506.16,0,0.0,3.6,1
C100309,36,South,Health,Online,6,31779,2419.3,0,0.0,3.8,1
C100310,24,West,Auto,Online,6,69772,753.55,0,0.0,4.0,1
C100311,56,North,Auto,Online,7,18000,930.34,0,0.0,2.9,0
C100312,56,Central,Auto,Branch,12,54796,1552.52,0,0.0,4.1,1
C100313,24,Central,Health,Agent,11,77751,1487.3,0,0.0,4.3,1
C100314,34,North,Auto,Branch,1,64827,1191.36,0,0.0,2.9,1
C100315,32,West,Auto,Online,2,64709,1779.41,0,0.0,4.6,0
C100316,56,East,Home,Partner,9,51110,1691.65,0,0.0,4.7,0
C100317,60,East,Auto,Online,13,44622,1070.64,0,0.0,2.5,1
C100318,60,West,Life,Online,15,90786,1372.35,0,0.0,3.1,0
C100319,72,East,Auto,Partner,14,74206,1223.5,0,0.0,4.7,1
C100320,62,West,Auto,Branch,10,67233,1621.18,0,0.0,3.5,0
C100321,36,South,Life,Agent,3,52501,1500.52,0,0.0,3.1,0
C100322,24,South,Health,Partner,1,41486,2370.56,0,0.0,4.0,1
C100323,53,Central,Home,Online,11,71433,1573.33,0,0.0,3.4,1
C100324,71,North,Health,Online,14,46476,2146.1,0,0.0,4.0,1
C100325,74,East,Auto,Online,6,53417,910.96,0,0.0,4.8,1
C100326,31,North,Home,Online,2,63082,1634.02,0,0.0,2.9,1
C100327,31,Central,Health,Branch,11,55770,2647.14,0,0.0,3.9,1
C100328,20,East,Health,Agent,5,79900,1472.82,0,0.0,3.1,1
C100329,26,East,Auto,Agent,10,28241,751.93,0,0.0,4.4,1
C100330,50,South,Auto,Branch,2,53212,1369.47,0,0.0,3.7,1
C100331,49,East,Auto,Online,5,90485,1653.91,1,1915.12,4.0,1
C100332,39,Central,Home,Online,11,68147,1161.56,0,0.0,3.7,1
C100333,35,East,Auto,Agent,13,48453,1528.44,0,0.0,4.5,0
C100334,66,East,Life,Branch,4,66379,1589.5,1,1814.86,2.8,0
C100335,44,West,Auto,Agent,12,51141,753.91,0,0.0,4.3,1
C100336,64,South,Health,Partner,4,78395,1015.27,0,0.0,4.6,0
C100337,73,East,Auto,Partner,11,66783,1803.95,0,0.0,4.5,1
C100338,36,South,Home,Branch,6,36403,1758.9,0,0.0,4.5,0
C100339,29,North,Home,Branch,11,56291,1118.33,0,0.0,3.5,0
C100340,73,West,Health,Agent,4,59535,2420.84,1,3095.28,3.7,1
C100341,54,Central,Health,Partner,1,60426,1938.32,0,0.0,4.8,1
C100342,34,Central,Home,Agent,12,57737,1229.47,0,0.0,4.5,1
C100343,54,Central,Auto,Agent,0,62165,1820.23,0,0.0,4.3,1
C100344,47,East,Health,Online,8,59542,1627.78,0,0.0,4.2,1
C100345,70,South,Home,Branch,0,39019,1043.41,0,0.0,2.9,0
C100346,32,West,Auto,Agent,8,43783,1626.89,0,0.0,2.6,1
C100347,75,Central,Home,Branch,1,47425,444.63,1,1778.86,4.0,0
C100348,72,West,Home,Partner,2,53720,1297.14,0,0.0,3.5,1
C100349,28,East,Auto,Agent,15,47484,1402.32,0,0.0,4.3,1
C100350,27,West,Auto,Agent,14,71852,1027.22,0,0.0,3.6,1
C100351,48,West,Health,Online,7,34718,642.97,0,0.0,3.8,0
C100352,20,Central,Home,Agent,5,20777,1350.22,0,0.0,3.2,1
C100353,35,West,Health,Branch,11,87403,2300.78,0,0.0,3.0,1
C100354,43,East,Health,Online,6,37285,2001.97,0,0.0,5.0,0
C100355,74,South,Auto,Agent,2,71807,1522.33,0,0.0,3.6,1
C100356,75,East,Auto,Agent,3,62955,1953.23,0,0.0,3.8,0
C100357,26,South,Auto,Online,9,37919,1667.41,0,0.0,4.7,0
C100358,69,Central,Auto,Online,15,49607,1978.33,0,0.0,4.7,1
C100359,23,East,Auto,Online,10,46925,820.28,0,0.0,3.7,1
C100360,61,East,Auto,Branch,9,58415,1337.34,0,0.0,3.7,0
C100361,67,South,Health,Online,12,38186,1568.5,0,0.0,3.7,1
C100362,69,West,Health,Online,0,48823,1576.23,0,0.0,3.7,1
C100363,30,East,Auto,Agent,9,51329,1135.29,0,0.0,3.9,1
C100364,69,North,Health,Branch,3,71833,2109.6,0,0.0,3.8,0
C100365,24,Central,Auto,Branch,6,44600,1842.37,1,11025.36,4.1,1
C100366,48,South,Health,Agent,7,34438,2064.74,0,0.0,3.4,1
C100367,45,East,Life,Agent,11,42195,1761.64,0,0.0,3.4,1
C100368,36,South,Health,Branch,3,58607,1340.47,0,0.0,3.3,1
C100369,19,East,Auto,Partner,15,20111,1239.33,0,0.0,4.4,0
C100370,62,West,Auto,Agent,9,73552,1178.08,1,1434.91,3.6,1
C100371,37,Central,Home,Branch,5,52354,1810.93,0,0.0,4.7,1
C100372,56,North,Auto,Online,4,59798,1474.27,0,0.0,4.0,0
C100373,41,Central,Life,Agent,1,55945,1019.51,0,0.0,4.3,1
C100374,39,West,Health,Partner,5,39987,1950.19,0,0.0,4.4,0
C100375,69,South,Auto,Online,1,32520,828.08,0,0.0,3.8,1
C100376,23,South,Health,Online,12,39391,1140.38,0,0.0,4.0,1
C100377,60,South,Home,Branch,12,24891,790.98,0,0.0,3.4,0
C100378,61,Central,Health,Partner,8,58269,1329.6,0,0.0,3.4,1
C100379,40,South,Life,Online,15,49070,887.69,0,0.0,3.9,1
C100380,33,East,Life,Partner,1,24382,1982.88,0,0.0,4.0,1
C100381,18,West,Auto,Online,14,40903,1217.14,0,0.0,3.7,1
C100382,72,Central,Auto,Partner,5,63738,800.82,0,0.0,3.8,1
C100383,72,West,Auto,Partner,12,75274,1239.1,0,0.0,3.3,1
C100384,31,West,Health,Branch,14,28890,1882.66,0,0.0,4.2,1
C100385,19,North,Health,Partner,2,90905,2597.55,0,0.0,3.2,1
C100386,25,Central,Auto,Partner,13,34731,631.35,0,0.0,4.5,0
C100387,21,South,Life,Partner,15,21314,1616.79,0,0.0,3.4,1
C100388,66,North,Auto,Agent,12,83634,1638.57,0,0.0,4.1,1
C100389,69,Central,Home,Agent,2,33265,1478.2,0,0.0,3.6,0
C100390,26,South,Home,Online,13,79429,2351.32,0,0.0,3.7,1
C100391,61,North,Auto,Online,4,40032,2066.02,0,0.0,3.7,1
C100392,28,West,Auto,Branch,1,46724,1507.59,0,0.0,4.0,0
C100393,39,South,Auto,Online,10,28508,2296.43,0,0.0,3.4,1
C100394,52,North,Life,Partner,1,74994,1927.52,1,2872.56,3.2,1
C100395,59,West,Auto,Online,9,72521,1669.48,0,0.0,5.0,1
C100396,68,West,Home,Online,0,40111,2031.26,0,0.0,5.0,0
C100397,20,West,Health,Online,11,50652,2691.7,0,0.0,4.2,0
C100398,29,North,Health,Online,2,63918,2650.01,0,0.0,3.8,1
C100399,34,East,Life,Online,10,43515,580.27,0,0.0,4.4,0
C100400,35,Central,Health,Agent,13,76556,2367.46,0,0.0,3.4,1
C100401,75,North,Home,Online,1,50095,656.71,1,2806.56,4.5,1
C100402,63,South,Health,Branch,0,42649,1938.77,0,0.0,4.8,1
C100403,36,North,Auto,Agent,14,23509,1025.95,0,0.0,4.3,1
C100404,74,East,Auto,Branch,7,28713,1480.02,0,0.0,3.8,1
C100405,46,South,Auto,Branch,8,62594,986.91,1,171.41,3.0,0
C100406,47,West,Home,Online,3,56238,1295.35,0,0.0,3.2,1
C100407,43,Central,Health,Online,7,66683,2724.07,0,0.0,4.4,1
C100408,26,South,Health,Branch,13,41869,1844.49,1,5155.09,3.7,0
C100409,72,West,Auto,Branch,13,22457,1320.46,0,0.0,4.3,1
C100410,18,South,Health,Online,12,43066,2141.98,0,0.0,4.2,1
C100411,28,North,Home,Branch,4,88683,607.14,0,0.0,4.8,1
C100412,31,West,Health,Online,12,34633,1743.65,0,0.0,4.3,0
C100413,34,East,Life,Online,7,51344,1729.78,0,0.0,3.5,1
C100414,25,Central,Auto,Online,6,18000,1092.04,0,0.0,3.6,1
C100415,19,East,Auto,Branch,5,42642,1406.73,0,0.0,4.6,1
C100416,57,North,Health,Agent,14,44549,1066.69,0,0.0,3.9,1
C100417,74,East,Auto,Agent,2,57973,1585.17,0,0.0,3.9,0
C100418,25,South,Home,Online,14,46277,2249.29,0,0.0,3.2,0
C100419,35,Central,Home,Online,14,24666,1280.18,0,0.0,3.6,1
C100420,47,West,Auto,Online,10,40050,1034.96,0,0.0,5.0,1
C100421,71,South,Life,Agent,0,48328,1019.81,0,0.0,4.1,1
C100422,58,East,Auto,Branch,9,34069,1344.21,0,0.0,4.2,1
C100423,62,West,Home,Branch,1,36684,1019.57,0,0.0,3.3,0
C100424,51,West,Health,Online,5,70093,2240.75,0,0.0,3.4,1
C100425,42,North,Home,Online,1,40752,1305.78,0,0.0,3.7,0
C100426,29,North,Auto,Online,11,59919,1309.72,0,0.0,4.1,0
C100427,68,North,Life,Partner,7,48815,470.49,0,0.0,3.4,1
C100428,64,South,Life,Agent,15,29861,1803.44,0,0.0,3.7,1
C100429,19,East,Health,Branch,10,46007,1249.58,0,0.0,3.9,0
C100430,59,North,Health,Agent,5,57238,2103.25,0,0.0,2.8,0
C100431,22,East,Health,Agent,12,83262,2233.93,0,0.0,4.1,1
C100432,60,East,Health,Agent,4,38100,1880.93,0,0.0,3.1,1
C100433,65,North,Health,Agent,4,50466,2052.81,0,0.0,4.3,1
C100434,25,Central,Health,Agent,4,68363,2840.12,0,0.0,3.4,1
C100435,43,East,Life,Online,11,74689,1412.9,0,0.0,3.2,1
C100436,25,South,Health,Agent,15,40320,2602.23,1,2972.31,2.8,1
C100437,50,East,Auto,Partner,13,49196,1018.96,1,6988.56,2.7,0
C100438,71,South,Life,Online,8,72029,1880.98,0,0.0,3.3,1
C100439,22,Central,Auto,Branch,0,61206,1378.32,0,0.0,3.4,0
C100440,41,East,Auto,Partner,15,70602,1748.14,0,0.0,4.3,1
C100441,74,East,Life,Agent,6,73086,1782.6,0,0.0,2.4,1
C100442,35,Central,Auto,Agent,9,61967,1360.04,0,0.0,3.2,1
C100443,25,Central,Auto,Online,6,54584,1164.35,0,0.0,5.0,1
C100444,46,Central,Health,Branch,4,39922,1511.72,0,0.0,3.4,1
C100445,47,South,Home,Partner,4,47604,947.23,0,0.0,4.0,1
C100446,56,North,Auto,Partner,9,48799,1189.29,0,0.0,4.1,0
C100447,36,West,Health,Online,6,73582,1562.84,0,0.0,3.5,0
C100448,73,East,Auto,Partner,2,55174,1290.95,0,0.0,3.4,1
C100449,48,West,Health,Agent,6,55345,2927.24,0,0.0,4.4,1
C100450,34,West,Auto,Agent,7,34107,1024.97,0,0.0,4.6,1
C100451,73,South,Auto,Online,10,73681,1051.3,0,0.0,3.1,1
C100452,71,South,Life,Online,7,38188,1321.54,1,2045.07,4.3,1
C100453,46,East,Health,Agent,3,46875,3024.42,0,0.0,2.7,1
C100454,19,South,Life,Agent,9,75569,2183.46,0,0.0,4.3,0
C100455,52,West,Life,Partner,13,67959,1181.29,0,0.0,4.4,1
C100456,50,West,Life,Online,6,36704,1749.14,1,2899.57,3.9,0
C100457,26,East,Home,Partner,10,32581,1486.78,0,0.0,3.7,1
C100458,54,West,Auto,Agent,7,48333,1508.85,0,0.0,4.6,1
C100459,66,East,Home,Online,4,41625,2184.12,0,0.0,3.6,0
C100460,24,West,Health,Online,14,25587,2373.11,1,1108.24,3.8,1
C100461,59,South,Auto,Branch,15,38441,1213.81,0,0.0,3.4,1
C100462,26,West,Health,Branch,2,18000,2345.19,1,923.8,4.2,0
C100463,61,West,Auto,Online,9,68272,1039.05,0,0.0,3.9,1
C100464,42,South,Health,Agent,14,67139,1995.28,0,0.0,4.2,1
C100465,18,East,Home,Agent,8,77374,581.71,0,0.0,2.5,1
C100466,74,Central,Health,Agent,8,58358,1499.71,1,3136.9,3.3,1
C100467,27,South,Auto,Branch,15,43931,1035.81,0,0.0,3.3,1
C100468,52,West,Auto,Branch,10,70421,940.18,0,0.0,3.3,0
C100469,28,Central,Life,Online,13,39374,603.07,0,0.0,4.3,1
C100470,72,Central,Health,Online,1,28123,2105.2,1,1934.36,3.0,1
C100471,60,East,Health,Online,9,49350,1897.0,0,0.0,3.9,1
C100472,64,West,Home,Partner,2,59399,1547.78,0,0.0,4.9,1
C100473,43,Central,Life,Agent,3,37385,1125.29,0,0.0,3.6,0
C100474,45,East,Health,Online,11,33145,2241.18,0,0.0,3.2,1
C100475,54,North,Health,Branch,13,44497,1760.63,0,0.0,4.4,1
C100476,63,North,Auto,Agent,14,59414,1140.03,0,0.0,3.5,0
C100477,67,West,Life,Agent,12,49382,2043.71,0,0.0,3.7,1
C100478,19,East,Health,Online,8,99457,1505.16,0,0.0,3.2,1
C100479,56,South,Home,Branch,6,49551,2056.95,0,0.0,4.6,0
C100480,24,South,Auto,Branch,2,65512,1274.55,0,0.0,4.4,0
C100481,34,West,Health,Online,12,25922,1240.09,0,0.0,4.4,0
C100482,66,East,Health,Online,12,62564,869.29,1,2766.48,4.5,1
C100483,32,Central,Health,Online,2,43678,1770.77,0,0.0,4.1,1
C100484,64,West,Home,Branch,14,51834,1180.81,0,0.0,3.3,1
C100485,44,Central,Home,Online,5,82362,1577.75,1,5320.16,3.1,0
C100486,31,Central,Auto,Online,10,45299,1074.12,1,752.4,3.7,1
C100487,37,South,Life,Agent,2,28456,935.02,0,0.0,3.7,0
C100488,48,West,Auto,Partner,2,31262,1578.1,0,0.0,3.7,1
C100489,62,North,Health,Agent,9,55112,1957.64,1,5113.85,2.4,0
C100490,53,Central,Auto,Agent,6,54136,1265.59,0,0.0,3.9,1
C100491,72,South,Auto,Agent,0,53388,1385.3,0,0.0,2.9,0
C100492,68,West,Life,Branch,15,28861,1737.94,0,0.0,4.3,0
C100493,61,Central,Auto,Partner,14,88474,1698.77,0,0.0,3.1,1
C100494,52,North,Life,Partner,3,78361,1600.0,0,0.0,4.2,1
C100495,34,Central,Auto,Agent,10,54346,1061.2,0,0.0,3.9,0
C100496,41,North,Home,Agent,2,24620,1814.81,0,0.0,3.2,0
C100497,24,East,Auto,Online,11,80520,1022.84,0,0.0,4.2,1
C100498,39,East,Home,Branch,11,72463,1439.63,0,0.0,4.6,0
C100499,71,South,Life,Branch,11,53851,1263.84,0,0.0,4.0,1
C100500,42,East,Health,Agent,8,73578,2034.49,0,0.0,3.2,1
C100501,24,Central,Health,Agent,0,43102,1882.78,0,0.0,3.5,1
C100502,55,South,Home,Online,3,34715,1274.7,0,0.0,3.6,1
C100503,73,East,Home,Branch,15,54833,1097.61,0,0.0,3.4,1
C100504,68,Central,Auto,Online,9,24051,1304.85,0,0.0,3.0,1
C100505,33,West,Home,Agent,5,32018,1939.34,0,0.0,4.8,0
C100506,44,North,Home,Online,14,61790,930.6,0,0.0,3.5,1
C100507,48,Central,Home,Online,6,56320,840.65,0,0.0,3.0,1
C100508,32,North,Auto,Online,13,27130,1303.0,0,0.0,3.2,0
C100509,33,East,Health,Branch,12,44638,1753.51,0,0.0,3.3,0
C100510,31,East,Life,Branch,0,27915,2268.04,0,0.0,1.9,0
C100511,75,West,Health,Agent,14,43206,1535.38,0,0.0,4.2,1
C100512,61,North,Health,Agent,14,41238,1686.76,0,0.0,4.1,1
C100513,66,North,Life,Partner,15,69860,2409.88,0,0.0,3.9,1
C100514,65,West,Auto,Partner,10,49178,587.36,0,0.0,3.1,1
C100515,73,North,Health,Agent,11,47621,1032.3,0,0.0,4.2,1
C100516,24,East,Home,Branch,4,44936,1355.82,0,0.0,3.5,1
C100517,69,West,Home,Branch,2,21029,2032.58,0,0.0,4.4,0
C100518,21,West,Life,Branch,1,50224,1474.13,0,0.0,2.5,1
C100519,45,South,Home,Online,2,60691,1632.33,0,0.0,3.3,1
C100520,52,South,Auto,Agent,15,56169,938.9,0,0.0,3.2,1
C100521,38,Central,Health,Online,4,64467,2324.06,0,0.0,3.2,1
C100522,26,East,Auto,Branch,0,65343,1067.16,0,0.0,4.0,0
C100523,29,North,Life,Branch,10,91566,2017.02,0,0.0,4.4,1
C100524,65,South,Auto,Partner,2,31683,1686.6,0,0.0,4.1,1
C100525,36,South,Health,Online,8,56225,1872.23,0,0.0,3.9,1
C100526,35,Central,Health,Agent,10,58242,1457.15,1,1230.36,3.7,0
C100527,71,South,Auto,Branch,9,46244,1526.86,1,3872.03,3.8,0
C100528,26,North,Auto,Partner,12,40615,1461.4,0,0.0,3.3,1
C100529,71,East,Health,Partner,0,60978,1643.15,0,0.0,3.8,0
C100530,71,North,Auto,Online,4,59250,1683.97,0,0.0,3.8,1
C100531,52,South,Life,Partner,6,33045,1879.97,0,0.0,2.8,1
C100532,27,Central,Life,Partner,11,19643,1280.95,0,0.0,5.0,1
C100533,27,West,Auto,Partner,8,43151,639.98,0,0.0,4.0,1
C100534,34,North,Life,Agent,12,39878,1597.8,0,0.0,3.2,1
C100535,51,East,Auto,Branch,11,62849,1367.94,1,1426.14,3.3,1
C100536,26,North,Auto,Online,12,35368,1521.29,0,0.0,4.2,1
C100537,44,North,Auto,Online,9,48803,786.67,0,0.0,4.1,1
C100538,24,East,Home,Online,12,21276,1645.83,0,0.0,3.8,0
C100539,49,East,Home,Agent,10,24073,1259.56,0,0.0,4.6,0
C100540,19,West,Auto,Partner,0,38149,1195.55,1,4721.34,3.3,0
C100541,59,Central,Home,Agent,4,47490,2198.22,0,0.0,4.1,1
C100542,21,South,Home,Agent,14,37243,1932.84,1,410.17,4.1,1
C100543,29,Central,Home,Branch,1,54569,1871.04,0,0.0,4.2,1
C100544,28,East,Health,Agent,9,21377,1998.59,0,0.0,3.6,1
C100545,66,South,Home,Agent,12,48129,1673.05,0,0.0,3.1,1
C100546,21,Central,Home,Agent,6,48338,1817.5,0,0.0,2.6,0
C100547,42,North,Auto,Agent,2,25939,1221.69,0,0.0,3.7,0
C100548,52,East,Home,Agent,0,56111,821.45,0,0.0,3.8,1
C100549,47,West,Auto,Branch,10,18000,1233.97,0,0.0,3.4,0
C100550,57,South,Home,Agent,9,39666,1599.07,0,0.0,3.8,0
C100551,64,Central,Home,Agent,11,66175,1953.87,0,0.0,4.3,0
C100552,40,South,Auto,Agent,2,18000,1629.75,0,0.0,3.1,0
C100553,66,Central,Auto,Partner,7,64078,1612.99,0,0.0,3.4,0
C100554,36,North,Home,Agent,8,31013,1023.19,0,0.0,2.9,1
C100555,75,North,Life,Branch,13,41372,1835.97,0,0.0,3.5,1
C100556,47,South,Home,Agent,3,77318,1972.89,0,0.0,4.0,1
C100557,60,Central,Health,Online,11,40715,3110.87,1,3483.32,3.4,1
C100558,68,North,Auto,Agent,11,81048,1523.47,1,1271.59,3.5,1
C100559,63,Central,Auto,Online,9,46505,857.03,1,5951.29,3.0,0
C100560,67,South,Home,Online,1,50477,491.23,0,0.0,4.6,0
C100561,49,East,Health,Online,1,67161,1354.31,0,0.0,4.3,0
C100562,20,South,Home,Branch,9,61793,1656.23,0,0.0,3.2,1
C100563,46,North,Auto,Agent,9,54774,2153.28,0,0.0,3.9,1
C100564,28,Central,Auto,Agent,10,43660,1362.67,0,0.0,4.0,1
C100565,69,East,Health,Agent,12,24084,2096.43,0,0.0,4.9,0
C100566,31,West,Health,Agent,6,24961,2120.33,1,306.89,4.0,1
C100567,31,East,Health,Partner,4,75637,1447.96,0,0.0,4.3,1
C100568,32,East,Auto,Partner,14,82590,664.11,0,0.0,3.7,1
C100569,55,West,Home,Branch,11,54332,1486.92,0,0.0,3.8,0
C100570,51,Central,Health,Online,8,20074,2489.11,0,0.0,4.1,0
C100571,73,West,Home,Partner,8,38099,1773.82,0,0.0,3.6,0
C100572,42,East,Health,Branch,12,37206,1756.14,0,0.0,4.4,1
C100573,34,West,Health,Online,4,41996,1769.72,0,0.0,3.7,0
C100574,20,West,Home,Agent,7,36075,2001.91,0,0.0,4.0,0
C100575,18,East,Health,Online,0,61371,2594.34,0,0.0,3.1,1
C100576,39,West,Health,Branch,12,56453,1968.82,1,244.56,3.0,1
C100577,71,East,Home,Agent,8,80441,845.15,0,0.0,3.4,0
C100578,48,West,Auto,Online,14,44995,1848.95,0,0.0,4.1,1
C100579,69,Central,Life,Online,4,55603,1200.62,0,0.0,4.5,0
C100580,23,Central,Auto,Agent,6,65340,1216.49,0,0.0,3.1,0
C100581,23,Central,Auto,Branch,0,70390,1390.99,0,0.0,3.4,1
C100582,66,West,Home,Agent,15,29772,1121.79,0,0.0,3.9,1
C100583,24,West,Auto,Online,5,59287,1124.06,0,0.0,4.1,1
C100584,21,North,Life,Agent,2,54640,1638.25,0,0.0,4.5,1
C100585,41,East,Health,Partner,9,57450,3226.98,0,0.0,4.1,0
C100586,71,South,Auto,Online,13,53073,1535.34,0,0.0,4.0,1
C100587,57,North,Auto,Agent,1,82832,977.26,0,0.0,3.7,1
C100588,23,Central,Auto,Agent,8,35965,1474.23,0,0.0,4.2,1
C100589,66,Central,Auto,Online,7,34900,735.11,0,0.0,5.0,1
C100590,66,East,Auto,Partner,2,37222,1159.11,0,0.0,4.1,0
C100591,64,South,Auto,Partner,4,46776,1229.61,1,2165.5,4.2,0
C100592,70,West,Auto,Agent,10,57280,1875.76,0,0.0,4.4,1
C100593,31,East,Health,Agent,15,43789,1668.76,0,0.0,3.8,0
C100594,74,Central,Auto,Online,2,70114,1125.42,0,0.0,2.8,0
C100595,36,Central,Auto,Agent,10,51937,1068.49,1,4354.6,3.3,0
C100596,64,South,Auto,Online,14,50265,1014.03,0,0.0,4.0,1
C100597,51,South,Auto,Agent,12,28056,857.22,1,1582.21,3.8,1
C100598,63,South,Auto,Online,13,84780,1815.51,0,0.0,4.4,0
C100599,54,North,Auto,Branch,14,51146,985.38,0,0.0,4.2,1
C100600,55,South,Health,Partner,10,81468,2197.27,0,0.0,2.4,0
C100601,53,North,Life,Online,0,40799,701.91,0,0.0,3.8,1
C100602,63,North,Auto,Branch,3,66951,1221.13,0,0.0,3.6,1
C100603,60,South,Auto,Branch,6,41873,1284.16,0,0.0,3.2,1
C100604,25,North,Home,Online,15,84743,2302.3,1,2637.78,3.8,1
C100605,65,West,Health,Partner,3,72174,1842.29,0,0.0,4.0,1
C100606,49,North,Auto,Agent,13,67292,1427.87,0,0.0,3.3,0
C100607,36,Central,Home,Agent,10,38955,1912.13,0,0.0,4.3,1
C100608,47,South,Home,Branch,11,86320,2146.62,0,0.0,2.9,1
C100609,74,North,Life,Online,1,88684,833.71,1,2948.41,3.1,1
C100610,67,North,Life,Online,5,45166,1894.6,0,0.0,4.4,1
C100611,66,West,Health,Agent,7,54910,3075.85,0,0.0,4.2,1
C100612,44,South,Home,Branch,7,68683,1371.48,0,0.0,4.2,1
C100613,63,East,Health,Partner,14,18000,1604.43,0,0.0,4.0,1
C100614,40,North,Life,Agent,5,72626,2147.25,0,0.0,3.7,1
C100615,57,Central,Health,Online,13,70426,1927.17,0,0.0,3.5,1
C100616,55,North,Auto,Online,13,41863,1379.01,0,0.0,3.8,1
C100617,32,East,Auto,Partner,10,18000,1006.92,0,0.0,4.8,1
C100618,33,Central,Health,Online,4,57997,1842.25,0,0.0,4.9,1
C100619,21,South,Health,Partner,1,31594,1708.23,0,0.0,3.5,0
C100620,26,South,Home,Online,3,23412,1592.89,1,655.36,4.6,0
C100621,43,Central,Auto,Online,9,58673,1347.6,0,0.0,5.0,1
C100622,45,South,Home,Online,3,75723,1294.04,0,0.0,3.1,1
C100623,27,North,Auto,Agent,14,48059,1453.42,0,0.0,3.7,1
C100624,42,East,Health,Agent,6,73333,1860.59,1,2010.58,3.0,1
C100625,53,North,Health,Partner,4,63954,2603.57,0,0.0,4.7,1
C100626,31,Central,Auto,Agent,9,27283,834.13,0,0.0,3.2,1
C100627,37,West,Health,Online,2,42026,1602.81,1,2077.3,3.4,1
C100628,39,East,Auto,Agent,13,71427,1133.91,0,0.0,4.0,0
C100629,47,South,Auto,Agent,8,41879,1142.13,0,0.0,3.8,1
C100630,39,West,Home,Branch,14,66744,864.86,0,0.0,3.2,1
C100631,60,West,Auto,Branch,13,44617,1025.71,0,0.0,3.4,1
C100632,36,North,Home,Partner,1,64983,1631.55,0,0.0,3.3,1
C100633,43,Central,Home,Agent,14,59724,1330.58,0,0.0,3.1,1
C100634,40,East,Auto,Agent,0,47531,1026.37,0,0.0,4.1,1
C100635,28,West,Life,Agent,12,64475,2105.52,0,0.0,4.1,0
C100636,57,South,Home,Agent,5,18000,1231.57,0,0.0,3.6,1
C100637,31,North,Home,Agent,5,32458,1138.45,0,0.0,3.6,0
C100638,35,West,Home,Online,12,43655,850.0,0,0.0,3.7,1
C100639,63,West,Health,Online,4,73109,2779.66,0,0.0,3.1,1
C100640,73,South,Life,Partner,14,25969,1614.58,0,0.0,3.8,0
C100641,56,North,Auto,Partner,0,51376,1186.19,0,0.0,4.0,1
C100642,71,Central,Auto,Online,2,57714,1755.35,0,0.0,3.1,1
C100643,67,South,Home,Partner,5,56456,1508.68,0,0.0,3.3,1
C100644,45,South,Auto,Branch,4,50225,2319.99,0,0.0,4.5,0
C100645,62,West,Health,Online,13,40829,1398.32,0,0.0,4.3,0
C100646,37,North,Health,Partner,14,47560,1888.12,0,0.0,3.8,1
C100647,44,North,Auto,Partner,6,69546,1163.18,0,0.0,3.8,1
C100648,49,North,Life,Agent,9,39611,1044.39,0,0.0,3.7,0
C100649,73,Central,Auto,Branch,5,18000,1007.38,1,3258.96,4.1,1
C100650,67,South,Auto,Online,6,60391,1098.56,0,0.0,3.6,1
C100651,46,West,Home,Agent,5,78925,1512.67,0,0.0,3.5,1
C100652,55,Central,Home,Branch,3,33078,1683.9,0,0.0,3.5,0
C100653,29,West,Home,Agent,11,76494,1663.58,0,0.0,4.0,0
C100654,64,East,Auto,Online,1,61372,1018.16,0,0.0,4.7,0
C100655,50,East,Life,Agent,4,31185,1407.59,0,0.0,2.7,1
C100656,48,South,Health,Branch,1,39333,1982.07,0,0.0,3.7,0
C100657,62,East,Home,Branch,7,38544,1755.07,1,3690.22,3.0,1
C100658,54,Central,Auto,Online,10,55043,1624.38,0,0.0,4.4,1
C100659,22,West,Auto,Agent,8,48737,1190.89,0,0.0,3.2,1
C100660,34,East,Health,Online,11,71900,1336.37,0,0.0,4.8,0
C100661,28,South,Health,Agent,9,67289,1799.57,0,0.0,4.1,0
C100662,60,Central,Auto,Online,5,24185,1489.39,0,0.0,4.8,1
C100663,20,North,Health,Partner,14,26459,2526.56,0,0.0,3.8,1
C100664,29,Central,Home,Agent,9,63057,1541.97,0,0.0,3.5,0
C100665,52,South,Health,Agent,0,42722,2028.55,0,0.0,4.0,1
C100666,58,West,Health,Branch,2,48852,1757.94,0,0.0,3.7,0
C100667,47,Central,Auto,Online,10,61838,1093.11,0,0.0,3.9,1
C100668,67,East,Life,Online,0,67453,1813.81,0,0.0,4.6,1
C100669,71,South,Health,Online,2,29799,1284.28,1,941.62,3.1,0
C100670,25,Central,Health,Agent,1,18000,1625.73,0,0.0,4.0,0
C100671,73,South,Life,Partner,12,49963,840.6,0,0.0,4.4,1
C100672,53,South,Home,Online,1,36613,1301.9,0,0.0,3.7,1
C100673,54,East,Auto,Branch,3,53193,1122.91,0,0.0,4.7,1
C100674,23,East,Home,Online,15,50405,2211.77,1,2333.88,2.8,1
C100675,54,West,Life,Agent,1,34443,1336.0,0,0.0,3.5,1
C100676,60,North,Auto,Branch,3,89564,961.92,0,0.0,3.3,1
C100677,51,East,Health,Branch,13,52306,912.86,0,0.0,2.7,1
C100678,22,Central,Auto,Partner,2,41672,1789.0,1,1370.81,3.9,1
C100679,48,North,Home,Agent,3,53826,2296.93,0,0.0,4.5,1
C100680,72,East,Home,Agent,12,61538,1075.17,0,0.0,4.1,0
C100681,59,West,Life,Online,0,40614,871.14,0,0.0,4.4,1
C100682,25,Central,Home,Online,5,93765,1357.33,0,0.0,4.0,1
C100683,73,East,Auto,Partner,4,24593,792.03,1,4860.29,2.6,1
C100684,73,Central,Health,Agent,3,25845,1407.45,0,0.0,3.4,1
C100685,27,South,Life,Agent,6,23212,1554.86,0,0.0,3.8,1
C100686,64,South,Auto,Online,3,52070,1199.17,0,0.0,3.6,1
C100687,41,Central,Auto,Online,12,60513,840.55,0,0.0,4.4,0
C100688,52,Central,Home,Branch,2,46052,2210.9,0,0.0,2.5,1
C100689,43,East,Health,Agent,6,60460,1797.36,0,0.0,5.0,1
C100690,63,East,Auto,Partner,1,60218,1188.91,0,0.0,3.3,1
C100691,75,East,Auto,Agent,1,45506,972.61,0,0.0,4.3,1
C100692,64,North,Auto,Branch,10,59693,1047.31,0,0.0,3.8,1
C100693,72,Central,Home,Online,7,48464,719.66,0,0.0,3.4,0
C100694,72,Central,Health,Online,7,44638,2693.68,0,0.0,3.8,1
C100695,23,East,Health,Online,4,43027,2231.96,1,2508.58,3.7,1
C100696,32,South,Home,Online,2,56195,1509.45,0,0.0,5.0,1
C100697,59,South,Auto,Partner,14,73920,1116.65,0,0.0,3.4,1
C100698,52,North,Home,Branch,12,30309,826.54,0,0.0,3.8,1
C100699,20,West,Health,Agent,7,43355,1051.08,0,0.0,3.4,1
C100700,23,East,Health,Agent,0,54928,1927.89,0,0.0,4.0,1
C100701,48,South,Health,Agent,14,83623,2183.81,0,0.0,3.3,1
C100702,53,West,Home,Agent,6,59770,1641.72,0,0.0,4.0,0
C100703,27,Central,Life,Online,3,37371,2407.37,0,0.0,3.4,1
C100704,27,North,Auto,Agent,2,35370,924.34,0,0.0,3.8,1
C100705,25,East,Auto,Online,15,69732,1445.35,1,1634.49,3.2,1
C100706,50,East,Health,Partner,0,46355,1086.93,0,0.0,3.8,0
C100707,18,North,Health,Agent,5,29844,1573.52,1,2154.09,2.9,1
C100708,51,East,Auto,Branch,8,70248,1387.04,0,0.0,5.0,0
C100709,45,West,Life,Partner,4,57547,2905.89,0,0.0,3.7,1
C100710,45,North,Home,Online,2,30505,1476.37,0,0.0,2.7,1
C100711,57,North,Health,Online,10,27874,2728.36,0,0.0,4.8,1
C100712,48,Central,Health,Online,1,18000,2168.44,0,0.0,3.5,1
C100713,60,South,Auto,Branch,15,40797,1339.99,1,565.11,4.4,0
C100714,62,West,Health,Agent,7,57482,2605.39,0,0.0,3.4,1
C100715,71,West,Health,Online,11,69290,1215.65,0,0.0,3.1,0
C100716,64,Central,Life,Online,13,59649,2086.82,0,0.0,3.7,0
C100717,48,West,Health,Branch,12,28513,1379.14,0,0.0,3.9,1
C100718,46,Central,Auto,Branch,7,46893,1263.26,0,0.0,2.9,1
C100719,31,West,Auto,Online,1,77729,1154.81,1,1265.06,3.6,0
C100720,52,East,Auto,Branch,1,42782,1287.39,0,0.0,3.7,0
C100721,26,South,Life,Agent,5,65840,1941.8,0,0.0,3.1,1
C100722,72,South,Home,Online,4,63616,1400.25,0,0.0,3.0,1
C100723,67,East,Home,Online,14,65677,1162.54,0,0.0,3.9,1
C100724,24,North,Life,Branch,7,59762,2336.34,0,0.0,4.4,0
C100725,63,East,Auto,Branch,15,65621,643.99,1,798.2,3.3,1
C100726,24,South,Home,Agent,4,25332,1163.8,0,0.0,4.0,0
C100727,59,North,Home,Online,15,79276,712.05,0,0.0,3.8,0
C100728,23,South,Auto,Agent,5,19482,1338.67,1,1224.3,3.6,1
C100729,46,West,Health,Agent,15,57613,2024.55,0,0.0,4.5,1
C100730,56,East,Home,Agent,8,51128,1859.39,1,1280.79,3.5,1
C100731,60,Central,Life,Agent,0,40739,910.35,0,0.0,3.9,1
C100732,42,East,Auto,Agent,15,34447,1372.48,0,0.0,2.8,1
C100733,71,Central,Life,Online,3,61895,1884.94,0,0.0,3.3,1
C100734,62,West,Life,Online,12,66424,2003.59,0,0.0,3.2,1
C100735,30,North,Life,Online,13,50145,557.38,0,0.0,4.1,1
C100736,56,Central,Auto,Agent,3,46794,1163.5,0,0.0,3.3,1
C100737,60,North,Auto,Agent,9,75066,1214.75,0,0.0,4.1,0
C100738,37,East,Home,Branch,12,44409,1417.7,1,4936.95,3.0,1
C100739,60,West,Auto,Online,15,51241,1274.81,0,0.0,3.6,1
C100740,70,South,Auto,Agent,6,48335,1930.74,1,1512.08,4.0,0
C100741,65,East,Home,Online,6,96474,2171.98,0,0.0,4.0,1
C100742,62,South,Auto,Online,13,36880,1246.65,1,2857.07,3.5,0
C100743,54,North,Health,Branch,7,66966,1685.59,1,2365.26,3.6,1
C100744,33,North,Life,Online,9,21412,1540.26,0,0.0,4.3,0
C100745,64,North,Health,Online,1,34757,2464.64,0,0.0,3.3,1
C100746,39,North,Life,Agent,10,46434,1029.22,0,0.0,3.4,1
C100747,48,West,Health,Online,5,49643,1634.18,0,0.0,4.3,0
C100748,36,East,Auto,Partner,5,47060,850.45,1,1219.75,2.9,0
C100749,36,East,Auto,Partner,14,50211,1480.9,0,0.0,4.5,1
C100750,27,West,Auto,Agent,11,39598,836.17,0,0.0,3.7,1
C100751,73,North,Auto,Online,8,75176,1835.21,0,0.0,4.0,1
C100752,26,South,Life,Agent,9,33992,2281.69,0,0.0,4.2,1
C100753,23,West,Life,Agent,13,65400,1686.91,0,0.0,3.8,1
C100754,72,Central,Auto,Agent,9,64197,1923.54,0,0.0,3.0,1
C100755,50,East,Auto,Online,3,34939,1136.39,0,0.0,3.7,1
C100756,43,North,Home,Online,8,45394,2190.32,0,0.0,4.1,1
C100757,60,West,Health,Online,10,51955,1683.89,1,3688.93,4.1,1
C100758,40,Central,Auto,Agent,0,82157,1249.54,0,0.0,3.0,1
C100759,25,East,Auto,Agent,2,45355,963.53,1,4909.42,2.9,0
C100760,60,South,Auto,Partner,7,117225,1408.62,1,454.09,2.8,1
C100761,28,North,Health,Online,9,65822,1665.67,1,4986.07,3.6,0
C100762,50,East,Auto,Branch,0,58183,570.27,0,0.0,3.6,0
C100763,73,Central,Home,Online,7,67916,1454.42,0,0.0,3.4,1
C100764,72,West,Auto,Online,2,21066,1056.58,0,0.0,3.9,1
C100765,38,South,Health,Agent,10,73094,1251.67,0,0.0,2.6,1
C100766,63,West,Health,Online,7,28189,2663.71,0,0.0,3.7,1
C100767,53,Central,Auto,Partner,1,67654,1037.91,0,0.0,4.1,1
C100768,45,East,Life,Partner,6,41334,1245.56,0,0.0,4.1,0
C100769,26,Central,Home,Online,14,37613,1457.85,0,0.0,4.7,0
C100770,39,South,Life,Online,0,83905,2215.99,0,0.0,4.4,1
C100771,55,South,Health,Online,6,50206,1753.06,0,0.0,4.0,1
C100772,75,East,Health,Partner,2,24441,2145.55,1,694.49,2.7,1
C100773,18,East,Auto,Online,14,69546,1208.08,0,0.0,3.7,1
C100774,59,Central,Health,Branch,7,30028,1311.99,1,1697.97,3.3,1
C100775,67,East,Health,Online,10,76493,2092.87,0,0.0,4.6,1
C100776,73,South,Health,Agent,15,51708,908.72,0,0.0,4.3,1
C100777,42,South,Auto,Online,0,29071,1185.57,0,0.0,3.3,0
C100778,24,East,Auto,Branch,7,66784,1493.99,0,0.0,5.0,1
C100779,33,South,Auto,Branch,1,61381,867.11,0,0.0,3.6,1
C100780,67,West,Auto,Online,12,18000,761.1,1,3457.5,3.3,0
C100781,68,South,Health,Online,9,50859,2571.14,0,0.0,3.6,1
C100782,54,South,Life,Agent,7,57379,738.66,0,0.0,3.0,0
C100783,25,West,Auto,Agent,4,56330,1514.76,0,0.0,3.3,1
C100784,25,North,Auto,Branch,3,48675,839.33,0,0.0,4.7,1
C100785,45,West,Auto,Agent,14,65410,808.11,0,0.0,4.4,1
C100786,52,East,Auto,Partner,0,62241,1911.0,0,0.0,3.8,1
C100787,19,East,Home,Online,2,52561,918.11,0,0.0,4.5,1
C100788,57,West,Auto,Partner,6,47746,1716.81,0,0.0,3.6,1
C100789,49,West,Life,Partner,6,54666,1656.64,0,0.0,4.1,1
C100790,18,Central,Life,Agent,14,41133,1921.86,1,2509.9,3.9,0
C100791,23,South,Health,Partner,4,33595,3207.28,0,0.0,4.6,0
C100792,44,South,Life,Agent,5,31772,2042.49,0,0.0,4.2,1
C100793,59,West,Health,Branch,3,50200,3171.71,0,0.0,2.9,0
C100794,65,East,Life,Online,5,36561,1581.65,0,0.0,4.7,1
C100795,43,West,Auto,Online,4,49142,1573.75,0,0.0,3.7,1
C100796,35,East,Life,Agent,11,75942,1506.96,0,0.0,3.4,1
C100797,74,West,Auto,Partner,12,48273,1463.15,0,0.0,2.3,1
C100798,44,South,Auto,Partner,11,54487,1218.6,0,0.0,2.8,0
C100799,36,East,Life,Agent,12,47883,808.19,0,0.0,4.0,0
C100800,43,North,Health,Partner,9,75517,2014.24,0,0.0,3.4,1
C100801,18,East,Auto,Branch,11,81840,1715.8,0,0.0,3.2,1
C100802,35,West,Auto,Branch,5,43548,1349.87,0,0.0,3.9,1
C100803,47,East,Auto,Online,15,65100,1928.78,0,0.0,3.9,1
C100804,71,South,Auto,Agent,15,89641,1168.42,0,0.0,3.6,0
C100805,60,Central,Health,Agent,0,31109,1980.85,0,0.0,2.6,1
C100806,63,West,Health,Branch,5,69646,1970.3,0,0.0,3.5,1
C100807,49,East,Home,Agent,11,20667,1250.59,0,0.0,3.1,1
C100808,24,Central,Auto,Branch,4,52533,1744.77,1,6459.49,3.6,1
C100809,40,East,Life,Partner,8,49479,885.33,0,0.0,3.4,1
C100810,75,West,Health,Agent,13,21274,2687.98,0,0.0,3.3,1
C100811,20,North,Home,Branch,14,71606,1438.55,0,0.0,4.9,1
C100812,68,South,Home,Agent,14,54657,1868.95,0,0.0,3.3,1
C100813,57,South,Life,Agent,10,35309,2362.15,0,0.0,4.0,0
C100814,34,North,Auto,Agent,15,57914,1480.02,0,0.0,2.7,1
C100815,63,East,Health,Partner,10,68269,2384.55,0,0.0,3.9,1
C100816,66,South,Life,Branch,8,20162,2073.54,0,0.0,4.1,1
C100817,20,West,Home,Branch,3,18000,1617.72,0,0.0,3.2,0
C100818,24,South,Auto,Online,13,51244,1587.39,0,0.0,3.9,1
C100819,56,North,Health,Agent,4,38171,1471.68,0,0.0,3.7,0
C100820,75,Central,Home,Partner,2,76093,1925.51,0,0.0,4.0,1
C100821,19,West,Auto,Partner,12,45332,1277.2,1,851.78,3.9,1
C100822,56,Central,Health,Partner,14,57570,2308.96,0,0.0,4.0,1
C100823,25,East,Life,Branch,15,48634,1479.93,0,0.0,3.9,1
C100824,55,North,Health,Branch,12,24173,1249.16,0,0.0,3.4,1
C100825,54,East,Auto,Online,15,52549,1382.94,0,0.0,3.2,1
C100826,23,East,Health,Branch,6,28129,2037.53,0,0.0,4.9,1
C100827,57,North,Health,Agent,1,27248,2235.72,0,0.0,3.9,0
C100828,70,Central,Health,Partner,3,32244,1797.53,0,0.0,3.1,0
C100829,68,West,Home,Online,2,30664,1467.44,0,0.0,4.8,1
C100830,19,West,Health,Partner,12,48212,1162.28,0,0.0,3.1,1
C100831,32,East,Life,Agent,6,44944,1840.05,0,0.0,3.8,1
C100832,31,West,Home,Online,6,57115,2210.3,0,0.0,3.7,1
C100833,44,South,Home,Agent,14,23665,601.57,0,0.0,4.2,1
C100834,26,Central,Health,Branch,15,47470,2476.5,0,0.0,3.7,0
C100835,67,East,Auto,Branch,2,43336,1729.0,0,0.0,3.5,1
C100836,63,North,Home,Branch,13,55625,1879.9,0,0.0,4.3,1
C100837,64,North,Auto,Agent,10,56488,1595.54,0,0.0,3.2,1
C100838,29,West,Health,Online,12,54813,1524.55,0,0.0,3.5,0
C100839,18,Central,Auto,Partner,15,34175,959.62,0,0.0,3.5,0
C100840,70,Central,Health,Partner,5,52444,1937.01,0,0.0,3.7,0
C100841,34,West,Home,Branch,12,42762,1898.42,0,0.0,2.6,0
C100842,56,Central,Health,Online,11,75656,2928.55,0,0.0,4.1,1
C100843,70,West,Health,Branch,10,53986,2863.51,0,0.0,3.5,1
C100844,20,South,Auto,Online,12,53429,1222.81,0,0.0,5.0,1
C100845,18,West,Auto,Partner,12,28944,1267.16,0,0.0,2.8,1
C100846,18,North,Health,Online,6,41373,1534.66,0,0.0,3.5,0
C100847,27,South,Life,Online,14,56658,1685.69,1,4981.68,2.8,1
C100848,20,East,Life,Online,1,50583,2111.3,0,0.0,4.0,0
C100849,65,South,Life,Branch,2,50389,1717.03,0,0.0,4.2,0
C100850,53,Central,Auto,Branch,11,20433,1318.38,0,0.0,4.5,1
C100851,74,Central,Auto,Branch,7,37347,1297.37,0,0.0,4.4,1
C100852,64,South,Health,Agent,4,47051,1809.03,0,0.0,3.4,1
C100853,73,West,Home,Partner,8,73630,1242.31,0,0.0,3.8,1
C100854,31,East,Home,Agent,2,18000,1462.89,0,0.0,3.2,1
C100855,34,North,Home,Online,0,33206,1752.52,0,0.0,4.6,1
C100856,67,South,Health,Branch,0,18000,1771.9,1,2834.19,3.4,1
C100857,32,South,Health,Agent,14,57857,2070.45,0,0.0,4.6,1
C100858,21,South,Life,Agent,5,73351,1798.27,1,1935.19,3.5,1
C100859,56,South,Auto,Agent,14,58489,1310.2,0,0.0,4.0,1
C100860,64,North,Home,Branch,8,62390,1292.05,0,0.0,3.5,0
C100861,74,South,Home,Online,4,33423,1521.93,0,0.0,4.0,1
C100862,71,Central,Auto,Agent,0,58650,1354.71,0,0.0,4.1,1
C100863,24,North,Life,Agent,1,38096,1662.78,0,0.0,3.5,1
C100864,62,South,Life,Branch,9,53075,2019.58,0,0.0,3.4,1
C100865,67,East,Home,Online,9,61044,1034.6,0,0.0,3.8,1
C100866,58,South,Auto,Online,14,46745,923.43,0,0.0,3.7,1
C100867,65,East,Auto,Online,3,66763,1485.18,0,0.0,4.1,1
C100868,66,North,Home,Agent,9,49055,1358.17,0,0.0,4.8,0
C100869,43,West,Auto,Online,1,56925,967.33,0,0.0,2.8,1
C100870,20,East,Auto,Branch,8,86037,1776.74,1,3546.38,2.8,1
C100871,44,West,Health,Online,2,60955,975.76,0,0.0,3.9,0
C100872,29,East,Auto,Agent,3,38511,1356.0,0,0.0,4.0,1
C100873,24,East,Home,Agent,6,43351,1866.4,0,0.0,3.0,1
C100874,25,South,Health,Agent,7,67716,1897.34,0,0.0,4.4,1
C100875,58,South,Auto,Branch,1,70769,1891.34,0,0.0,4.2,0
C100876,47,East,Health,Branch,9,51344,2029.51,0,0.0,4.6,1
C100877,49,North,Auto,Branch,6,24513,513.84,0,0.0,4.0,0
C100878,61,South,Auto,Agent,13,34895,1374.81,0,0.0,4.5,1
C100879,49,West,Health,Agent,9,55253,1374.98,0,0.0,4.2,0
C100880,54,North,Health,Online,14,62447,1826.34,0,0.0,4.8,1
C100881,22,North,Auto,Agent,0,70086,1377.65,0,0.0,3.4,1
C100882,67,West,Health,Partner,7,18000,2674.19,0,0.0,4.2,1
C100883,44,South,Health,Online,13,67686,2015.42,0,0.0,3.7,1
C100884,27,Central,Health,Online,2,77686,2613.16,0,0.0,3.8,1
C100885,65,Central,Auto,Branch,3,18000,1402.5,0,0.0,2.1,1
C100886,60,Central,Home,Agent,11,51904,1620.0,0,0.0,3.6,1
C100887,21,East,Health,Partner,0,65640,3044.88,0,0.0,3.8,1
C100888,29,South,Auto,Online,15,26594,1244.3,0,0.0,4.0,1
C100889,18,West,Home,Partner,15,43011,1878.45,0,0.0,4.1,0
C100890,33,West,Home,Branch,15,62084,1369.24,0,0.0,4.2,1
C100891,23,West,Auto,Branch,12,42591,1325.19,0,0.0,3.4,1
C100892,59,South,Health,Agent,15,45455,2089.49,0,0.0,4.6,1
C100893,48,North,Home,Online,15,55975,903.56,0,0.0,3.0,1
C100894,74,South,Auto,Online,4,30944,1618.0,1,582.21,3.8,0
C100895,61,North,Life,Branch,2,32796,1678.81,0,0.0,2.2,1
C100896,53,North,Health,Online,13,60431,1695.93,1,763.08,4.5,0
C100897,47,Central,Home,Online,7,69081,1637.82,0,0.0,3.5,1
C100898,21,North,Life,Online,0,59173,1005.12,0,0.0,4.8,0
C100899,22,West,Life,Partner,7,76502,2443.29,0,0.0,2.7,1
C100900,53,Central,Health,Online,0,59554,2384.03,1,771.02,4.6,0
C100901,18,South,Home,Agent,9,85247,1418.89,1,4114.49,3.4,1
C100902,20,East,Auto,Branch,10,53184,1326.96,0,0.0,3.5,1
C100903,30,West,Auto,Partner,0,56548,1017.26,0,0.0,3.5,1
C100904,69,South,Life,Branch,1,59258,1683.71,0,0.0,4.5,1
C100905,44,East,Health,Agent,14,40695,1318.82,0,0.0,2.9,1
C100906,59,Central,Home,Online,6,38031,1505.54,0,0.0,4.3,0
C100907,41,West,Auto,Online,0,35798,1284.9,0,0.0,4.4,1
C100908,28,Central,Auto,Online,0,41997,1087.68,1,3472.22,3.6,1
C100909,39,Central,Auto,Agent,6,89274,1717.63,0,0.0,3.6,0
C100910,23,South,Health,Agent,1,84787,817.6,0,0.0,3.7,0
C100911,62,West,Auto,Agent,2,46097,1552.42,0,0.0,3.5,0
C100912,28,West,Auto,Agent,3,44430,1161.84,0,0.0,3.1,1
C100913,39,West,Life,Branch,11,18000,1523.62,0,0.0,4.1,1
C100914,74,West,Home,Online,8,34103,687.69,0,0.0,4.3,1
C100915,52,West,Home,Partner,12,37432,1412.67,0,0.0,3.7,0
C100916,44,Central,Auto,Branch,5,44086,1060.6,1,5718.53,3.4,0
C100917,49,South,Health,Online,1,41746,1931.45,0,0.0,4.1,0
C100918,63,West,Home,Agent,9,55866,1401.54,0,0.0,3.8,1
C100919,32,South,Auto,Partner,15,65949,2173.75,0,0.0,3.3,1
C100920,54,East,Health,Partner,10,38900,1879.66,1,1350.05,2.4,0
C100921,68,West,Life,Agent,3,77865,2126.84,1,3052.73,3.3,0
C100922,51,West,Auto,Online,0,58222,1304.81,0,0.0,3.6,1
C100923,43,East,Life,Partner,1,67989,1266.05,0,0.0,3.0,1
C100924,26,East,Auto,Branch,13,44088,1244.93,0,0.0,4.4,0
C100925,32,South,Auto,Branch,4,61836,1573.11,0,0.0,2.9,0
C100926,72,North,Auto,Online,0,60163,1346.71,1,3886.51,3.2,0
C100927,49,South,Life,Branch,5,78417,759.36,0,0.0,4.3,0
C100928,35,Central,Health,Agent,13,63748,2304.28,0,0.0,4.3,0
C100929,42,South,Home,Agent,6,67367,1371.74,0,0.0,2.8,1
C100930,51,Central,Health,Branch,15,42478,1525.62,0,0.0,3.7,1
C100931,49,South,Life,Agent,8,73527,2279.06,0,0.0,3.4,1
C100932,58,West,Health,Agent,14,29029,2597.54,0,0.0,4.8,0
C100933,32,East,Health,Branch,3,41685,1669.03,0,0.0,4.7,0
C100934,55,West,Home,Agent,8,57063,935.77,0,0.0,3.4,0
C100935,43,West,Home,Partner,7,31251,974.77,0,0.0,3.4,0
C100936,72,West,Home,Agent,12,35383,1202.06,0,0.0,3.8,0
C100937,27,Central,Auto,Online,2,35392,540.43,0,0.0,4.4,1
C100938,26,East,Life,Online,2,58816,2056.29,1,4668.26,3.9,1
C100939,44,North,Auto,Agent,3,49139,1573.33,0,0.0,3.1,0
C100940,47,South,Life,Online,14,69347,1560.87,0,0.0,4.5,0
C100941,58,West,Health,Agent,14,85851,1954.87,0,0.0,3.6,0
C100942,41,East,Auto,Agent,0,56868,1221.41,0,0.0,3.0,1
C100943,70,East,Auto,Agent,6,42793,1419.04,0,0.0,4.6,0
C100944,45,East,Health,Online,8,58630,1071.76,0,0.0,4.6,1
C100945,25,South,Health,Agent,14,35877,1412.38,0,0.0,3.2,1
C100946,24,West,Home,Online,7,50854,1948.79,0,0.0,4.3,1
C100947,74,West,Home,Agent,12,96321,350.0,0,0.0,4.5,0
C100948,25,West,Auto,Online,12,48344,962.28,1,4069.17,4.2,1
C100949,72,West,Health,Partner,8,57448,2003.75,1,689.55,3.2,1
C100950,34,Central,Home,Agent,11,49093,1833.17,0,0.0,3.2,1
C100951,23,East,Life,Branch,1,44628,476.4,1,655.13,3.2,1
C100952,35,Central,Health,Partner,5,60656,2199.99,0,0.0,3.4,1
C100953,53,North,Life,Partner,13,29124,1428.39,0,0.0,2.3,0
C100954,42,West,Auto,Partner,2,49009,1466.59,0,0.0,3.9,1
C100955,63,West,Home,Online,8,27566,1624.17,0,0.0,3.2,1
C100956,53,East,Home,Online,12,79801,813.9,0,0.0,3.7,1
C100957,41,South,Health,Branch,8,69770,1710.52,0,0.0,4.2,1
C100958,54,East,Auto,Agent,15,38173,899.36,0,0.0,4.3,1
C100959,74,South,Home,Agent,13,18595,1172.27,0,0.0,4.2,1
C100960,41,Central,Auto,Branch,1,60827,1711.89,0,0.0,4.2,0
C100961,26,South,Auto,Online,8,51213,1402.43,1,6062.67,4.2,1
C100962,41,North,Auto,Online,11,92388,1090.52,0,0.0,4.5,1
C100963,66,East,Home,Agent,11,77231,1540.39,0,0.0,3.7,0
C100964,30,South,Auto,Agent,8,63433,814.51,1,8138.92,3.4,0
C100965,73,North,Health,Branch,6,42492,2029.06,1,3978.11,2.6,1
C100966,52,East,Life,Branch,4,47291,2199.24,0,0.0,3.6,1
C100967,52,East,Home,Online,5,57438,863.68,1,5158.75,2.8,1
C100968,36,North,Health,Online,0,58391,2486.64,0,0.0,3.3,0
C100969,71,East,Health,Agent,13,39262,2321.06,0,0.0,4.6,1
C100970,20,East,Auto,Agent,11,27447,807.78,0,0.0,3.2,0
C100971,35,West,Health,Branch,4,86708,2001.76,0,0.0,3.9,1
C100972,42,South,Auto,Branch,2,52609,2084.63,0,0.0,2.7,1
C100973,45,South,Auto,Partner,8,59635,1666.24,0,0.0,4.6,1
C100974,45,Central,Auto,Agent,13,36566,1450.74,1,4099.46,4.3,0
C100975,26,East,Health,Online,15,76592,956.84,0,0.0,3.1,1
C100976,31,North,Auto,Agent,4,70721,873.08,0,0.0,4.3,0
C100977,23,Central,Auto,Online,7,53089,1219.66,0,0.0,3.5,1
C100978,51,South,Life,Online,9,55782,2179.79,0,0.0,3.3,1
C100979,38,West,Auto,Agent,9,57130,1476.84,0,0.0,3.6,1
C100980,50,West,Home,Agent,4,53767,801.24,0,0.0,3.6,0
C100981,52,Central,Health,Online,13,62042,1428.82,0,0.0,4.7,0
C100982,58,Central,Health,Branch,11,58779,1725.02,0,0.0,3.6,0
C100983,49,South,Auto,Agent,13,48834,1267.43,0,0.0,4.1,1
C100984,55,West,Auto,Online,1,30966,1166.33,0,0.0,4.0,1
C100985,52,South,Home,Branch,10,51544,745.4,1,2237.29,3.2,1
C100986,55,West,Health,Online,5,65505,3393.28,0,0.0,3.4,1
C100987,53,East,Auto,Agent,12,64099,1110.52,0,0.0,4.3,1
C100988,36,North,Auto,Agent,8,75623,1353.14,0,0.0,5.0,1
C100989,32,North,Health,Agent,8,77528,1232.57,0,0.0,3.6,1
C100990,63,North,Auto,Branch,9,64629,870.31,1,5919.93,3.0,1
C100991,37,North,Health,Agent,3,55374,1781.99,0,0.0,3.6,0
C100992,49,South,Health,Online,9,58183,1853.66,1,1966.8,4.3,1
C100993,29,Central,Health,Agent,14,41661,2601.49,0,0.0,3.5,0
C100994,43,East,Home,Agent,1,66387,1792.38,0,0.0,3.2,1
C100995,48,West,Health,Online,2,75826,1361.02,0,0.0,3.7,1
C100996,54,Central,Life,Agent,0,70749,2485.27,0,0.0,3.6,1
C100997,48,West,Health,Online,7,62014,2683.71,0,0.0,3.9,0
C100998,38,South,Health,Agent,3,47668,1697.65,0,0.0,4.3,0
C100999,73,Central,Home,Agent,9,45593,1267.9,0,0.0,4.2,1
C101000,47,West,Health,Branch,0,49124,2195.93,1,1657.18,3.5,1
C101001,64,West,Auto,Partner,1,38857,416.42,0,0.0,2.7,0
C101002,60,Central,Life,Branch,3,56944,1703.59,0,0.0,2.4,0
C101003,50,East,Life,Partner,10,18000,923.62,1,3350.53,3.5,1
C101004,69,East,Auto,Agent,0,42302,2214.6,0,0.0,3.7,1
C101005,25,Central,Health,Branch,8,53227,2286.95,0,0.0,4.2,1
C101006,71,East,Home,Branch,8,97030,1577.57,0,0.0,4.8,1
C101007,67,Central,Life,Branch,5,52080,1782.42,0,0.0,3.6,1
C101008,47,North,Health,Branch,1,52743,2216.66,0,0.0,3.4,1
C101009,60,North,Auto,Partner,11,36996,871.12,0,0.0,3.0,1
C101010,48,East,Home,Agent,6,82952,1269.45,0,0.0,4.4,1
C101011,33,North,Auto,Partner,9,37359,1732.07,0,0.0,3.5,1
C101012,64,Central,Home,Agent,12,88590,1553.46,0,0.0,3.7,0
C101013,32,North,Health,Online,0,38681,1957.59,0,0.0,4.2,0
C101014,36,West,Home,Online,12,68949,1380.5,0,0.0,3.2,1
C101015,48,South,Auto,Agent,1,50979,960.53,0,0.0,3.2,0
C101016,66,Central,Health,Online,8,41877,1373.66,0,0.0,3.6,1
C101017,40,South,Health,Online,1,70173,558.41,1,4558.52,3.0,1
C101018,46,North,Auto,Agent,0,75913,1005.52,1,2347.18,2.6,0
C101019,20,North,Auto,Agent,6,48660,1116.27,0,0.0,3.9,0
C101020,24,East,Auto,Online,8,51565,1591.34,0,0.0,4.2,1
C101021,21,Central,Life,Agent,4,44573,2571.04,0,0.0,4.0,1
C101022,22,Central,Health,Branch,4,56033,1336.1,0,0.0,4.3,0
C101023,68,South,Home,Branch,2,32296,887.06,1,1971.18,4.1,1
C101024,66,East,Health,Branch,9,18000,1652.2,0,0.0,3.7,0
C101025,65,North,Home,Online,6,18336,1236.88,0,0.0,4.1,1
C101026,21,East,Health,Partner,14,48021,2107.47,0,0.0,4.2,1
C101027,22,East,Auto,Partner,6,32742,1519.58,0,0.0,3.9,1
C101028,34,South,Auto,Agent,9,49883,1020.87,1,3121.29,4.1,1
C101029,50,West,Auto,Online,15,42775,1458.47,0,0.0,3.5,1
C101030,37,Central,Home,Agent,15,39285,768.62,0,0.0,3.9,1
C101031,46,North,Home,Partner,7,40321,1641.5,0,0.0,4.8,1
C101032,28,South,Home,Branch,3,69410,423.02,0,0.0,3.2,0
C101033,60,South,Home,Partner,6,56235,1160.21,0,0.0,3.3,0
C101034,36,North,Home,Partner,4,80169,1868.69,0,0.0,3.6,1
C101035,21,North,Life,Branch,7,53859,1719.8,0,0.0,4.1,1
C101036,61,West,Home,Online,2,18000,686.5,0,0.0,2.6,1
C101037,70,North,Auto,Online,6,33212,912.93,0,0.0,3.1,1
C101038,18,West,Auto,Online,1,54072,1400.5,0,0.0,4.9,1
C101039,43,Central,Health,Online,15,56356,2151.64,0,0.0,4.8,0
C101040,65,Central,Home,Online,0,41452,1192.54,0,0.0,4.2,1
C101041,58,West,Health,Agent,14,37677,1939.7,0,0.0,4.3,0
C101042,67,South,Auto,Branch,14,41056,993.54,0,0.0,3.7,0
C101043,42,North,Home,Online,15,49400,1118.35,0,0.0,3.9,1
C101044,39,South,Health,Branch,7,51118,2361.09,1,1938.44,3.4,1
C101045,59,Central,Auto,Partner,12,32238,1339.84,0,0.0,3.3,1
C101046,26,Central,Life,Online,15,56433,356.19,0,0.0,3.3,1
C101047,31,South,Health,Online,13,56266,1185.53,0,0.0,4.1,0
C101048,52,South,Auto,Agent,13,50021,1029.26,0,0.0,3.2,1
C101049,56,East,Auto,Partner,7,39562,1305.33,0,0.0,3.5,0
C101050,24,South,Health,Branch,11,64088,980.94,0,0.0,3.8,1
C101051,47,Central,Health,Online,3,75825,2313.96,0,0.0,3.1,1
C101052,39,South,Auto,Branch,14,43932,1261.62,0,0.0,4.6,1
C101053,47,South,Health,Branch,7,40687,782.46,0,0.0,3.4,1
C101054,73,East,Home,Online,4,60387,963.05,0,0.0,3.9,1
C101055,22,North,Auto,Branch,4,30929,1461.78,1,2525.12,3.7,0
C101056,75,South,Health,Agent,13,29022,3168.78,0,0.0,4.5,1
C101057,44,Central,Health,Online,3,40321,2926.11,0,0.0,4.5,1
C101058,62,North,Auto,Partner,10,57571,1323.44,0,0.0,4.3,1
C101059,42,East,Auto,Online,4,36152,750.75,0,0.0,3.4,1
C101060,36,East,Auto,Branch,9,51662,1836.45,0,0.0,3.4,1
C101061,62,North,Health,Branch,8,18000,1563.71,0,0.0,3.1,0
C101062,57,North,Home,Online,9,63102,1274.43,1,4835.16,4.0,1
C101063,26,South,Health,Branch,3,77928,2024.94,0,0.0,3.3,1
C101064,58,North,Life,Online,14,35622,1724.85,0,0.0,3.2,1
C101065,61,South,Health,Online,14,59994,977.43,0,0.0,3.0,0
C101066,40,Central,Home,Online,14,48255,1458.63,0,0.0,4.6,1
C101067,71,West,Health,Partner,7,53911,1404.64,0,0.0,2.4,1
C101068,55,Central,Home,Partner,2,47574,1647.05,0,0.0,4.9,0
C101069,37,East,Life,Online,8,46537,1061.05,1,5796.3,4.2,1
C101070,18,West,Health,Agent,1,37004,2854.49,0,0.0,3.2,0
C101071,57,West,Health,Partner,11,32328,1382.4,1,2642.75,3.4,1
C101072,30,South,Life,Branch,4,71789,530.31,0,0.0,3.8,0
C101073,61,South,Life,Online,3,21777,1746.54,0,0.0,3.9,0
C101074,48,East,Life,Agent,12,51664,2499.13,0,0.0,3.6,0
C101075,45,West,Auto,Agent,10,50846,1633.03,0,0.0,3.7,0
C101076,27,East,Auto,Online,1,51155,1365.06,0,0.0,4.6,1
C101077,59,South,Health,Agent,13,63968,2283.48,0,0.0,4.4,1
C101078,27,Central,Home,Branch,10,45327,656.72,1,951.72,4.1,1
C101079,42,North,Auto,Branch,4,63754,1148.15,0,0.0,4.2,1
C101080,66,Central,Health,Agent,6,87746,1948.81,0,0.0,3.3,1
C101081,71,Central,Health,Branch,7,49260,1398.9,0,0.0,3.3,1
C101082,75,Central,Auto,Agent,14,18000,859.52,1,5430.99,3.4,1
C101083,73,West,Home,Branch,8,49434,1409.28,0,0.0,3.7,1
C101084,50,South,Auto,Online,13,47666,745.51,0,0.0,3.6,0
C101085,29,West,Life,Agent,0,59236,1569.54,0,0.0,4.0,1
C101086,66,West,Auto,Agent,8,18000,1804.89,0,0.0,4.1,1
C101087,64,West,Health,Agent,1,57841,2618.59,0,0.0,3.0,1
C101088,75,South,Health,Branch,6,44414,2772.39,0,0.0,4.3,1
C101089,55,North,Auto,Agent,8,66449,865.59,0,0.0,3.8,0
C101090,26,South,Health,Agent,13,42668,2413.96,0,0.0,4.1,1
C101091,47,East,Life,Agent,4,67624,2102.81,0,0.0,4.3,1
C101092,43,East,Health,Branch,3,24807,2661.67,0,0.0,4.2,1
C101093,66,Central,Auto,Branch,13,52320,1084.12,0,0.0,4.1,1
C101094,40,West,Home,Branch,8,34507,1494.28,0,0.0,4.3,1
C101095,37,West,Auto,Partner,11,43214,1173.8,0,0.0,3.6,1
C101096,22,South,Health,Branch,14,100962,482.74,0,0.0,4.3,1
C101097,66,East,Health,Online,0,34908,1354.65,0,0.0,3.3,0
C101098,61,South,Health,Branch,9,45293,1421.77,0,0.0,3.5,1
C101099,20,South,Auto,Online,1,31413,1252.51,0,0.0,2.9,1
C101100,43,North,Auto,Branch,14,46474,927.03,0,0.0,4.5,0
C101101,45,South,Auto,Partner,7,49301,1194.69,0,0.0,3.7,1
C101102,45,South,Health,Online,7,38778,1595.5,0,0.0,3.6,0
C101103,71,East,Health,Online,3,80375,1755.07,0,0.0,3.9,1
C101104,26,North,Home,Online,10,72793,1086.24,1,3447.1,3.7,1
C101105,35,South,Auto,Partner,8,34957,1686.46,0,0.0,2.6,0
C101106,28,North,Auto,Agent,15,66701,1512.99,0,0.0,3.9,1
C101107,32,West,Home,Branch,0,43358,1315.89,0,0.0,4.5,1
C101108,70,East,Health,Online,11,29872,880.35,1,1660.08,3.8,0
C101109,72,South,Home,Online,15,39079,2066.2,0,0.0,3.7,0
C101110,20,North,Auto,Online,14,29393,2081.9,1,6904.33,3.6,1
C101111,54,Central,Auto,Branch,9,68941,1182.75,0,0.0,3.8,1
C101112,31,East,Health,Online,13,36225,1174.06,0,0.0,4.3,0
C101113,29,West,Health,Partner,0,75186,1816.63,0,0.0,3.8,0
C101114,34,East,Health,Branch,1,54536,2581.87,0,0.0,3.0,0
C101115,29,Central,Auto,Partner,11,44736,350.0,0,0.0,3.7,1
C101116,46,Central,Auto,Agent,4,42962,1387.66,0,0.0,4.2,1
C101117,75,South,Home,Agent,11,83548,933.14,1,4419.53,3.6,1
C101118,52,West,Auto,Online,11,52186,1765.23,0,0.0,3.1,0
C101119,59,South,Home,Agent,10,42922,1732.21,1,3451.92,3.4,1
C101120,46,West,Auto,Agent,14,67362,968.89,0,0.0,3.4,1
C101121,18,South,Auto,Online,3,62540,579.03,0,0.0,3.8,1
C101122,22,North,Auto,Partner,12,34214,1880.29,0,0.0,3.9,1
C101123,33,Central,Life,Online,12,52094,2324.1,1,5060.95,3.6,1
C101124,32,Central,Auto,Online,5,19444,2029.3,0,0.0,3.7,1
C101125,66,South,Auto,Agent,3,51398,1945.77,0,0.0,4.5,1
C101126,66,Central,Home,Agent,9,57656,1963.32,0,0.0,3.5,0
C101127,67,South,Auto,Online,14,60062,759.4,0,0.0,3.9,0
C101128,54,East,Auto,Partner,10,34010,1307.92,0,0.0,2.8,1
C101129,50,Central,Auto,Online,1,38706,1728.17,0,0.0,4.4,1
C101130,55,South,Home,Agent,6,56453,1345.31,0,0.0,3.6,1
C101131,41,East,Health,Online,6,74509,1864.0,0,0.0,3.5,0
C101132,56,West,Life,Online,9,53657,1605.44,0,0.0,3.2,0
C101133,64,North,Home,Agent,9,41954,868.21,0,0.0,3.7,1
C101134,62,East,Health,Branch,15,69464,1669.63,1,3514.01,4.3,0
C101135,53,South,Auto,Agent,13,54324,1051.6,1,439.11,3.9,1
C101136,21,West,Home,Online,8,55217,1561.6,0,0.0,3.8,0
C101137,60,North,Life,Online,2,66359,2119.17,0,0.0,3.5,1
C101138,39,South,Home,Partner,3,50267,1515.9,0,0.0,4.5,1
C101139,61,West,Auto,Online,2,35198,1107.24,0,0.0,3.4,1
C101140,49,North,Home,Agent,8,49217,1033.1,0,0.0,3.9,1
C101141,69,East,Home,Online,2,72018,1334.15,1,1283.14,3.5,0
C101142,37,West,Life,Online,2,86068,2222.4,0,0.0,4.7,1
C101143,72,West,Auto,Online,2,30063,1547.53,0,0.0,3.8,1
C101144,66,North,Home,Online,11,81471,895.12,0,0.0,5.0,1
C101145,37,Central,Home,Agent,4,45396,1747.58,0,0.0,3.9,0
C101146,45,West,Life,Agent,14,52368,1807.36,0,0.0,3.1,1
C101147,48,South,Home,Branch,7,82598,1153.31,0,0.0,4.3,1
C101148,62,West,Life,Online,10,44625,2000.94,0,0.0,4.8,1
C101149,57,West,Auto,Agent,8,47061,1215.81,0,0.0,3.9,1
C101150,67,West,Auto,Agent,14,40430,1186.3,0,0.0,4.3,0
C101151,39,East,Health,Online,2,52682,437.66,0,0.0,5.0,1
C101152,47,West,Home,Online,11,57612,1929.52,0,0.0,4.3,0
C101153,42,Central,Auto,Online,9,39633,1941.21,1,3832.58,2.8,0
C101154,70,East,Health,Online,6,78106,1804.37,0,0.0,3.4,1
C101155,35,Central,Life,Agent,11,38548,2542.97,0,0.0,3.8,0
C101156,52,West,Life,Online,8,60971,2390.59,0,0.0,3.8,1
C101157,24,Central,Home,Agent,10,52478,1172.85,0,0.0,3.3,1
C101158,67,Central,Home,Agent,8,74387,1249.77,0,0.0,4.5,1
C101159,40,South,Auto,Agent,1,37529,1684.73,0,0.0,3.5,1
C101160,37,North,Health,Online,6,62306,1740.74,0,0.0,5.0,1
C101161,51,East,Health,Agent,15,95579,2006.46,0,0.0,3.6,1
C101162,46,East,Home,Agent,1,26051,1840.55,0,0.0,4.1,1
C101163,67,East,Auto,Partner,3,35789,669.83,1,2353.83,4.4,1
C101164,48,West,Auto,Online,11,89512,1112.51,0,0.0,4.4,1
C101165,47,Central,Home,Online,2,49585,2327.47,0,0.0,4.1,1
C101166,24,East,Health,Branch,0,54045,1853.84,0,0.0,4.3,1
C101167,19,West,Life,Online,12,46019,1133.95,0,0.0,4.6,1
C101168,41,South,Health,Online,3,81775,1856.39,0,0.0,4.1,1
C101169,75,East,Life,Partner,3,22955,1080.64,0,0.0,4.0,0
C101170,71,North,Health,Agent,7,74267,1754.66,0,0.0,4.4,1
C101171,54,East,Home,Agent,13,25405,1428.14,0,0.0,3.7,0
C101172,54,East,Home,Online,15,23795,1424.06,0,0.0,3.5,1
C101173,40,West,Auto,Online,4,32434,1151.19,0,0.0,4.9,1
C101174,28,West,Auto,Online,4,49699,1159.96,0,0.0,3.9,0
C101175,18,South,Life,Branch,8,39142,1698.04,0,0.0,3.3,0
C101176,37,North,Auto,Agent,12,38075,1745.24,1,2596.81,3.8,1
C101177,36,North,Home,Agent,1,35303,2670.87,0,0.0,2.8,0
C101178,29,Central,Auto,Partner,6,35615,819.25,0,0.0,4.1,1
C101179,33,Central,Home,Partner,1,35209,1592.23,1,1387.67,3.3,1
C101180,19,South,Auto,Online,3,56228,1006.11,0,0.0,2.8,1
C101181,53,South,Health,Agent,10,40554,2149.64,0,0.0,3.8,1
C101182,71,East,Health,Branch,0,18000,1942.04,0,0.0,3.2,0
C101183,58,West,Auto,Branch,13,51329,1249.59,0,0.0,3.9,0
C101184,43,South,Health,Partner,1,65490,2053.16,0,0.0,3.5,0
C101185,42,North,Life,Branch,13,46981,1577.9,0,0.0,3.3,1
C101186,35,East,Home,Branch,6,29306,1296.44,0,0.0,4.1,0
C101187,26,South,Life,Online,9,65411,2273.9,0,0.0,3.1,1
C101188,52,South,Home,Agent,6,27294,1693.12,0,0.0,3.3,0
C101189,50,North,Home,Agent,5,46219,1492.76,0,0.0,3.8,1
C101190,18,West,Health,Branch,10,51607,1179.34,0,0.0,3.8,1
C101191,42,East,Life,Agent,5,71425,2196.59,1,4604.92,3.3,1
C101192,34,South,Health,Agent,0,62399,1724.54,0,0.0,3.2,0
C101193,27,East,Health,Agent,0,56292,2322.58,0,0.0,3.2,1
C101194,58,East,Home,Partner,4,68751,1835.93,0,0.0,4.0,1
C101195,48,West,Life,Online,3,31156,1831.13,0,0.0,3.9,1
C101196,54,Central,Health,Branch,0,80439,2121.28,0,0.0,4.2,1
C101197,59,North,Auto,Agent,1,18000,1571.18,0,0.0,2.9,1
C101198,74,Central,Health,Agent,13,77700,2624.13,0,0.0,4.1,1
C101199,64,West,Home,Agent,7,36857,1303.98,0,0.0,3.8,1
C101200,53,West,Health,Agent,6,58843,1576.19,0,0.0,3.6,0
C101201,68,South,Home,Branch,14,78072,1725.44,0,0.0,3.8,0
C101202,45,South,Health,Online,9,62097,1822.85,0,0.0,4.0,0
C101203,75,North,Auto,Partner,2,58704,1834.27,1,1517.78,3.5,1
C101204,62,Central,Health,Branch,11,67594,1675.09,0,0.0,3.1,1
C101205,55,West,Health,Agent,11,25361,2287.83,0,0.0,3.4,1
C101206,70,East,Home,Online,4,28061,1428.05,0,0.0,4.0,1
C101207,47,East,Auto,Online,10,56884,822.59,0,0.0,4.0,0
C101208,59,North,Home,Online,2,48443,1583.43,0,0.0,3.4,1
C101209,34,North,Auto,Online,15,46369,933.27,0,0.0,4.4,1
C101210,73,West,Life,Online,9,74288,815.44,0,0.0,4.0,1
C101211,54,East,Home,Partner,4,72727,1948.93,0,0.0,3.9,1
C101212,63,West,Auto,Branch,14,35427,1297.47,0,0.0,4.6,1
C101213,44,West,Life,Branch,8,59964,2716.1,0,0.0,4.0,1
C101214,68,West,Health,Agent,14,23842,1374.22,0,0.0,3.6,1
C101215,22,Central,Health,Agent,1,23409,2593.66,0,0.0,2.7,1
C101216,24,North,Life,Partner,4,35929,2008.41,0,0.0,3.0,0
C101217,47,West,Life,Online,6,51047,1351.62,0,0.0,3.2,1
C101218,60,West,Home,Branch,4,40245,1287.73,1,4910.02,2.6,1
C101219,64,South,Life,Partner,8,60122,2465.55,1,3201.24,3.5,1
C101220,43,South,Auto,Partner,5,51724,1448.11,1,4716.32,2.3,1
C101221,55,South,Auto,Agent,14,72054,1213.11,0,0.0,3.7,1
C101222,50,South,Auto,Partner,3,61821,1172.28,0,0.0,3.7,0
C101223,73,East,Auto,Agent,3,33306,858.21,0,0.0,3.8,1
C101224,55,North,Health,Online,15,68211,3144.66,0,0.0,4.2,0
C101225,42,West,Auto,Online,11,36485,687.03,0,0.0,4.1,1
C101226,74,North,Health,Agent,0,59406,2931.94,0,0.0,4.0,1
C101227,24,North,Auto,Online,13,43139,1271.11,0,0.0,3.5,1
C101228,75,South,Auto,Online,3,75833,1510.83,0,0.0,3.5,1
C101229,26,South,Home,Online,10,65161,1298.3,0,0.0,5.0,1
C101230,34,Central,Auto,Branch,0,39533,1368.96,0,0.0,4.2,0
C101231,65,South,Home,Partner,4,45052,1194.36,0,0.0,4.3,1
C101232,60,South,Home,Partner,13,110848,1466.48,0,0.0,2.9,1
C101233,74,South,Health,Agent,0,29303,1473.89,0,0.0,4.4,1
C101234,61,South,Life,Partner,7,39042,1320.59,0,0.0,2.7,1
C101235,54,West,Life,Agent,6,39922,2106.33,0,0.0,2.8,0
C101236,38,West,Auto,Agent,3,31139,927.26,0,0.0,4.2,1
C101237,18,South,Home,Agent,1,33031,752.12,0,0.0,4.6,1
C101238,25,West,Auto,Online,6,50044,1479.61,0,0.0,3.2,1
C101239,35,East,Health,Agent,5,60578,2517.65,0,0.0,3.1,1
C101240,20,Central,Health,Agent,1,23323,1636.17,1,533.41,3.1,1
C101241,47,East,Home,Partner,11,42974,1057.47,0,0.0,2.4,0
C101242,63,South,Life,Online,1,37528,823.75,0,0.0,4.0,1
C101243,73,West,Home,Online,6,30931,675.03,0,0.0,4.2,1
C101244,46,Central,Home,Agent,15,69924,1101.54,0,0.0,3.4,1
C101245,68,East,Health,Online,5,38230,2273.27,0,0.0,2.6,1
C101246,75,Central,Auto,Partner,11,27342,1050.01,0,0.0,3.4,0
C101247,67,Central,Auto,Agent,7,67843,1038.25,0,0.0,4.5,0
C101248,44,South,Health,Agent,10,74522,1597.1,0,0.0,4.2,1
C101249,36,West,Home,Agent,12,56278,1838.17,0,0.0,3.7,0
C101250,74,West,Auto,Agent,7,35065,1228.27,0,0.0,3.7,1
C101251,32,East,Health,Online,10,47002,2046.99,0,0.0,3.7,1
C101252,41,East,Auto,Agent,7,40209,914.74,0,0.0,4.2,1
C101253,22,Central,Health,Online,5,51111,2533.74,1,1233.96,4.1,0
C101254,64,West,Health,Agent,12,64886,2083.22,0,0.0,3.0,0
C101255,55,East,Auto,Branch,6,51546,1574.45,0,0.0,3.6,1
C101256,22,North,Auto,Online,0,51937,1641.64,0,0.0,3.6,1
C101257,30,East,Auto,Agent,4,42764,946.31,0,0.0,4.3,1
C101258,50,Central,Health,Branch,10,63968,1768.81,0,0.0,4.4,1
C101259,49,West,Life,Agent,10,58629,607.27,0,0.0,3.3,1
C101260,64,North,Auto,Agent,8,18913,1153.93,0,0.0,4.1,1
C101261,33,Central,Health,Agent,7,19933,1769.99,0,0.0,4.1,0
C101262,71,Central,Health,Agent,4,46030,2848.53,0,0.0,3.6,0
C101263,43,East,Home,Agent,0,69472,1635.37,0,0.0,3.7,0
C101264,65,North,Auto,Online,3,73000,2033.13,0,0.0,4.6,1
C101265,31,East,Auto,Agent,15,65733,1387.23,0,0.0,3.5,1
C101266,20,North,Life,Branch,13,49288,1472.98,0,0.0,4.4,0
C101267,21,South,Life,Agent,1,78368,2037.32,0,0.0,4.3,1
C101268,39,West,Health,Partner,14,38995,2263.45,0,0.0,3.9,1
C101269,73,Central,Health,Online,12,45862,1621.41,0,0.0,3.5,1
C101270,20,South,Auto,Agent,1,26423,727.25,1,1680.56,3.7,1
C101271,39,Central,Auto,Agent,6,45784,1141.58,1,2381.38,3.7,0
C101272,24,Central,Auto,Agent,2,36489,1296.07,0,0.0,2.8,1
C101273,72,North,Home,Partner,11,79682,1752.96,0,0.0,4.1,1
C101274,57,South,Auto,Online,10,76138,1901.6,0,0.0,3.6,0
C101275,62,West,Auto,Agent,3,53139,1203.94,0,0.0,4.0,0
C101276,59,West,Auto,Agent,12,60405,862.07,0,0.0,4.5,1
C101277,56,South,Auto,Agent,4,41124,1299.05,0,0.0,2.7,1
C101278,62,West,Health,Branch,7,18000,1907.71,0,0.0,3.2,0
C101279,18,West,Health,Branch,1,38276,879.34,0,0.0,3.0,1
C101280,68,West,Health,Online,14,65463,1289.01,0,0.0,3.4,0
C101281,60,West,Health,Branch,2,59887,1908.35,0,0.0,3.8,0
C101282,60,North,Health,Branch,13,44943,1898.37,0,0.0,3.5,0
C101283,40,North,Home,Agent,13,65311,833.33,0,0.0,2.9,1
C101284,64,North,Auto,Online,2,43525,1121.68,0,0.0,2.9,0
C101285,40,Central,Auto,Partner,1,31451,946.1,0,0.0,2.3,1
C101286,20,Central,Life,Branch,2,65313,1898.6,0,0.0,4.0,1
C101287,70,West,Home,Online,13,40987,1296.52,0,0.0,3.5,1
C101288,31,North,Health,Online,1,70479,1789.15,0,0.0,3.1,1
C101289,23,East,Auto,Branch,9,18000,968.76,0,0.0,3.4,1
C101290,54,North,Auto,Partner,14,41748,1536.98,0,0.0,3.8,1
C101291,31,South,Auto,Agent,4,62749,605.09,0,0.0,3.4,1
C101292,67,South,Life,Partner,8,60890,1660.5,0,0.0,4.2,1
C101293,43,Central,Health,Agent,1,48019,958.41,0,0.0,3.9,1
C101294,18,North,Auto,Agent,15,57172,1637.75,0,0.0,3.6,0
C101295,73,West,Auto,Branch,9,54523,1055.57,1,2810.55,2.9,1
C101296,47,Central,Auto,Online,11,25197,1643.41,0,0.0,4.5,1
C101297,33,West,Auto,Online,4,45455,1021.9,0,0.0,4.2,0
C101298,57,North,Health,Branch,11,56093,2404.56,0,0.0,2.6,1
C101299,48,Central,Health,Online,10,61112,2376.86,0,0.0,4.4,1
C101300,19,West,Life,Online,2,50828,1469.9,0,0.0,4.1,0
C101301,62,East,Home,Online,9,42065,1633.68,1,4014.12,3.9,1
C101302,41,West,Life,Online,1,27979,1055.27,0,0.0,4.2,1
C101303,58,Central,Life,Online,10,65550,2160.56,0,0.0,4.1,1
C101304,69,East,Life,Agent,14,63571,1230.56,0,0.0,4.6,1
C101305,53,East,Life,Partner,13,69770,1910.43,0,0.0,3.6,1
C101306,56,East,Auto,Agent,7,32589,954.98,0,0.0,2.1,1
C101307,32,North,Auto,Branch,14,54196,1101.84,0,0.0,4.0,1
C101308,31,West,Auto,Online,15,39539,1076.37,0,0.0,4.5,1
C101309,42,North,Health,Online,7,52836,1575.31,0,0.0,3.9,0
C101310,67,South,Home,Partner,5,104320,1686.46,0,0.0,3.4,1
C101311,48,South,Auto,Agent,3,68266,2058.75,0,0.0,4.2,1
C101312,38,South,Home,Branch,9,38399,1596.05,0,0.0,3.9,1
C101313,63,East,Home,Agent,6,47453,1406.74,0,0.0,2.7,1
C101314,67,West,Health,Agent,9,45483,1875.79,0,0.0,3.6,1
C101315,70,South,Health,Agent,15,54230,2940.59,1,699.72,2.8,1
C101316,35,North,Auto,Online,1,24569,1806.65,0,0.0,3.9,1
C101317,59,Central,Health,Branch,4,57827,2653.19,0,0.0,3.2,1
C101318,52,Central,Auto,Online,8,18000,976.66,1,634.1,4.6,1
C101319,44,East,Health,Agent,11,21891,2014.8,1,6667.47,2.4,1
C101320,41,South,Auto,Online,14,88030,1611.69,0,0.0,5.0,0
C101321,24,North,Auto,Agent,13,45506,952.9,0,0.0,5.0,1
C101322,33,North,Health,Branch,7,77672,1452.3,0,0.0,3.4,1
C101323,49,South,Health,Agent,8,37417,1933.59,0,0.0,3.4,0
C101324,69,Central,Health,Partner,7,18000,1644.76,0,0.0,4.1,1
C101325,68,West,Life,Online,1,33088,2043.99,0,0.0,4.5,1
C101326,28,South,Auto,Partner,11,100384,1157.58,0,0.0,3.3,1
C101327,57,Central,Life,Branch,13,26608,1665.68,0,0.0,3.5,0
C101328,22,East,Auto,Partner,12,83977,1161.87,1,3891.07,4.4,1
C101329,57,South,Auto,Branch,5,58214,1053.78,0,0.0,4.1,0
C101330,37,East,Life,Agent,13,54157,861.92,0,0.0,3.7,1
C101331,44,South,Home,Agent,3,38525,702.33,0,0.0,3.6,1
C101332,59,Central,Home,Branch,7,35778,1233.08,0,0.0,4.7,1
C101333,42,South,Home,Branch,4,62154,1689.29,0,0.0,3.5,0
C101334,64,West,Health,Agent,7,75747,1296.42,0,0.0,3.3,1
C101335,48,South,Home,Branch,14,55533,2340.07,0,0.0,3.9,1
C101336,75,Central,Auto,Agent,7,65312,926.45,0,0.0,4.2,1
C101337,55,West,Home,Online,12,44339,1808.97,0,0.0,3.4,1
C101338,35,East,Life,Online,15,91116,1083.21,0,0.0,4.0,1
C101339,62,North,Life,Branch,2,56295,1065.93,1,4699.83,3.4,1
C101340,41,Central,Home,Branch,14,88598,1618.19,0,0.0,4.0,1
C101341,48,East,Home,Branch,1,34626,1810.54,0,0.0,4.4,1
C101342,25,South,Health,Agent,9,51190,1621.16,0,0.0,3.9,0
C101343,24,Central,Health,Agent,7,71287,1288.9,0,0.0,4.2,0
C101344,51,North,Life,Online,4,54556,1864.71,1,5198.57,3.2,1
C101345,28,South,Home,Online,10,61319,1166.89,1,4194.32,3.7,1
C101346,75,East,Health,Online,14,34400,2392.22,0,0.0,3.4,1
C101347,67,South,Home,Agent,1,44701,1502.33,0,0.0,3.1,1
C101348,58,East,Auto,Branch,2,36244,1264.34,0,0.0,4.1,1
C101349,60,South,Home,Partner,8,50461,1387.72,0,0.0,3.7,0
C101350,52,North,Home,Online,1,48609,1869.3,1,5446.05,3.9,0
C101351,21,North,Auto,Branch,5,42477,365.39,0,0.0,3.6,1
C101352,40,North,Auto,Agent,6,63382,1683.83,0,0.0,3.3,1
C101353,46,Central,Home,Online,6,32827,1234.58,0,0.0,5.0,1
C101354,71,East,Auto,Branch,10,18000,1049.4,0,0.0,3.3,1
C101355,30,East,Life,Partner,7,41712,1672.41,0,0.0,3.6,1
C101356,46,South,Auto,Agent,0,90743,785.08,0,0.0,4.9,1
C101357,37,West,Auto,Agent,10,61178,1111.78,0,0.0,3.7,1
C101358,25,North,Auto,Online,5,36768,1152.07,0,0.0,3.8,1
C101359,23,South,Home,Online,0,60011,1107.29,0,0.0,3.7,0
C101360,39,West,Health,Online,12,49585,1234.42,0,0.0,2.9,0
C101361,22,East,Life,Online,6,58977,1855.01,0,0.0,3.5,1
C101362,21,West,Life,Branch,10,67853,1313.54,0,0.0,4.2,1
C101363,38,Central,Health,Online,10,55483,2670.54,0,0.0,3.6,0
C101364,29,Central,Auto,Branch,1,54170,955.95,0,0.0,2.5,1
C101365,50,North,Auto,Partner,13,78757,1441.04,0,0.0,3.0,1
C101366,19,North,Life,Branch,3,61714,1694.82,0,0.0,4.0,1
C101367,35,North,Auto,Online,11,55507,1534.49,0,0.0,3.8,1
C101368,44,West,Life,Online,11,52760,1575.22,0,0.0,5.0,1
C101369,73,Central,Life,Agent,1,41814,1883.31,0,0.0,2.9,1
C101370,54,Central,Health,Online,1,29580,1611.99,0,0.0,3.9,0
C101371,69,South,Health,Agent,13,64067,2239.51,1,1240.56,3.2,1
C101372,37,Central,Life,Agent,0,74979,1712.61,0,0.0,3.6,0
C101373,44,East,Home,Agent,3,59701,1355.04,0,0.0,2.8,1
C101374,42,Central,Home,Online,15,62187,1974.77,0,0.0,3.4,0
C101375,69,East,Health,Online,1,36032,742.85,0,0.0,4.5,0
C101376,73,North,Health,Partner,9,41268,1598.83,0,0.0,3.6,1
C101377,73,North,Health,Partner,5,28927,1980.35,0,0.0,4.4,1
C101378,61,Central,Life,Agent,6,47509,1424.89,0,0.0,3.6,1
C101379,47,East,Health,Agent,2,69698,2394.15,0,0.0,4.0,1
C101380,49,South,Home,Branch,9,39446,1287.07,0,0.0,3.5,1
C101381,74,South,Auto,Online,5,50656,350.0,0,0.0,3.8,0
C101382,34,South,Life,Partner,10,64644,1311.92,0,0.0,3.2,1
C101383,38,Central,Health,Online,12,73746,1612.33,0,0.0,4.0,1
C101384,70,North,Home,Branch,7,22353,531.6,1,1612.95,4.5,1
C101385,40,North,Auto,Online,0,43420,1706.59,0,0.0,3.9,1
C101386,31,West,Life,Branch,10,38711,868.64,0,0.0,4.7,0
C101387,50,East,Home,Branch,7,36219,938.63,0,0.0,4.1,0
C101388,36,North,Health,Branch,11,45107,520.45,0,0.0,3.8,0
C101389,69,North,Auto,Agent,12,18000,1203.04,0,0.0,3.2,0
C101390,70,South,Auto,Agent,2,45383,539.74,0,0.0,3.4,1
C101391,35,South,Auto,Agent,1,52630,1319.66,0,0.0,4.2,1
C101392,48,North,Auto,Branch,6,33224,1434.24,1,2490.83,2.8,0
C101393,75,South,Health,Agent,14,43329,2303.98,0,0.0,3.6,0
C101394,61,West,Health,Agent,4,52352,1543.92,0,0.0,4.1,1
C101395,30,Central,Health,Branch,6,54157,1555.59,0,0.0,3.9,1
C101396,52,Central,Home,Online,12,22580,1356.53,0,0.0,5.0,1
C101397,53,South,Health,Branch,12,64605,1596.62,0,0.0,4.1,1
C101398,55,South,Auto,Online,12,65037,1071.78,0,0.0,3.9,0
C101399,19,Central,Life,Branch,15,38636,1932.28,0,0.0,3.5,1
C101400,35,West,Health,Agent,12,82203,1838.8,0,0.0,3.5,1
C101401,67,East,Home,Branch,2,60205,2094.14,0,0.0,3.4,1
C101402,31,South,Life,Online,6,57603,1445.88,1,2842.38,3.9,0
C101403,35,South,Home,Agent,12,64295,1782.4,1,3868.73,5.0,1
C101404,36,East,Health,Online,9,33406,2803.37,0,0.0,3.8,1
C101405,28,East,Health,Partner,2,45638,941.47,0,0.0,3.7,1
C101406,27,North,Life,Online,11,63117,512.38,1,2216.34,3.5,0
C101407,38,Central,Home,Agent,2,37640,1685.72,0,0.0,3.5,1
C101408,68,East,Auto,Online,5,45656,1441.87,0,0.0,3.1,1
C101409,18,East,Health,Branch,15,62818,1378.0,0,0.0,3.4,1
C101410,34,South,Life,Online,15,57577,1306.51,0,0.0,3.6,1
C101411,21,West,Home,Agent,0,52377,2012.79,0,0.0,4.6,0
C101412,50,West,Auto,Online,6,53126,1301.3,0,0.0,3.2,1
C101413,32,North,Health,Agent,5,48852,793.62,0,0.0,3.8,0
C101414,63,East,Health,Online,8,67350,1836.66,1,2867.3,4.0,1
C101415,51,West,Auto,Agent,13,89621,1484.73,0,0.0,3.9,0
C101416,63,Central,Home,Online,13,57268,1275.7,0,0.0,3.3,1
C101417,54,South,Health,Partner,2,75076,1692.9,0,0.0,3.6,1
C101418,43,Central,Auto,Agent,11,44139,1256.31,0,0.0,2.3,0
C101419,67,East,Auto,Agent,0,39732,616.39,0,0.0,4.3,1
C101420,45,North,Life,Online,8,37813,1719.54,0,0.0,4.2,1
C101421,73,North,Life,Online,9,35470,556.95,1,2389.68,3.1,1
C101422,75,South,Home,Branch,6,46716,2233.92,0,0.0,4.4,0
C101423,52,South,Life,Branch,14,67950,2344.18,0,0.0,3.7,1
C101424,57,East,Life,Agent,10,70053,1692.07,0,0.0,4.0,0
C101425,32,West,Health,Branch,15,42826,2160.83,0,0.0,3.8,0
C101426,65,North,Auto,Online,6,46169,791.79,0,0.0,3.7,1
C101427,56,Central,Home,Partner,6,51963,1023.83,0,0.0,3.4,0
C101428,70,North,Health,Agent,9,56214,1094.02,0,0.0,4.5,1
C101429,33,East,Health,Partner,3,62561,1775.43,0,0.0,3.6,1
C101430,63,Central,Life,Branch,12,44815,1163.89,0,0.0,3.4,1
C101431,45,Central,Auto,Online,4,48392,1177.7,0,0.0,3.7,1
C101432,28,West,Life,Agent,1,76384,1481.82,1,606.02,3.6,1
C101433,27,West,Health,Partner,7,46985,1557.38,0,0.0,3.9,1
C101434,50,North,Auto,Online,11,41657,1921.88,0,0.0,4.4,0
C101435,36,North,Life,Agent,8,50460,1868.71,0,0.0,4.0,1
C101436,23,East,Home,Agent,0,53407,1699.44,0,0.0,3.8,1
C101437,42,North,Home,Online,0,24264,1438.49,1,253.67,3.8,0
C101438,55,South,Health,Online,11,44014,2960.9,0,0.0,4.3,0
C101439,36,South,Auto,Branch,15,59559,1352.0,0,0.0,3.0,1
C101440,73,Central,Auto,Partner,3,88081,1381.06,0,0.0,3.5,1
C101441,63,Central,Auto,Agent,15,42480,866.57,0,0.0,3.0,0
C101442,47,Central,Auto,Partner,7,65768,848.97,0,0.0,3.3,1
C101443,72,West,Auto,Online,2,55226,782.02,0,0.0,3.7,1
C101444,43,North,Health,Online,4,72880,1355.28,0,0.0,3.7,1
C101445,26,North,Auto,Online,15,40861,1138.02,0,0.0,3.7,0
C101446,20,West,Health,Agent,5,71857,1327.46,1,1790.52,3.3,1
C101447,72,West,Auto,Agent,13,77237,1337.93,1,4442.54,2.8,0
C101448,73,South,Auto,Online,10,78003,765.99,1,895.04,3.2,1
C101449,60,East,Life,Agent,12,77693,1506.35,1,2361.32,2.4,1
C101450,23,East,Life,Branch,6,55436,1607.38,0,0.0,3.4,1
C101451,35,South,Home,Agent,1,62529,1661.35,0,0.0,3.6,1
C101452,20,South,Auto,Agent,7,44448,1319.12,0,0.0,3.7,1
C101453,20,East,Home,Agent,15,18000,1971.36,0,0.0,4.2,1
C101454,32,West,Auto,Partner,15,56606,923.12,0,0.0,4.3,0
C101455,51,Central,Health,Branch,6,49102,2045.89,0,0.0,3.6,0
C101456,21,East,Life,Partner,1,69335,2066.98,0,0.0,3.4,1
C101457,75,West,Health,Partner,3,67516,1992.7,0,0.0,4.6,1
C101458,44,Central,Life,Partner,6,32881,350.0,0,0.0,3.7,1
C101459,33,North,Home,Online,15,94105,1086.64,0,0.0,3.7,1
C101460,47,West,Auto,Agent,8,58986,1213.07,0,0.0,3.9,1
C101461,63,East,Auto,Agent,7,28885,1155.54,0,0.0,4.3,1
C101462,36,East,Home,Online,13,31406,1891.31,0,0.0,4.2,1
C101463,20,North,Health,Agent,2,18000,2473.87,0,0.0,3.9,1
C101464,20,Central,Auto,Online,4,65746,1053.48,0,0.0,3.8,1
C101465,67,Central,Auto,Agent,11,42516,1116.41,0,0.0,3.5,1
C101466,24,North,Life,Branch,6,36873,1868.59,0,0.0,5.0,1
C101467,54,South,Auto,Agent,9,40409,994.75,0,0.0,2.5,1
C101468,40,North,Life,Partner,13,46589,1815.74,0,0.0,3.6,0
C101469,63,West,Home,Branch,11,62362,1075.76,0,0.0,3.9,0
C101470,21,East,Auto,Branch,8,22400,1110.19,1,3159.03,3.3,1
C101471,70,North,Health,Online,1,32744,2080.59,0,0.0,3.3,1
C101472,58,Central,Home,Partner,13,60371,1082.09,0,0.0,3.4,1
C101473,44,South,Health,Online,1,41307,2206.24,0,0.0,3.5,0
C101474,30,East,Auto,Branch,1,62481,1780.96,0,0.0,4.1,1
C101475,74,South,Auto,Online,3,43046,1066.6,0,0.0,3.8,0
C101476,35,East,Life,Online,4,80347,871.55,0,0.0,3.6,1
C101477,46,East,Home,Online,12,55756,1808.05,0,0.0,4.1,1
C101478,40,South,Health,Branch,8,74073,1263.79,0,0.0,2.8,1
C101479,31,East,Auto,Partner,14,61320,1253.65,0,0.0,3.5,1
C101480,42,Central,Health,Branch,1,62409,1729.7,0,0.0,3.2,0
C101481,26,East,Home,Branch,15,38456,1675.26,0,0.0,3.6,0
C101482,18,Central,Auto,Online,7,73013,1486.11,0,0.0,3.2,1
C101483,34,East,Life,Partner,9,55884,1683.74,1,2358.22,4.0,1
C101484,24,West,Life,Agent,0,34832,844.8,0,0.0,3.2,1
C101485,42,South,Auto,Partner,11,18000,1848.69,0,0.0,3.0,1
C101486,68,West,Life,Branch,8,54519,795.3,0,0.0,3.5,1
C101487,27,South,Home,Agent,11,79142,1733.03,0,0.0,3.5,1
C101488,18,North,Home,Agent,14,35671,899.81,0,0.0,3.9,0
C101489,24,North,Auto,Branch,3,35065,654.84,0,0.0,4.4,1
C101490,47,North,Life,Partner,15,46307,1584.74,0,0.0,3.8,0
C101491,33,Central,Health,Branch,7,71822,1490.07,0,0.0,4.1,1
C101492,46,Central,Home,Partner,5,18938,2024.19,0,0.0,3.4,1
C101493,19,West,Auto,Partner,11,40297,1273.65,0,0.0,3.0,1
C101494,37,North,Auto,Online,0,33896,1457.29,0,0.0,4.1,1
C101495,41,Central,Life,Agent,10,62118,1735.7,0,0.0,4.7,0
C101496,43,West,Health,Agent,14,49431,2093.12,0,0.0,3.5,1
C101497,49,South,Auto,Online,3,45762,1277.29,1,778.91,3.4,1
C101498,63,East,Home,Branch,9,48759,612.89,0,0.0,4.2,1
C101499,45,West,Auto,Online,12,66127,1718.36,0,0.0,4.3,0
C101500,66,North,Life,Branch,9,72189,1051.51,0,0.0,3.5,1
C101501,48,East,Life,Agent,14,70443,2524.22,0,0.0,4.4,1
C101502,33,West,Auto,Branch,13,62357,1253.38,0,0.0,3.3,0
C101503,31,North,Health,Agent,4,76910,527.13,0,0.0,3.7,1
C101504,36,East,Life,Agent,6,35231,1506.56,1,6010.72,2.9,1
C101505,52,East,Life,Online,10,58978,2247.98,1,1818.98,3.7,1
C101506,32,West,Health,Branch,6,94275,2827.82,0,0.0,4.0,1
C101507,71,Central,Home,Agent,6,18939,350.0,1,2352.42,3.2,0
C101508,45,Central,Health,Agent,13,42384,1921.06,0,0.0,3.7,0
C101509,68,West,Auto,Branch,1,33355,1141.09,0,0.0,3.8,1
C101510,57,East,Home,Agent,7,57197,1303.76,0,0.0,3.9,1
C101511,37,West,Auto,Online,6,77881,1322.41,0,0.0,3.6,1
C101512,31,East,Auto,Online,11,61675,783.35,0,0.0,4.8,1
C101513,61,North,Health,Agent,15,48088,1225.27,0,0.0,3.8,1
C101514,37,West,Life,Online,14,61822,1814.15,0,0.0,4.2,1
C101515,32,West,Auto,Online,5,46785,1357.62,0,0.0,3.2,1
C101516,71,East,Auto,Online,6,55498,1574.47,1,2231.02,3.8,1
C101517,45,Central,Auto,Agent,1,63135,1354.03,0,0.0,3.1,1
C101518,20,West,Auto,Agent,14,83551,1525.88,1,1443.08,4.1,1
C101519,46,South,Life,Agent,4,60090,1748.62,0,0.0,3.8,1
C101520,44,North,Health,Agent,5,55919,2047.87,0,0.0,3.4,1
C101521,68,North,Auto,Agent,6,88637,1558.03,0,0.0,3.7,1
C101522,59,South,Life,Agent,14,18000,911.92,0,0.0,4.2,0
C101523,29,East,Auto,Partner,15,50344,1625.26,0,0.0,3.7,0
C101524,26,North,Health,Agent,4,38657,1408.35,0,0.0,3.4,1
C101525,53,North,Home,Branch,10,47709,1669.9,0,0.0,4.0,1
C101526,20,South,Home,Agent,3,62872,1374.39,0,0.0,3.7,1
C101527,36,West,Auto,Agent,7,69652,2173.4,0,0.0,4.5,1
C101528,26,West,Home,Branch,11,42633,1373.68,0,0.0,4.6,1
C101529,19,South,Health,Online,8,64044,2016.75,1,3126.41,2.9,1
C101530,71,North,Home,Partner,14,35842,710.72,0,0.0,3.6,1
C101531,23,North,Auto,Agent,8,28951,841.26,0,0.0,5.0,1
C101532,18,North,Home,Online,12,53275,396.93,0,0.0,4.2,1
C101533,72,South,Health,Agent,7,48066,1432.39,0,0.0,4.2,1
C101534,28,North,Home,Branch,11,78830,1705.88,0,0.0,3.9,0
C101535,65,South,Life,Online,13,90312,1488.89,0,0.0,4.1,1
C101536,19,Central,Life,Online,15,41046,2154.85,0,0.0,2.6,0
C101537,26,East,Home,Partner,5,19392,1955.8,0,0.0,4.1,1
C101538,24,Central,Auto,Agent,8,27391,1219.63,0,0.0,4.6,1
C101539,58,North,Auto,Online,11,36957,1173.24,0,0.0,3.3,1
C101540,53,South,Health,Online,14,55731,2066.63,1,4070.57,3.2,1
C101541,45,Central,Auto,Agent,1,47299,1542.3,0,0.0,3.6,1
C101542,32,South,Home,Agent,0,29347,2301.91,0,0.0,2.8,0
C101543,23,West,Home,Agent,1,84150,997.98,1,1075.7,3.2,0
C101544,51,Central,Health,Partner,2,63931,1782.86,0,0.0,3.0,1
C101545,31,East,Auto,Online,4,83662,1567.07,0,0.0,4.1,1
C101546,52,South,Life,Online,4,19580,1429.06,0,0.0,3.9,0
C101547,57,East,Health,Online,1,74908,2261.28,0,0.0,3.7,1
C101548,67,North,Health,Agent,15,49317,409.96,0,0.0,3.5,1
C101549,46,North,Health,Online,12,44947,2871.86,0,0.0,4.0,0
C101550,18,North,Auto,Agent,3,52438,1051.92,1,1029.85,4.0,1
C101551,34,Central,Home,Branch,6,39409,1780.68,0,0.0,3.5,0
C101552,67,West,Auto,Online,6,49426,1462.66,0,0.0,4.0,1
C101553,48,South,Health,Partner,13,69036,2586.23,1,230.65,4.3,1
C101554,53,South,Auto,Partner,0,18000,1387.75,0,0.0,3.2,0
C101555,44,West,Auto,Agent,13,78952,1307.46,0,0.0,4.4,1
C101556,27,Central,Auto,Partner,1,59063,1139.66,0,0.0,3.5,1
C101557,70,South,Auto,Branch,8,50016,1719.24,0,0.0,4.8,1
C101558,62,South,Life,Agent,9,68841,2334.53,0,0.0,2.3,1
C101559,75,Central,Home,Agent,3,58549,1776.07,0,0.0,3.3,0
C101560,67,Central,Auto,Online,1,43362,838.66,0,0.0,4.0,1
C101561,34,Central,Auto,Agent,6,38089,1167.78,0,0.0,3.9,1
C101562,32,South,Home,Branch,14,78992,1550.28,0,0.0,4.2,0
C101563,32,North,Auto,Agent,9,25378,476.51,0,0.0,3.7,1
C101564,71,East,Health,Agent,14,48456,1744.38,1,1600.25,4.2,1
C101565,50,South,Auto,Branch,5,26612,1026.6,0,0.0,4.2,0
C101566,44,Central,Health,Partner,9,60780,2619.56,0,0.0,3.2,1
C101567,74,North,Life,Online,13,50253,980.99,0,0.0,4.6,1
C101568,52,West,Auto,Online,6,29509,1084.54,0,0.0,4.1,1
C101569,70,Central,Life,Online,15,36358,2186.12,0,0.0,4.3,1
C101570,75,Central,Life,Partner,14,52799,1986.21,0,0.0,4.5,1
C101571,22,West,Life,Agent,9,57131,2024.36,0,0.0,2.8,1
C101572,38,Central,Home,Online,7,18000,1622.16,0,0.0,3.0,1
C101573,60,North,Life,Agent,2,39302,1417.62,0,0.0,4.0,1
C101574,65,South,Health,Agent,3,54888,2453.04,0,0.0,2.4,1
C101575,26,North,Life,Online,14,73777,1400.95,0,0.0,3.8,1
C101576,36,Central,Auto,Partner,5,67107,1357.52,0,0.0,3.9,1
C101577,49,Central,Home,Branch,14,43811,1786.63,0,0.0,3.6,0
C101578,64,North,Health,Online,5,69984,1749.29,0,0.0,4.6,0
C101579,24,North,Auto,Partner,4,46329,1219.75,0,0.0,3.8,0
C101580,52,South,Auto,Online,9,18000,1568.76,0,0.0,5.0,1
C101581,35,South,Auto,Online,4,77936,1203.52,1,5665.09,3.0,0
C101582,30,Central,Health,Agent,6,60238,1565.77,0,0.0,4.2,1
C101583,47,North,Auto,Online,7,55385,1534.71,0,0.0,4.3,1
C101584,42,West,Auto,Agent,13,52148,1758.46,0,0.0,3.7,1
C101585,54,East,Auto,Online,13,57449,1326.21,0,0.0,4.2,1
C101586,36,South,Health,Online,10,52131,1543.21,0,0.0,3.9,0
C101587,65,North,Auto,Partner,15,46796,1143.78,0,0.0,3.0,0
C101588,22,Central,Auto,Online,4,40244,1370.97,0,0.0,4.0,1
C101589,67,West,Auto,Agent,10,53385,1517.75,0,0.0,4.7,1
C101590,19,East,Health,Online,6,36137,2570.76,0,0.0,4.8,1
C101591,60,South,Auto,Branch,6,31436,1112.53,0,0.0,3.3,0
C101592,38,Central,Life,Online,11,56856,1416.25,0,0.0,4.0,1
C101593,40,Central,Auto,Online,5,69640,1229.84,1,1409.44,4.5,0
C101594,19,Central,Auto,Partner,3,37668,1063.55,0,0.0,3.0,1
C101595,58,West,Health,Online,7,40800,2973.08,0,0.0,4.0,1
C101596,27,Central,Life,Partner,1,21475,1866.57,0,0.0,3.2,0
C101597,56,South,Health,Agent,9,28309,2317.76,0,0.0,4.3,1
C101598,60,West,Auto,Branch,11,28989,1302.78,0,0.0,3.9,0
C101599,67,East,Health,Online,2,69537,1779.27,0,0.0,3.4,0
C101600,59,East,Health,Partner,6,20745,1741.08,0,0.0,3.5,1
C101601,35,Central,Health,Online,4,60265,2102.12,0,0.0,4.4,0
C101602,60,Central,Life,Online,1,47226,1495.68,0,0.0,3.7,1
C101603,65,East,Life,Branch,2,62895,1565.83,0,0.0,3.2,1
C101604,36,East,Health,Online,7,72991,2535.52,0,0.0,4.3,1
C101605,25,Central,Auto,Agent,8,51461,1180.8,0,0.0,3.9,1
C101606,69,Central,Health,Agent,8,72407,2012.31,0,0.0,3.8,0
C101607,26,West,Life,Online,1,79897,2219.22,0,0.0,3.6,1
C101608,52,North,Life,Online,0,76234,2002.95,1,3493.51,3.8,1
C101609,31,South,Auto,Agent,1,39901,1307.94,0,0.0,4.1,1
C101610,25,Central,Auto,Agent,12,18000,1050.96,0,0.0,3.3,1
C101611,63,West,Auto,Agent,10,49753,880.1,0,0.0,3.4,1
C101612,26,West,Home,Branch,7,55211,665.66,0,0.0,4.0,1
C101613,56,West,Health,Agent,0,18000,2298.96,0,0.0,3.7,1
C101614,58,East,Auto,Agent,0,53100,971.84,0,0.0,3.7,1
C101615,21,East,Auto,Online,6,18000,972.04,0,0.0,3.5,1
C101616,28,Central,Auto,Online,13,79824,1237.85,0,0.0,4.3,1
C101617,64,South,Life,Online,1,60594,1513.95,1,1790.8,3.1,1
C101618,47,West,Health,Agent,9,37277,2667.78,0,0.0,4.4,1
C101619,25,West,Auto,Online,9,54281,1122.37,0,0.0,4.6,1
C101620,75,Central,Home,Branch,15,56503,1858.73,0,0.0,4.6,1
C101621,33,South,Health,Online,4,60692,2691.45,0,0.0,5.0,1
C101622,18,West,Home,Online,4,53249,2107.68,0,0.0,3.6,1
C101623,71,North,Home,Online,9,69010,530.03,0,0.0,4.6,1
C101624,18,North,Auto,Agent,6,29179,1013.4,0,0.0,3.4,1
C101625,50,East,Auto,Branch,2,49675,1146.01,1,4608.63,2.7,0
C101626,75,North,Auto,Branch,10,84160,1660.5,0,0.0,3.1,1
C101627,51,Central,Home,Partner,15,45669,1324.47,0,0.0,3.3,0
C101628,51,Central,Life,Agent,14,56345,985.06,0,0.0,2.9,1
C101629,40,North,Auto,Online,1,34086,1163.54,0,0.0,5.0,1
C101630,25,Central,Home,Partner,12,90824,1926.28,0,0.0,3.7,1
C101631,51,East,Home,Branch,11,57135,1094.72,0,0.0,4.5,1
C101632,70,West,Life,Online,10,29343,617.7,0,0.0,4.6,1
C101633,23,Central,Health,Online,7,71627,1813.81,0,0.0,3.5,1
C101634,69,East,Auto,Agent,12,32682,868.02,0,0.0,3.8,1
C101635,42,North,Home,Agent,9,64308,1024.91,0,0.0,3.0,1
C101636,49,North,Home,Agent,1,70540,1604.19,0,0.0,3.9,1
C101637,27,East,Home,Online,2,88480,1452.07,0,0.0,4.2,1
C101638,54,Central,Life,Partner,11,56029,790.32,0,0.0,4.7,0
C101639,28,East,Health,Agent,6,52879,1885.63,0,0.0,3.7,1
C101640,33,South,Home,Branch,9,18000,1686.48,0,0.0,4.2,0
C101641,59,North,Auto,Online,12,43780,1613.26,0,0.0,3.6,1
C101642,20,Central,Health,Agent,4,39143,1280.51,0,0.0,4.6,0
C101643,43,South,Auto,Partner,14,48746,566.02,0,0.0,4.2,1
C101644,52,West,Auto,Online,3,42638,955.99,0,0.0,3.1,1
C101645,25,West,Auto,Agent,7,66152,1201.56,0,0.0,3.2,1
C101646,35,South,Home,Online,4,41928,1133.77,0,0.0,3.9,1
C101647,37,North,Life,Agent,11,60560,1382.6,0,0.0,3.9,1
C101648,56,South,Auto,Branch,1,49920,1254.51,0,0.0,3.4,0
C101649,74,South,Health,Branch,5,40791,1329.26,0,0.0,3.9,1
C101650,66,West,Auto,Branch,4,39155,1411.24,1,2163.73,2.3,1
C101651,29,Central,Health,Online,11,56194,1848.72,1,807.15,3.2,0
C101652,19,South,Auto,Branch,1,76673,847.76,0,0.0,3.2,0
C101653,21,East,Health,Agent,10,38845,1925.66,0,0.0,4.4,0
C101654,52,North,Life,Online,10,52856,1294.2,0,0.0,3.5,1
C101655,27,South,Health,Partner,11,60709,2071.96,0,0.0,2.7,1
C101656,31,West,Home,Online,8,51643,2287.03,0,0.0,4.4,0
C101657,67,West,Home,Online,10,20316,1378.23,0,0.0,4.4,0
C101658,68,West,Auto,Branch,2,60622,828.81,0,0.0,2.9,1
C101659,66,North,Auto,Online,8,24885,1500.55,0,0.0,3.9,1
C101660,32,East,Auto,Online,11,25134,1107.13,0,0.0,3.1,1
C101661,53,East,Health,Online,3,28515,1854.58,0,0.0,3.7,1
C101662,53,Central,Life,Partner,2,49088,1126.53,1,2745.42,3.2,1
C101663,28,West,Health,Online,4,34655,1142.32,1,498.93,4.4,0
C101664,50,Central,Health,Agent,7,26162,1726.26,0,0.0,4.4,1
C101665,48,North,Auto,Online,0,58840,1229.71,0,0.0,3.5,1
C101666,40,East,Auto,Agent,14,51515,1421.36,0,0.0,4.0,1
C101667,61,West,Life,Online,10,65638,2404.56,0,0.0,3.7,0
C101668,57,South,Auto,Partner,12,38869,1326.63,0,0.0,4.1,1
C101669,48,West,Home,Branch,13,50856,2163.72,0,0.0,3.8,1
C101670,60,East,Auto,Partner,9,66406,1755.76,0,0.0,3.5,1
C101671,62,Central,Auto,Branch,12,28360,1089.56,0,0.0,4.4,1
C101672,50,North,Auto,Online,9,40091,865.19,1,1113.31,3.6,0
C101673,33,Central,Life,Online,12,69870,1406.06,0,0.0,4.9,1
C101674,61,East,Auto,Agent,1,52352,1482.74,0,0.0,3.4,1
C101675,59,East,Home,Agent,13,49290,1872.71,0,0.0,4.1,1
C101676,75,East,Auto,Agent,6,51305,1780.84,0,0.0,3.3,1
C101677,26,South,Health,Online,7,74014,2224.1,0,0.0,4.3,0
C101678,42,Central,Health,Branch,4,51567,2675.26,0,0.0,4.6,1
C101679,71,Central,Health,Online,6,52820,2392.47,0,0.0,4.3,0
C101680,47,Central,Auto,Agent,7,51699,1032.49,0,0.0,4.7,1
C101681,72,Central,Auto,Partner,5,22913,1261.52,0,0.0,3.2,1
C101682,18,West,Life,Online,15,61047,1232.51,0,0.0,4.3,1
C101683,20,East,Health,Online,8,37219,1848.29,0,0.0,3.8,1
C101684,64,Central,Auto,Online,12,29280,1571.04,0,0.0,3.3,1
C101685,38,North,Health,Agent,15,20564,1117.84,0,0.0,3.7,1
C101686,48,Central,Auto,Agent,9,24302,1491.42,0,0.0,4.5,1
C101687,42,East,Health,Partner,5,18000,2291.25,0,0.0,3.7,0
C101688,41,West,Health,Partner,11,33549,1864.32,0,0.0,4.1,0
C101689,72,South,Auto,Branch,0,44176,1825.26,0,0.0,3.2,0
C101690,23,South,Health,Branch,11,71103,1084.58,0,0.0,4.3,1
C101691,62,North,Health,Online,0,53093,2324.9,0,0.0,3.9,1
C101692,69,East,Life,Partner,7,56563,1843.57,0,0.0,3.7,1
C101693,56,East,Home,Agent,4,75029,1025.9,0,0.0,3.9,1
C101694,40,South,Health,Online,13,18000,1997.38,0,0.0,5.0,1
C101695,27,South,Home,Partner,10,59050,2149.91,0,0.0,4.6,1
C101696,57,East,Auto,Agent,9,57668,1284.22,1,4045.82,3.0,0
C101697,45,South,Home,Online,10,66826,1925.32,0,0.0,4.1,1
C101698,26,Central,Auto,Branch,11,19667,888.98,0,0.0,3.6,1
C101699,38,North,Auto,Online,2,41668,815.95,0,0.0,3.9,0
C101700,73,East,Health,Online,0,35242,1459.67,0,0.0,3.6,0
C101701,33,North,Auto,Online,14,28818,1607.66,0,0.0,4.1,0
C101702,28,East,Home,Agent,8,93628,1787.25,0,0.0,4.6,1
C101703,57,East,Health,Online,10,41811,3032.17,1,1498.04,3.0,1
C101704,29,West,Auto,Online,5,68690,1068.35,0,0.0,3.7,1
C101705,71,East,Health,Agent,13,64703,2237.58,0,0.0,3.7,1
C101706,67,East,Health,Online,0,26076,1775.16,1,1174.17,3.2,1
C101707,75,North,Home,Agent,7,42548,1840.74,0,0.0,3.5,0
C101708,70,East,Home,Agent,10,53085,1397.36,0,0.0,3.1,1
C101709,32,South,Auto,Online,7,59118,783.02,1,4339.04,4.2,0
C101710,30,West,Home,Online,14,57953,1408.48,0,0.0,3.1,1
C101711,37,East,Auto,Online,0,83557,1192.9,0,0.0,5.0,0
C101712,45,West,Auto,Agent,11,68387,751.62,0,0.0,3.7,0
C101713,69,East,Health,Branch,14,63825,2023.14,0,0.0,3.3,1
C101714,60,South,Auto,Online,1,69429,939.08,0,0.0,3.3,1
C101715,55,South,Auto,Online,10,76350,922.68,0,0.0,4.3,0
C101716,68,North,Auto,Online,0,40786,1020.98,0,0.0,3.7,1
C101717,55,East,Home,Agent,9,23568,1631.81,0,0.0,4.9,1
C101718,39,Central,Life,Online,5,41080,1444.71,1,3141.66,3.5,1
C101719,41,West,Life,Branch,13,27275,1277.91,0,0.0,4.3,1
C101720,47,East,Auto,Branch,3,34306,1597.31,1,3737.27,3.3,0
C101721,23,South,Health,Online,5,53797,2480.87,0,0.0,3.5,1
C101722,61,Central,Home,Agent,0,42038,1270.01,0,0.0,4.1,1
C101723,55,North,Auto,Partner,11,63665,1021.32,0,0.0,4.6,1
C101724,60,South,Health,Online,0,57465,1401.96,1,1790.07,3.0,1
C101725,48,Central,Auto,Agent,10,58565,930.84,0,0.0,3.0,1
C101726,63,South,Health,Agent,5,29231,2882.9,0,0.0,3.6,1
C101727,73,North,Home,Online,15,36203,1322.4,0,0.0,2.2,1
C101728,51,South,Auto,Branch,2,18000,898.93,0,0.0,3.8,1
C101729,43,West,Auto,Online,10,62225,1060.35,0,0.0,3.3,1
C101730,24,North,Home,Online,3,86599,2300.32,0,0.0,3.6,0
C101731,63,West,Health,Agent,0,55218,2927.02,0,0.0,3.7,1
C101732,70,East,Auto,Partner,13,56819,1479.8,0,0.0,4.7,1
C101733,58,South,Auto,Online,14,42431,1676.8,0,0.0,4.1,0
C101734,68,South,Life,Agent,15,48102,1963.03,1,1856.5,4.7,1
C101735,67,Central,Health,Online,2,74944,2728.43,0,0.0,4.4,0
C101736,64,South,Health,Agent,12,53634,1334.8,0,0.0,4.0,1
C101737,47,West,Health,Agent,7,63507,1731.59,0,0.0,5.0,0
C101738,23,East,Life,Agent,3,75415,1270.75,0,0.0,4.0,1
C101739,18,North,Auto,Partner,6,71808,1196.11,0,0.0,3.9,1
C101740,29,East,Auto,Branch,2,52582,1287.86,0,0.0,4.1,0
C101741,42,East,Health,Online,9,53905,2660.16,1,737.71,5.0,1
C101742,61,East,Home,Partner,9,45046,2054.38,0,0.0,4.0,1
C101743,44,Central,Auto,Online,2,60981,979.18,0,0.0,3.8,1
C101744,19,Central,Auto,Branch,12,44560,930.93,1,1353.77,2.5,0
C101745,30,West,Auto,Branch,9,58302,1251.38,0,0.0,4.0,1
C101746,74,East,Health,Branch,10,70689,2473.67,0,0.0,3.2,1
C101747,75,East,Home,Agent,2,21650,1361.88,0,0.0,2.8,1
C101748,39,West,Health,Branch,12,18565,1596.9,0,0.0,3.7,0
C101749,64,South,Auto,Agent,5,51196,1498.3,0,0.0,4.6,1
C101750,59,Central,Home,Agent,7,64039,1356.3,0,0.0,4.3,1
C101751,72,Central,Auto,Partner,2,57164,1131.61,0,0.0,4.1,1
C101752,69,South,Home,Online,15,30204,1804.98,1,7539.79,4.3,1
C101753,54,Central,Auto,Online,8,68195,1313.98,0,0.0,3.0,1
C101754,40,Central,Life,Agent,12,86349,1704.26,0,0.0,3.4,0
C101755,54,East,Health,Online,9,36364,959.94,0,0.0,4.1,1
C101756,36,Central,Home,Branch,0,38950,1017.97,0,0.0,3.1,1
C101757,38,North,Auto,Online,11,52461,1235.08,0,0.0,4.1,1
C101758,53,North,Auto,Agent,5,49736,1829.9,0,0.0,3.5,1
C101759,51,South,Home,Branch,9,73655,902.53,0,0.0,4.6,1
C101760,51,East,Health,Partner,8,57105,2138.84,0,0.0,2.9,1
C101761,40,South,Home,Branch,12,46751,1719.2,0,0.0,2.7,1
C101762,41,Central,Health,Online,3,41386,1899.64,0,0.0,4.4,1
C101763,18,South,Health,Online,15,24504,2812.66,0,0.0,4.0,0
C101764,52,South,Life,Branch,6,76651,1423.31,0,0.0,4.4,1
C101765,51,West,Health,Partner,11,63298,2273.63,1,3120.11,3.0,1
C101766,72,North,Life,Agent,10,50371,2552.98,0,0.0,4.9,1
C101767,47,West,Health,Agent,9,53957,1939.58,0,0.0,4.2,1
C101768,45,South,Auto,Agent,8,50062,1658.39,0,0.0,3.7,0
C101769,21,Central,Home,Agent,9,20220,1257.25,0,0.0,3.8,1
C101770,29,West,Auto,Agent,13,26418,1486.22,0,0.0,3.6,1
C101771,37,North,Auto,Online,4,48324,1326.54,0,0.0,3.4,1
C101772,39,North,Auto,Online,4,48019,1859.97,0,0.0,3.7,0
C101773,39,North,Health,Agent,15,51782,1825.93,0,0.0,3.9,1
C101774,40,Central,Health,Agent,14,82556,1601.63,0,0.0,3.7,1
C101775,62,West,Auto,Online,6,46846,971.03,0,0.0,3.0,0
C101776,25,East,Auto,Partner,5,38270,1202.96,0,0.0,4.3,1
C101777,37,South,Auto,Online,11,52954,350.0,0,0.0,2.5,1
C101778,27,Central,Auto,Branch,14,26857,1340.9,0,0.0,2.8,1
C101779,35,South,Auto,Branch,15,54800,1601.23,0,0.0,4.1,1
C101780,57,West,Auto,Branch,3,38953,1842.28,0,0.0,3.5,0
C101781,20,West,Life,Branch,3,56051,1473.16,1,8110.78,3.9,1
C101782,37,South,Home,Branch,8,48755,1128.63,0,0.0,3.7,1
C101783,19,East,Auto,Agent,2,49453,962.5,0,0.0,4.5,1
C101784,73,South,Auto,Agent,14,63277,1083.64,0,0.0,3.3,0
C101785,60,South,Auto,Partner,5,65219,690.53,0,0.0,4.0,0
C101786,32,Central,Auto,Agent,4,88596,1161.86,0,0.0,4.5,1
C101787,29,West,Health,Branch,15,64498,1284.56,0,0.0,4.0,1
C101788,23,Central,Life,Online,13,47590,1399.45,0,0.0,4.4,1
C101789,45,East,Home,Agent,15,40613,1810.91,0,0.0,4.0,1
C101790,61,South,Health,Online,8,58243,2801.88,0,0.0,4.4,1
C101791,51,West,Auto,Branch,12,78306,672.1,0,0.0,3.2,1
C101792,69,East,Home,Agent,6,67413,1579.3,0,0.0,3.9,1
C101793,37,North,Life,Online,1,39179,1878.26,0,0.0,3.7,1
C101794,34,East,Auto,Agent,10,60147,1739.91,1,2315.98,3.4,1
C101795,45,West,Life,Branch,1,55996,517.0,0,0.0,2.6,1
C101796,29,West,Auto,Partner,3,70884,2019.02,0,0.0,4.1,1
C101797,74,South,Home,Online,4,57425,1361.32,0,0.0,4.3,1
C101798,28,Central,Auto,Online,10,56752,1271.59,0,0.0,4.5,1
C101799,45,South,Health,Branch,12,30737,2781.12,0,0.0,3.5,1
C101800,48,South,Auto,Agent,2,66257,1072.52,0,0.0,3.1,1
C101801,21,South,Health,Online,11,26969,1659.99,0,0.0,4.5,1
C101802,45,Central,Health,Branch,11,53613,2055.71,0,0.0,3.4,1
C101803,44,South,Health,Partner,9,42086,2091.38,0,0.0,3.5,0
C101804,33,East,Home,Online,9,41024,1250.02,0,0.0,4.1,1
C101805,25,South,Auto,Agent,6,62487,1607.4,0,0.0,3.2,1
C101806,20,West,Home,Online,2,51942,1247.82,0,0.0,3.5,1
C101807,18,West,Auto,Partner,2,18000,742.0,0,0.0,3.6,1
C101808,45,South,Home,Branch,1,48439,1444.06,0,0.0,4.4,1
C101809,23,Central,Auto,Agent,7,45010,1149.24,0,0.0,3.4,1
C101810,73,North,Health,Partner,9,74634,2501.1,0,0.0,3.6,1
C101811,32,North,Health,Online,2,29637,2385.54,0,0.0,4.7,1
C101812,55,East,Life,Branch,1,86505,662.93,0,0.0,3.8,1
C101813,57,West,Health,Branch,11,67421,1165.41,0,0.0,4.0,0
C101814,46,South,Auto,Branch,10,46995,1243.53,0,0.0,4.1,1
C101815,69,East,Home,Branch,14,44460,1184.71,0,0.0,3.5,1
C101816,24,South,Auto,Online,15,40511,1341.45,0,0.0,4.7,1
C101817,31,East,Auto,Online,15,57749,1386.42,1,3185.44,4.0,0
C101818,32,West,Health,Online,1,37819,1982.72,1,7760.64,3.6,0
C101819,25,Central,Home,Partner,5,49888,1774.58,1,406.08,3.4,1
C101820,35,East,Life,Agent,7,32441,2023.02,0,0.0,3.3,0
C101821,36,West,Life,Agent,11,64830,1605.07,0,0.0,3.8,0
C101822,62,East,Auto,Online,14,55051,1309.36,0,0.0,4.0,0
C101823,35,South,Auto,Agent,13,43576,899.68,0,0.0,3.6,1
C101824,68,South,Home,Agent,14,47648,1012.39,0,0.0,4.3,1
C101825,62,Central,Auto,Agent,0,39528,1848.96,0,0.0,3.7,1
C101826,70,South,Health,Agent,0,57639,1648.03,0,0.0,4.0,0
C101827,24,West,Life,Online,6,29409,1860.36,0,0.0,3.9,0
C101828,75,North,Auto,Online,12,68235,1198.91,0,0.0,4.4,0
C101829,53,Central,Health,Partner,5,55119,2298.54,0,0.0,3.7,0
C101830,74,North,Life,Agent,3,43924,1987.1,0,0.0,4.0,0
C101831,38,Central,Home,Agent,3,62578,1719.07,0,0.0,2.8,1
C101832,73,West,Life,Partner,11,58995,1898.28,0,0.0,3.6,1
C101833,52,North,Health,Agent,12,33179,2226.67,0,0.0,3.7,1
C101834,22,West,Auto,Agent,5,75533,1776.67,0,0.0,4.2,1
C101835,41,West,Home,Agent,0,18000,1152.81,0,0.0,3.6,1
C101836,25,South,Home,Online,3,71612,350.0,0,0.0,3.6,0
C101837,72,South,Life,Online,4,49063,1213.79,0,0.0,4.1,1
C101838,35,West,Health,Partner,7,69830,2581.81,0,0.0,3.6,1
C101839,30,West,Health,Agent,6,77928,1970.68,0,0.0,4.5,1
C101840,50,South,Auto,Online,2,44306,1826.48,0,0.0,4.1,0
C101841,42,Central,Auto,Branch,15,45152,1234.31,0,0.0,3.8,1
C101842,23,South,Life,Online,6,57663,1827.8,0,0.0,3.5,1
C101843,65,North,Life,Agent,3,31594,1432.81,0,0.0,3.0,1
C101844,67,East,Health,Branch,6,46030,1707.92,0,0.0,3.6,1
C101845,61,North,Life,Online,11,44501,2342.45,0,0.0,4.2,1
C101846,53,South,Auto,Online,15,30649,1495.45,1,4686.58,4.0,1
C101847,41,East,Life,Agent,7,43555,1283.37,0,0.0,4.0,1
C101848,49,South,Health,Branch,8,65555,1750.82,0,0.0,3.7,1
C101849,48,South,Home,Partner,4,64256,1586.23,0,0.0,4.2,0
C101850,27,West,Home,Branch,11,48810,1002.57,1,1187.53,3.3,1
C101851,22,East,Health,Online,10,53123,1714.24,0,0.0,3.3,0
C101852,32,Central,Life,Online,2,46524,1860.1,0,0.0,3.5,0
C101853,44,East,Health,Agent,8,20295,2242.48,0,0.0,3.9,1
C101854,27,East,Life,Branch,15,33699,1543.53,0,0.0,3.8,1
C101855,24,South,Auto,Online,3,69262,1473.22,0,0.0,4.6,1
C101856,67,West,Auto,Online,7,73550,990.95,0,0.0,4.5,0
C101857,39,South,Home,Online,10,36550,1212.99,0,0.0,3.3,1
C101858,51,South,Home,Agent,1,72144,1483.63,0,0.0,3.4,1
C101859,48,Central,Life,Branch,8,30388,1820.06,0,0.0,3.8,1
C101860,60,West,Auto,Partner,9,42691,940.44,0,0.0,3.1,1
C101861,60,West,Auto,Online,8,49861,1406.87,0,0.0,3.7,1
C101862,35,North,Health,Agent,5,47083,2049.98,0,0.0,4.0,0
C101863,67,North,Life,Agent,12,39541,2177.13,1,419.15,3.8,1
C101864,39,East,Life,Agent,4,54281,1137.06,0,0.0,3.9,1
C101865,66,West,Life,Online,8,65976,1343.33,0,0.0,3.9,0
C101866,41,East,Health,Online,5,25832,1971.06,0,0.0,4.7,1
C101867,24,North,Life,Online,13,54272,2265.9,0,0.0,3.2,1
C101868,62,North,Auto,Branch,7,69368,1636.66,0,0.0,4.3,1
C101869,19,East,Life,Agent,6,44571,1803.07,0,0.0,4.0,1
C101870,62,West,Health,Agent,4,42156,1584.37,0,0.0,3.8,1
C101871,20,North,Health,Agent,8,36685,1302.09,0,0.0,3.8,1
C101872,29,North,Health,Agent,12,88006,1855.51,1,3556.75,3.6,1
C101873,52,South,Home,Online,9,78877,1826.4,0,0.0,2.9,1
C101874,72,North,Auto,Online,2,46692,1784.72,0,0.0,3.7,1
C101875,41,East,Auto,Online,0,73245,1243.44,0,0.0,4.2,0
C101876,24,North,Home,Online,2,42530,1544.71,0,0.0,3.1,1
C101877,31,West,Life,Partner,14,49199,1710.95,0,0.0,4.4,1
C101878,69,West,Health,Partner,1,32921,1771.44,0,0.0,4.0,1
C101879,60,Central,Auto,Branch,2,18824,1439.44,0,0.0,4.6,0
C101880,23,Central,Home,Agent,6,41557,517.58,0,0.0,3.6,1
C101881,40,South,Auto,Branch,2,44350,1096.1,0,0.0,3.7,1
C101882,33,North,Auto,Agent,1,59678,1602.06,0,0.0,3.5,0
C101883,28,South,Auto,Agent,2,63789,1158.45,0,0.0,3.0,1
C101884,67,West,Health,Online,0,49791,1969.68,0,0.0,4.0,1
C101885,53,North,Auto,Partner,8,34160,1299.42,0,0.0,4.1,0
C101886,28,South,Auto,Branch,4,40157,1707.45,0,0.0,4.8,1
C101887,55,South,Auto,Online,4,80640,1195.91,0,0.0,3.8,0
C101888,41,South,Home,Agent,15,63325,1719.35,0,0.0,3.3,1
C101889,21,West,Auto,Branch,14,77611,1441.04,0,0.0,3.6,1
C101890,44,West,Auto,Partner,0,83985,1133.89,0,0.0,3.5,0
C101891,28,East,Health,Agent,14,40166,1510.83,1,1423.86,4.5,1
C101892,32,Central,Home,Agent,1,66763,852.95,0,0.0,3.3,1
C101893,68,North,Home,Online,9,35761,1169.05,0,0.0,4.5,1
C101894,59,North,Health,Agent,9,70599,1647.22,0,0.0,4.0,1
C101895,25,South,Home,Online,9,66901,923.64,1,2291.2,4.3,0
C101896,67,West,Home,Online,7,18000,1480.75,1,2734.42,3.5,1
C101897,51,East,Home,Agent,10,59250,1589.62,0,0.0,3.1,1
C101898,68,North,Health,Agent,1,36582,530.92,0,0.0,4.8,1
C101899,61,Central,Auto,Branch,7,45873,350.0,0,0.0,4.0,1
C101900,37,South,Auto,Agent,14,40126,838.65,1,578.52,4.4,1
C101901,49,South,Auto,Online,8,68343,823.49,0,0.0,4.9,1
C101902,48,West,Health,Agent,10,39697,2046.67,0,0.0,3.5,1
C101903,59,Central,Life,Branch,1,28977,1746.94,0,0.0,4.0,1
C101904,32,West,Auto,Agent,7,37464,1249.77,0,0.0,4.2,1
C101905,37,Central,Health,Agent,1,48139,1296.23,0,0.0,3.7,1
C101906,32,North,Life,Online,8,59384,2243.53,0,0.0,4.4,0
C101907,35,West,Health,Online,5,73526,2203.42,0,0.0,4.6,0
C101908,27,Central,Auto,Partner,12,61245,1144.96,0,0.0,3.4,0
C101909,20,East,Life,Online,12,62508,1906.49,0,0.0,4.9,1
C101910,72,South,Auto,Agent,1,65293,1451.16,0,0.0,3.8,1
C101911,22,Central,Auto,Online,5,66712,1271.4,0,0.0,3.9,0
C101912,69,North,Health,Agent,14,70601,1651.5,0,0.0,3.6,0
C101913,18,East,Auto,Branch,0,97092,512.44,1,6389.87,2.8,1
C101914,63,Central,Home,Branch,1,66416,1793.31,0,0.0,4.6,1
C101915,37,Central,Auto,Partner,14,57157,977.5,0,0.0,3.7,1
C101916,48,Central,Home,Online,7,43626,1453.64,0,0.0,3.3,0
C101917,34,Central,Auto,Online,9,57579,1113.35,0,0.0,4.4,1
C101918,46,North,Life,Partner,3,72770,790.0,0,0.0,3.1,1
C101919,44,Central,Auto,Agent,6,30071,1453.32,0,0.0,3.6,0
C101920,48,East,Life,Branch,10,74655,1687.76,0,0.0,3.8,1
C101921,40,West,Auto,Agent,4,44319,1219.84,1,6276.41,2.3,0
C101922,49,South,Life,Online,13,47825,2301.57,0,0.0,4.3,1
C101923,65,Central,Home,Partner,14,61392,1072.52,1,1602.02,3.7,0
C101924,43,East,Health,Online,9,42519,1894.54,1,2229.75,3.1,1
C101925,38,Central,Auto,Agent,4,60259,1759.97,0,0.0,5.0,1
C101926,25,South,Health,Online,3,31261,1037.46,0,0.0,3.5,1
C101927,38,North,Health,Agent,0,67767,1799.66,1,5245.92,2.3,0
C101928,25,East,Health,Agent,12,55528,2765.53,0,0.0,3.6,1
C101929,28,North,Health,Online,14,51934,1920.72,0,0.0,3.6,0
C101930,73,West,Life,Partner,15,56945,1846.81,0,0.0,4.0,1
C101931,23,South,Life,Online,15,51637,1902.68,0,0.0,3.6,0
C101932,45,East,Health,Agent,2,59948,2595.98,0,0.0,3.7,0
C101933,66,North,Auto,Online,11,48269,1209.17,0,0.0,4.3,0
C101934,73,North,Auto,Branch,4,46765,1141.29,0,0.0,3.6,0
C101935,26,West,Home,Agent,2,20177,1647.54,0,0.0,3.2,0
C101936,27,South,Life,Agent,8,76568,1862.48,0,0.0,3.9,0
C101937,39,South,Health,Branch,10,31066,1684.14,0,0.0,3.5,1
C101938,50,South,Auto,Branch,11,81078,1257.82,0,0.0,4.1,1
C101939,73,South,Auto,Partner,7,47638,1685.83,0,0.0,3.2,1
C101940,30,West,Health,Partner,2,73915,2198.29,0,0.0,3.5,1
C101941,27,North,Life,Online,1,70760,350.0,0,0.0,4.1,0
C101942,32,South,Home,Branch,0,69320,1395.36,0,0.0,3.9,1
C101943,68,West,Auto,Online,12,52836,2059.67,0,0.0,4.4,0
C101944,19,East,Auto,Online,9,30496,1502.5,1,3761.98,3.3,1
C101945,40,East,Auto,Agent,5,48724,1874.21,0,0.0,3.1,1
C101946,24,South,Home,Agent,12,46339,756.5,0,0.0,4.7,1
C101947,27,Central,Home,Agent,5,50161,1121.34,0,0.0,3.3,1
C101948,71,East,Auto,Agent,4,29901,1024.47,0,0.0,3.4,0
C101949,18,South,Auto,Agent,12,46847,1591.33,0,0.0,4.0,1
C101950,36,Central,Life,Partner,9,18000,1791.79,0,0.0,3.9,1
C101951,71,West,Home,Online,10,46595,1570.54,0,0.0,4.1,0
C101952,53,West,Health,Agent,12,54264,1655.37,0,0.0,3.3,1
C101953,22,Central,Health,Online,5,37926,2170.48,0,0.0,3.6,1
C101954,44,North,Life,Online,0,47137,2856.9,0,0.0,4.0,0
C101955,74,Central,Home,Partner,10,54926,1628.24,0,0.0,4.2,0
C101956,41,West,Life,Online,5,70231,1148.6,0,0.0,3.5,0
C101957,48,South,Auto,Online,15,70983,1158.03,0,0.0,3.8,0
C101958,48,South,Auto,Agent,4,57497,1234.8,1,3455.87,3.4,1
C101959,56,North,Auto,Online,12,51471,1324.84,0,0.0,3.7,1
C101960,28,Central,Life,Agent,11,58393,1489.1,0,0.0,3.1,1
C101961,66,North,Home,Partner,11,84399,1240.2,0,0.0,4.0,1
C101962,75,South,Auto,Branch,10,61027,1323.82,1,155.71,3.0,1
C101963,26,West,Life,Agent,1,56691,957.04,1,982.66,3.9,0
C101964,65,West,Life,Branch,13,71312,642.55,0,0.0,3.4,1
C101965,65,North,Auto,Partner,4,52865,1076.75,0,0.0,4.7,1
C101966,61,Central,Home,Online,8,36639,1408.09,0,0.0,4.2,0
C101967,39,East,Home,Branch,4,60265,1901.83,0,0.0,2.9,1
C101968,45,Central,Auto,Agent,3,55066,1411.36,0,0.0,3.7,1
C101969,66,North,Home,Branch,6,48065,1299.32,1,978.97,3.5,1
C101970,26,North,Auto,Online,6,61787,1342.94,0,0.0,3.8,1
C101971,66,West,Life,Branch,14,19374,2610.76,0,0.0,4.7,1
C101972,71,North,Home,Branch,6,42268,1309.45,0,0.0,4.7,1
C101973,57,East,Life,Branch,15,36184,1360.66,0,0.0,3.6,1
C101974,37,North,Home,Online,10,38053,1431.48,1,2833.51,4.5,0
C101975,50,West,Auto,Online,10,49228,1244.17,0,0.0,3.6,0
C101976,20,Central,Health,Branch,15,35620,1817.55,1,2359.58,2.9,1
C101977,72,Central,Home,Agent,15,82185,2168.52,0,0.0,4.3,0
C101978,37,Central,Auto,Partner,7,60130,1499.53,1,6414.22,3.2,0
C101979,21,Central,Home,Agent,6,37701,1676.39,0,0.0,4.1,1
C101980,64,East,Auto,Online,10,20672,997.19,1,2022.37,3.9,1
C101981,56,South,Auto,Branch,3,41498,1260.23,0,0.0,3.4,1
C101982,54,Central,Health,Branch,2,46065,2352.68,0,0.0,4.0,1
C101983,21,Central,Home,Agent,5,40571,901.65,0,0.0,4.6,0
C101984,61,Central,Health,Branch,9,97765,1996.97,0,0.0,3.7,1
C101985,54,West,Home,Online,15,22224,1518.72,0,0.0,4.1,1
C101986,64,South,Health,Online,11,52919,1482.56,0,0.0,3.6,1
C101987,65,Central,Home,Online,4,49661,1796.44,0,0.0,4.2,0
C101988,30,Central,Home,Online,12,47516,1226.49,1,4084.99,3.1,1
C101989,30,West,Health,Branch,8,18000,2178.07,0,0.0,4.0,0
C101990,71,Central,Health,Online,15,51230,2454.41,0,0.0,3.5,1
C101991,48,East,Health,Partner,9,55247,1437.75,0,0.0,3.6,0
C101992,43,Central,Auto,Online,15,64774,1565.69,0,0.0,2.9,0
C101993,34,North,Home,Branch,12,60698,1167.9,0,0.0,3.2,1
C101994,55,Central,Auto,Agent,8,73929,1123.55,0,0.0,3.0,1
C101995,61,North,Life,Online,12,18000,1688.78,0,0.0,3.6,0
C101996,18,South,Home,Agent,13,47770,1768.06,0,0.0,4.0,0
C101997,50,North,Health,Partner,3,97081,2358.86,0,0.0,3.2,1
C101998,75,East,Life,Partner,11,71082,802.09,1,6455.04,2.9,0
C101999,34,South,Home,Online,15,25838,1211.51,0,0.0,3.6,1
C102000,34,Central,Auto,Agent,8,53586,1176.73,0,0.0,3.9,0
C102001,68,East,Home,Online,7,33147,1360.56,1,3727.28,2.9,1
C102002,21,Central,Life,Agent,0,44232,1885.14,0,0.0,3.5,0
C102003,41,South,Auto,Online,11,87994,1314.87,0,0.0,4.7,1
C102004,44,North,Auto,Partner,15,69253,922.58,0,0.0,3.6,1
C102005,64,West,Health,Agent,9,24641,1424.66,0,0.0,4.2,1
C102006,25,West,Health,Online,15,38226,2900.8,0,0.0,3.3,1
C102007,43,East,Health,Partner,2,52015,2409.35,0,0.0,4.5,1
C102008,26,Central,Health,Branch,8,47242,1783.84,0,0.0,2.5,1
C102009,63,Central,Home,Online,12,57638,1465.64,1,2180.92,2.3,1
C102010,54,East,Auto,Branch,5,38061,770.7,1,3016.18,3.8,1
C102011,46,Central,Health,Agent,13,45408,2349.3,0,0.0,3.6,1
C102012,40,West,Life,Agent,1,37852,935.52,0,0.0,3.7,1
C102013,26,West,Health,Online,13,45383,1118.72,0,0.0,3.5,1
C102014,71,South,Health,Online,0,64670,2673.05,0,0.0,4.2,1
C102015,55,North,Auto,Online,1,57341,1125.59,1,4200.22,2.8,1
C102016,36,South,Auto,Branch,12,39377,1505.14,0,0.0,4.4,0
C102017,42,West,Health,Online,15,72381,2077.82,0,0.0,5.0,1
C102018,60,West,Health,Agent,6,71147,2551.63,0,0.0,2.7,1
C102019,59,South,Home,Partner,3,51980,1521.47,0,0.0,4.1,1
C102020,44,West,Health,Partner,9,47355,2126.59,0,0.0,4.8,0
C102021,35,South,Life,Branch,4,83726,2507.49,0,0.0,3.9,1
C102022,56,South,Life,Branch,4,80925,1175.01,0,0.0,3.4,1
C102023,56,Central,Auto,Partner,0,24731,1375.24,1,371.95,2.9,0
C102024,52,East,Auto,Branch,9,73497,563.49,0,0.0,4.0,0
C102025,22,South,Life,Agent,2,83028,1778.75,0,0.0,4.0,1
C102026,45,East,Auto,Online,12,63820,1830.5,1,750.28,3.1,1
C102027,53,South,Auto,Online,3,43595,1476.59,0,0.0,4.3,0
C102028,73,West,Auto,Agent,14,45778,1589.38,0,0.0,3.9,0
C102029,48,Central,Home,Online,10,82791,692.24,0,0.0,2.7,0
C102030,37,East,Auto,Online,7,67038,1225.9,0,0.0,4.2,1
C102031,50,East,Auto,Online,6,61851,1447.6,0,0.0,2.8,1
C102032,28,South,Health,Agent,4,93990,1512.65,0,0.0,3.4,1
C102033,23,East,Home,Agent,1,33861,350.0,0,0.0,4.4,1
C102034,57,South,Auto,Online,1,50367,852.99,0,0.0,4.0,1
C102035,75,North,Home,Agent,9,55420,1836.57,0,0.0,3.4,1
C102036,67,Central,Health,Online,13,48191,2340.42,0,0.0,4.3,1
C102037,51,East,Health,Agent,11,18873,1388.03,0,0.0,3.5,0
C102038,20,East,Auto,Online,13,70070,1184.45,1,4856.41,4.2,1
C102039,75,North,Auto,Branch,11,38478,1181.9,0,0.0,3.4,1
C102040,44,Central,Auto,Partner,5,38156,1011.77,0,0.0,3.5,1
C102041,34,North,Life,Online,14,45537,1309.01,0,0.0,4.1,1
C102042,69,East,Auto,Branch,3,47856,1250.65,0,0.0,4.5,1
C102043,61,Central,Life,Partner,4,49813,1774.79,0,0.0,3.8,1
C102044,61,East,Auto,Partner,10,69347,1798.59,0,0.0,4.0,0
C102045,34,Central,Health,Branch,0,73039,1198.58,1,1113.35,3.4,0
C102046,75,South,Health,Agent,12,47332,1445.24,0,0.0,4.5,1
C102047,44,West,Home,Online,4,41233,1577.1,0,0.0,2.9,1
C102048,48,Central,Auto,Online,11,49689,1559.3,0,0.0,3.1,1
C102049,61,East,Auto,Online,11,35914,1696.12,0,0.0,3.4,1
C102050,56,West,Health,Agent,1,51489,1946.73,0,0.0,4.2,1
C102051,27,South,Auto,Partner,5,34970,1241.96,0,0.0,4.0,1
C102052,35,West,Home,Online,15,90290,1790.56,0,0.0,4.5,1
C102053,38,Central,Home,Agent,14,54303,1634.0,0,0.0,4.0,1
C102054,72,West,Auto,Partner,8,42319,1451.5,1,2254.11,4.1,1
C102055,59,Central,Life,Online,6,64706,2673.62,0,0.0,4.2,0
C102056,39,East,Auto,Online,9,29823,862.74,0,0.0,4.3,0
C102057,60,East,Life,Online,11,39192,1415.78,0,0.0,3.0,1
C102058,60,South,Life,Online,0,59628,2090.24,0,0.0,4.6,1
C102059,40,West,Home,Agent,5,54437,797.64,0,0.0,3.8,0
C102060,41,Central,Life,Agent,0,70878,1360.65,0,0.0,4.4,1
C102061,69,West,Home,Agent,8,18000,1323.49,0,0.0,4.5,1
C102062,50,South,Auto,Online,2,66726,610.59,0,0.0,4.0,0
C102063,26,East,Auto,Branch,14,42219,1717.34,0,0.0,3.4,1
C102064,59,West,Auto,Online,6,30935,1684.32,0,0.0,4.5,1
C102065,52,Central,Health,Agent,14,20983,2085.88,0,0.0,3.3,1
C102066,47,North,Health,Online,15,41998,1474.71,1,4140.17,3.9,1
C102067,60,North,Health,Branch,4,80620,1292.3,1,5187.56,2.3,1
C102068,70,East,Home,Agent,11,69444,1810.3,0,0.0,4.0,0
C102069,37,North,Health,Online,0,81419,2000.56,0,0.0,4.3,1
C102070,42,Central,Auto,Agent,15,49951,1100.2,0,0.0,4.2,1
C102071,28,East,Auto,Agent,12,53922,2020.57,1,483.22,3.3,0
C102072,55,East,Life,Branch,10,23573,1928.87,0,0.0,3.4,1
C102073,41,South,Auto,Partner,9,23570,1039.44,1,3172.49,3.9,1
C102074,37,East,Auto,Online,1,49362,1047.27,0,0.0,4.5,0
C102075,58,Central,Auto,Agent,4,27229,1287.12,0,0.0,2.6,0
C102076,41,East,Life,Online,11,36570,1328.56,0,0.0,3.8,1
C102077,44,North,Auto,Branch,3,52779,1540.03,0,0.0,3.7,0
C102078,43,South,Home,Online,10,74902,1687.98,0,0.0,3.5,0
C102079,32,Central,Auto,Agent,13,52177,785.51,0,0.0,4.4,0
C102080,25,Central,Auto,Partner,14,27514,1584.3,0,0.0,3.9,0
C102081,65,South,Home,Agent,1,19208,898.53,0,0.0,3.7,1
C102082,23,West,Health,Branch,8,54158,1322.81,0,0.0,3.6,0
C102083,36,North,Home,Online,2,40677,1114.63,0,0.0,4.0,1
C102084,56,East,Auto,Partner,3,54091,967.39,1,555.75,3.3,1
C102085,25,North,Life,Branch,14,48325,2191.19,1,451.89,3.0,1
C102086,56,Central,Health,Agent,11,50732,956.2,0,0.0,3.5,1
C102087,60,Central,Life,Online,10,73628,2276.81,0,0.0,3.5,1
C102088,56,North,Auto,Agent,12,70965,1224.11,0,0.0,3.7,1
C102089,35,East,Health,Branch,1,58639,2087.02,0,0.0,4.2,1
C102090,19,North,Auto,Online,8,35887,1348.19,0,0.0,3.1,0
C102091,69,South,Home,Partner,3,42078,1151.41,0,0.0,3.8,1
C102092,36,North,Home,Branch,1,65738,879.68,0,0.0,4.9,0
C102093,64,South,Health,Partner,14,75425,2574.58,0,0.0,4.0,0
C102094,29,Central,Auto,Online,6,29073,591.44,0,0.0,4.0,1
C102095,27,North,Auto,Agent,3,79495,1113.37,0,0.0,4.6,0
C102096,63,Central,Auto,Online,13,37965,1465.73,0,0.0,2.7,1
C102097,72,North,Life,Online,11,64038,851.35,1,2758.64,4.6,1
C102098,67,East,Auto,Online,4,102419,866.27,0,0.0,3.4,1
C102099,61,East,Auto,Online,13,23385,1479.7,0,0.0,4.1,1
C102100,32,Central,Auto,Branch,11,61094,667.09,0,0.0,3.0,0
C102101,70,South,Auto,Online,4,46349,1331.91,0,0.0,3.0,0
C102102,56,North,Life,Online,4,60050,1578.52,0,0.0,3.7,1
C102103,27,West,Auto,Agent,2,40858,1401.92,0,0.0,3.8,1
C102104,25,West,Life,Branch,5,18000,2403.03,0,0.0,3.9,0
C102105,68,West,Home,Branch,4,38431,1308.29,0,0.0,4.4,1
C102106,33,North,Health,Agent,5,58246,2368.8,0,0.0,2.7,1
C102107,62,South,Health,Online,3,76286,916.81,0,0.0,3.7,0
C102108,26,Central,Home,Agent,2,59300,1645.14,0,0.0,2.8,0
C102109,34,West,Home,Agent,11,78510,1234.08,0,0.0,3.8,1
C102110,34,West,Auto,Online,5,43118,649.13,1,798.29,4.9,1
C102111,34,South,Life,Online,1,41654,639.95,0,0.0,4.6,1
C102112,57,South,Health,Partner,11,58175,1290.6,0,0.0,3.2,1
C102113,71,Central,Auto,Online,3,45250,1443.51,1,8318.82,3.7,1
C102114,70,West,Health,Online,6,72205,1910.78,0,0.0,3.6,1
C102115,61,North,Home,Online,13,26699,2008.27,0,0.0,4.8,1
C102116,29,Central,Health,Partner,4,67529,1873.43,0,0.0,4.1,1
C102117,73,East,Health,Agent,2,73744,1554.19,0,0.0,3.0,1
C102118,49,South,Auto,Partner,11,58572,1445.38,1,1648.61,3.7,1
C102119,49,South,Health,Branch,1,68429,2099.59,0,0.0,3.8,1
C102120,58,West,Auto,Branch,8,40315,1724.41,0,0.0,3.9,1
C102121,62,South,Life,Online,13,37035,1228.22,1,2861.55,3.8,1
C102122,73,East,Auto,Agent,6,58340,1253.31,0,0.0,4.4,1
C102123,51,West,Life,Branch,2,39000,1723.73,1,399.24,3.8,0
C102124,53,South,Home,Partner,12,57409,1054.25,0,0.0,3.9,1
C102125,61,Central,Home,Partner,11,57429,505.41,0,0.0,3.6,1
C102126,32,South,Life,Partner,6,50787,1086.54,0,0.0,3.7,1
C102127,35,East,Auto,Agent,2,57081,874.34,0,0.0,3.5,1
C102128,54,West,Health,Agent,8,63425,2424.56,1,1519.86,3.1,0
C102129,21,West,Auto,Agent,12,50200,1251.05,1,5780.68,2.9,1
C102130,36,East,Auto,Agent,0,43416,1930.37,0,0.0,3.9,1
C102131,59,West,Health,Online,7,66808,2044.79,0,0.0,4.7,0
C102132,74,Central,Home,Online,5,56919,1994.61,0,0.0,4.2,1
C102133,48,Central,Home,Online,5,60119,1341.66,0,0.0,3.4,0
C102134,41,Central,Auto,Online,3,62486,1007.22,0,0.0,3.3,1
C102135,43,South,Home,Online,10,54674,1665.96,0,0.0,4.3,1
C102136,57,East,Auto,Branch,14,45804,1550.82,1,2673.26,3.2,0
C102137,49,East,Auto,Agent,1,40897,1214.09,0,0.0,3.6,1
C102138,19,North,Auto,Agent,0,50408,1075.35,0,0.0,3.5,1
C102139,49,West,Health,Branch,6,60672,2319.46,0,0.0,3.0,1
C102140,41,South,Health,Agent,11,61511,1861.69,0,0.0,4.1,0
C102141,58,South,Auto,Agent,1,54590,1114.77,0,0.0,3.4,1
C102142,68,South,Auto,Agent,12,58339,1729.49,0,0.0,3.0,1
C102143,73,South,Health,Online,11,32117,2241.27,0,0.0,4.0,1
C102144,53,South,Home,Agent,5,43641,2192.74,0,0.0,3.8,0
C102145,39,West,Auto,Branch,5,64076,819.06,0,0.0,4.7,1
C102146,43,East,Home,Online,4,36998,1210.47,0,0.0,3.8,1
C102147,28,South,Health,Partner,11,54543,2536.44,0,0.0,2.6,1
C102148,72,South,Health,Online,2,52928,2645.57,1,3506.82,4.3,1
C102149,67,Central,Auto,Agent,5,49950,993.43,1,3666.09,3.9,0
C102150,67,North,Life,Partner,4,64218,1369.31,0,0.0,3.3,1
C102151,37,East,Health,Branch,5,56089,2702.52,0,0.0,5.0,0
C102152,36,East,Health,Agent,14,30446,2133.26,0,0.0,3.5,1
C102153,67,East,Life,Agent,0,61291,1246.99,0,0.0,4.5,1
C102154,49,Central,Life,Online,0,42872,1689.0,0,0.0,4.0,1
C102155,58,West,Home,Branch,6,27450,1533.52,1,4231.2,4.4,0
C102156,46,Central,Home,Agent,7,65361,967.16,0,0.0,3.4,0
C102157,43,Central,Auto,Online,15,30655,1475.21,0,0.0,3.8,0
C102158,54,South,Home,Online,4,45616,1654.08,0,0.0,3.6,1
C102159,65,South,Auto,Partner,8,57283,370.38,0,0.0,3.1,0
C102160,37,South,Life,Online,11,50681,2597.32,1,378.74,3.1,1
C102161,64,South,Health,Partner,11,40763,699.81,0,0.0,2.8,0
C102162,32,East,Auto,Online,5,34113,691.34,0,0.0,4.4,1
C102163,41,South,Health,Agent,13,38319,2147.25,0,0.0,4.3,1
C102164,70,South,Home,Agent,5,32606,1018.72,0,0.0,4.4,0
C102165,73,South,Health,Agent,6,49723,2156.47,1,2297.1,3.2,1
C102166,71,West,Home,Agent,0,42183,2388.86,0,0.0,2.9,0
C102167,36,West,Auto,Agent,15,27182,1144.83,0,0.0,3.2,0
C102168,66,Central,Auto,Agent,14,46794,906.73,0,0.0,4.0,1
C102169,72,South,Health,Branch,3,40422,3238.72,0,0.0,3.4,0
C102170,74,South,Health,Agent,8,56826,1912.51,0,0.0,3.1,1
C102171,19,Central,Home,Agent,13,58518,1391.57,0,0.0,4.6,1
C102172,61,West,Life,Agent,1,76155,1149.25,0,0.0,3.3,1
C102173,75,East,Home,Online,10,63660,2058.84,0,0.0,4.7,0
C102174,62,East,Health,Online,12,32412,1717.9,0,0.0,3.6,1
C102175,31,North,Health,Online,10,18000,1519.67,0,0.0,3.6,0
C102176,62,Central,Life,Branch,12,24663,1971.5,0,0.0,3.7,1
C102177,24,West,Home,Partner,3,42954,1557.97,0,0.0,3.6,0
C102178,45,East,Home,Online,7,23057,1285.25,0,0.0,4.2,1
C102179,54,East,Auto,Online,10,40910,1114.41,0,0.0,4.1,1
C102180,44,South,Home,Partner,15,52581,1110.94,1,793.06,4.1,1
C102181,58,South,Auto,Agent,0,41863,1559.27,0,0.0,3.0,1
C102182,31,West,Home,Agent,3,57017,1050.23,0,0.0,3.2,1
C102183,53,East,Life,Branch,5,41047,2404.55,0,0.0,4.3,1
C102184,55,North,Life,Agent,13,38285,1873.48,0,0.0,3.2,0
C102185,54,South,Auto,Agent,12,82744,1293.52,0,0.0,3.7,1
C102186,34,Central,Home,Partner,13,51405,855.83,0,0.0,3.1,1
C102187,35,South,Auto,Agent,10,54016,929.96,1,1532.37,4.0,1
C102188,32,East,Health,Branch,8,67196,1154.47,0,0.0,3.0,1
C102189,44,West,Home,Online,6,67787,1325.13,0,0.0,3.7,1
C102190,51,Central,Health,Online,8,45411,2100.83,0,0.0,3.4,1
C102191,39,West,Auto,Partner,1,70827,350.0,0,0.0,3.9,0
C102192,41,Central,Home,Partner,1,43920,1187.7,0,0.0,3.9,1
C102193,34,North,Home,Branch,1,70292,1978.52,0,0.0,4.4,0
C102194,30,Central,Health,Online,2,29791,1560.69,0,0.0,4.0,0
C102195,56,Central,Health,Branch,5,46479,2445.91,0,0.0,3.4,1
C102196,65,East,Home,Online,6,56007,2101.48,0,0.0,4.0,1
C102197,34,West,Health,Agent,15,58494,833.2,1,889.36,3.8,1
C102198,67,South,Auto,Branch,14,36815,1117.89,0,0.0,4.2,0
C102199,51,East,Health,Agent,12,22322,1882.07,0,0.0,3.8,0
C102200,27,South,Home,Agent,3,60286,580.38,0,0.0,4.2,0
C102201,39,North,Auto,Branch,8,48279,1490.62,0,0.0,3.7,1
C102202,18,Central,Auto,Partner,7,44967,867.14,0,0.0,3.2,0
C102203,20,South,Life,Online,10,81779,1844.74,0,0.0,3.4,1
C102204,37,East,Life,Online,1,46726,1601.95,0,0.0,3.7,1
C102205,44,South,Health,Agent,0,42695,2291.81,0,0.0,3.6,1
C102206,64,South,Home,Online,4,19598,1437.24,0,0.0,3.8,1
C102207,25,South,Life,Online,1,32510,2219.02,0,0.0,4.7,0
C102208,66,South,Health,Online,5,67765,2257.44,0,0.0,4.0,0
C102209,31,West,Auto,Online,6,38942,552.28,0,0.0,4.4,0
C102210,26,Central,Health,Agent,15,63313,740.92,0,0.0,4.0,0
C102211,58,East,Life,Partner,10,28735,1735.55,0,0.0,4.2,1
C102212,62,Central,Home,Branch,3,36354,1393.68,0,0.0,3.2,0
C102213,53,West,Auto,Agent,9,35895,743.91,1,1299.57,3.7,1
C102214,24,West,Life,Online,1,60582,1998.92,0,0.0,4.7,0
C102215,24,South,Home,Branch,15,48186,648.2,1,627.65,3.2,1
C102216,40,North,Health,Agent,0,32009,2271.6,0,0.0,3.4,0
C102217,44,Central,Life,Branch,3,64861,858.7,0,0.0,3.4,1
C102218,75,East,Home,Agent,8,60897,1028.1,0,0.0,4.2,1
C102219,34,East,Home,Branch,10,58128,1440.55,1,1770.96,3.1,1
C102220,29,Central,Life,Online,8,57314,1255.67,0,0.0,3.7,1
C102221,72,South,Auto,Branch,15,36629,1600.45,1,6101.06,3.2,1
C102222,26,West,Home,Branch,3,74654,1674.91,0,0.0,3.2,0
C102223,19,South,Health,Agent,15,50181,1497.5,0,0.0,3.0,1
C102224,42,Central,Life,Partner,3,56824,1085.27,0,0.0,3.7,0
C102225,41,South,Life,Online,11,58893,1547.51,0,0.0,4.4,1
C102226,53,North,Home,Online,5,34992,1402.77,0,0.0,3.1,1
C102227,68,West,Home,Branch,10,86135,1212.35,1,1904.77,3.6,1
C102228,72,North,Home,Agent,0,51513,1785.66,0,0.0,4.8,0
C102229,34,Central,Auto,Online,11,52601,1331.19,1,1924.94,3.4,0
C102230,74,West,Health,Online,13,44575,1528.25,1,5801.03,3.9,1
C102231,54,South,Auto,Online,5,72700,1300.11,0,0.0,4.1,0
C102232,22,South,Home,Online,12,73459,2174.51,1,1174.51,3.2,0
C102233,72,Central,Home,Agent,8,54849,1775.33,0,0.0,3.8,1
C102234,26,West,Health,Online,5,25615,1733.48,0,0.0,3.1,0
C102235,52,Central,Auto,Agent,9,49040,662.66,0,0.0,3.7,1
C102236,63,North,Health,Agent,9,50830,1621.33,1,7540.8,4.6,1
C102237,32,Central,Health,Branch,5,43870,1474.16,0,0.0,5.0,1
C102238,33,East,Life,Partner,5,34300,1976.34,0,0.0,3.0,1
C102239,45,West,Life,Online,7,24024,1174.05,0,0.0,3.2,1
C102240,69,South,Health,Online,0,78481,2384.32,0,0.0,4.4,1
C102241,30,North,Home,Online,9,65349,1634.42,0,0.0,3.9,1
C102242,56,Central,Auto,Online,9,52620,1319.62,0,0.0,4.3,1
C102243,44,Central,Auto,Agent,8,40304,938.45,1,3623.86,3.7,1
C102244,24,South,Health,Online,11,58482,1695.16,0,0.0,3.5,0
C102245,59,Central,Home,Branch,7,55674,1639.15,0,0.0,4.6,0
C102246,66,North,Auto,Partner,5,44779,1395.83,0,0.0,2.9,1
C102247,51,North,Auto,Online,12,59014,1758.46,0,0.0,3.8,0
C102248,28,North,Health,Online,3,61223,1007.78,0,0.0,3.8,0
C102249,27,South,Auto,Branch,0,64372,429.94,0,0.0,3.2,0
C102250,42,North,Health,Branch,4,36014,1683.25,0,0.0,3.5,1
C102251,47,South,Health,Online,11,59763,1398.86,0,0.0,4.0,1
C102252,50,North,Life,Agent,5,73196,1663.93,0,0.0,3.9,1
C102253,32,West,Auto,Online,2,57335,953.0,1,2540.9,4.0,1
C102254,47,Central,Auto,Agent,7,91748,1947.66,0,0.0,4.9,0
C102255,35,West,Auto,Branch,3,48753,869.38,0,0.0,3.8,1
C102256,57,South,Auto,Online,12,21081,906.57,0,0.0,3.8,0
C102257,64,West,Home,Online,1,36720,1164.19,0,0.0,3.8,0
C102258,55,South,Health,Agent,3,39953,898.59,0,0.0,3.0,0
C102259,18,West,Auto,Agent,12,62054,1729.41,0,0.0,4.1,1
C102260,75,East,Life,Partner,11,66973,1177.6,0,0.0,3.5,1
C102261,19,South,Home,Agent,3,54450,1810.93,0,0.0,4.5,1
C102262,75,North,Auto,Branch,15,57267,794.12,0,0.0,3.4,1
C102263,19,Central,Auto,Branch,1,86471,655.07,0,0.0,3.8,0
C102264,47,Central,Life,Branch,2,37040,1338.71,0,0.0,4.3,0
C102265,24,West,Home,Online,3,50688,1268.28,0,0.0,3.9,1
C102266,23,Central,Life,Online,8,43856,1250.45,0,0.0,4.2,1
C102267,57,Central,Auto,Agent,8,30870,945.81,1,4056.1,3.9,1
C102268,60,South,Home,Online,5,18000,1364.83,1,2445.87,3.3,1
C102269,24,West,Auto,Online,3,75337,1659.02,0,0.0,4.9,1
C102270,74,South,Auto,Online,9,38244,1316.58,0,0.0,3.0,1
C102271,36,East,Home,Partner,6,47493,1496.78,0,0.0,3.7,1
C102272,36,North,Home,Branch,14,59751,1104.8,0,0.0,3.7,0
C102273,35,Central,Auto,Branch,1,30580,1419.8,0,0.0,4.3,0
C102274,44,West,Auto,Partner,14,36981,834.79,0,0.0,3.6,0
C102275,28,South,Home,Branch,13,51609,1193.13,0,0.0,3.0,0
C102276,42,South,Auto,Agent,7,44111,918.21,0,0.0,3.8,0
C102277,30,East,Auto,Agent,11,29034,1556.22,0,0.0,4.0,1
C102278,20,West,Auto,Branch,12,62929,1246.67,0,0.0,3.4,0
C102279,39,Central,Auto,Partner,14,43644,1836.73,0,0.0,3.3,1
C102280,56,South,Home,Branch,8,54462,1466.37,0,0.0,3.7,1
C102281,62,East,Auto,Agent,1,53025,1176.18,0,0.0,3.0,1
C102282,38,East,Health,Branch,12,69453,1438.82,0,0.0,4.0,1
C102283,36,South,Home,Agent,2,58355,1299.38,0,0.0,3.6,0
C102284,63,East,Auto,Agent,14,36473,690.53,0,0.0,3.5,1
C102285,57,North,Health,Online,13,72920,1944.26,1,2757.71,4.3,1
C102286,66,North,Auto,Online,11,43481,987.97,0,0.0,4.4,1
C102287,70,East,Home,Online,5,37351,1373.0,1,2103.91,3.0,1
C102288,65,Central,Home,Branch,0,34684,1635.57,0,0.0,3.5,0
C102289,72,South,Home,Online,6,18000,1162.39,0,0.0,3.8,0
C102290,42,South,Health,Partner,3,41047,572.18,0,0.0,4.2,1
C102291,40,West,Home,Online,15,59140,1426.23,0,0.0,3.9,0
C102292,36,Central,Health,Online,12,27486,1771.47,1,442.5,3.8,0
C102293,31,East,Health,Agent,2,82755,2633.83,0,0.0,3.7,0
C102294,61,North,Auto,Online,0,18000,1922.57,0,0.0,4.2,1
C102295,59,West,Auto,Online,14,37903,1266.12,0,0.0,3.0,0
C102296,64,East,Auto,Online,8,25224,1483.51,1,2035.06,4.4,1
C102297,27,West,Auto,Agent,11,68525,1216.44,0,0.0,3.9,1
C102298,46,South,Life,Online,9,63745,834.15,0,0.0,3.2,1
C102299,30,North,Life,Agent,4,47211,1296.3,0,0.0,2.9,1
C102300,69,South,Auto,Online,13,26408,972.94,1,4937.72,3.7,1
C102301,33,West,Life,Online,3,30428,1792.75,1,1036.02,3.5,1
C102302,26,South,Home,Online,12,56500,1690.17,1,2721.81,3.5,1
C102303,51,South,Health,Online,15,39829,2739.58,0,0.0,4.0,1
C102304,68,East,Life,Branch,1,41883,1608.84,1,8107.58,3.9,1
C102305,71,West,Home,Agent,12,50672,2096.99,0,0.0,3.4,0
C102306,23,North,Health,Agent,10,44574,739.7,0,0.0,2.6,1
C102307,36,West,Auto,Partner,12,20506,1393.4,0,0.0,3.8,1
C102308,26,West,Auto,Online,12,28044,1318.84,0,0.0,3.9,1
C102309,35,South,Life,Partner,14,28480,1825.04,0,0.0,3.9,1
C102310,48,Central,Auto,Branch,1,38904,1387.37,0,0.0,3.4,0
C102311,34,Central,Auto,Branch,4,53622,1311.5,0,0.0,3.7,0
C102312,21,South,Auto,Partner,7,52880,1092.29,1,2275.32,4.3,1
C102313,47,North,Health,Online,14,73359,2689.58,0,0.0,3.7,1
C102314,21,South,Health,Agent,10,26674,1741.79,0,0.0,3.5,0
C102315,31,South,Life,Agent,9,57515,830.03,1,1294.43,3.6,0
C102316,18,East,Health,Branch,5,37841,2117.21,1,3862.65,4.1,1
C102317,23,Central,Life,Online,1,87559,1611.09,0,0.0,3.4,1
C102318,43,Central,Health,Online,5,50094,2332.86,0,0.0,4.1,1
C102319,67,South,Health,Partner,7,41891,2428.26,0,0.0,3.2,1
C102320,62,East,Auto,Agent,1,56937,981.14,1,2506.19,4.1,1
C102321,23,North,Auto,Online,2,55547,746.69,0,0.0,3.2,1
C102322,20,East,Life,Online,12,45161,1511.34,0,0.0,3.4,0
C102323,37,North,Home,Agent,3,62691,2068.98,0,0.0,3.3,1
C102324,55,Central,Health,Online,3,79187,1583.02,0,0.0,3.8,0
C102325,61,Central,Life,Online,1,68527,2182.24,0,0.0,3.0,1
C102326,65,South,Home,Partner,6,49320,946.13,0,0.0,4.5,1
C102327,37,West,Auto,Online,0,83980,1100.62,0,0.0,3.8,1
C102328,27,East,Health,Online,8,60678,1809.66,0,0.0,3.7,0
C102329,19,Central,Home,Branch,1,32241,2035.69,1,829.68,3.5,1
C102330,26,East,Home,Online,1,52988,1784.13,0,0.0,4.2,0
C102331,21,South,Auto,Online,15,48098,1430.14,0,0.0,3.5,0
C102332,67,West,Auto,Agent,6,42255,1451.92,0,0.0,4.5,1
C102333,33,North,Health,Branch,4,57659,1573.32,0,0.0,3.6,1
C102334,65,East,Auto,Agent,2,18178,857.85,0,0.0,3.2,1
C102335,50,South,Auto,Branch,7,80856,2090.11,0,0.0,2.9,1
C102336,49,West,Health,Branch,3,63015,1872.49,0,0.0,3.4,1
C102337,44,Central,Health,Agent,3,18855,2341.52,0,0.0,2.8,1
C102338,65,North,Auto,Agent,5,62802,1261.94,0,0.0,3.0,1
C102339,20,East,Health,Branch,2,59979,2762.88,0,0.0,3.2,0
C102340,23,West,Auto,Online,7,78375,1197.26,0,0.0,4.7,0
C102341,42,North,Health,Agent,6,83033,1240.27,0,0.0,4.5,1
C102342,40,East,Home,Online,6,86066,1128.51,0,0.0,4.0,1
C102343,49,West,Life,Online,12,47000,1394.04,0,0.0,3.6,1
C102344,60,South,Auto,Partner,1,61735,1047.29,0,0.0,4.1,1
C102345,52,Central,Life,Online,4,43353,1750.21,0,0.0,4.0,1
C102346,32,East,Life,Online,5,69612,1724.47,0,0.0,4.1,1
C102347,36,West,Health,Online,6,18000,2141.91,0,0.0,4.1,0
C102348,61,North,Life,Agent,0,29043,2188.02,0,0.0,4.3,0
C102349,29,North,Auto,Branch,4,44190,1211.25,1,1281.54,3.2,1
C102350,47,North,Auto,Agent,4,50916,1444.14,0,0.0,3.8,1
C102351,49,Central,Life,Branch,14,54943,2261.19,0,0.0,4.0,1
C102352,61,Central,Health,Agent,1,74938,2304.61,0,0.0,3.2,0
C102353,59,Central,Auto,Partner,7,40299,1245.06,0,0.0,4.6,0
C102354,44,South,Auto,Branch,2,28741,1606.69,1,4432.12,3.0,1
C102355,35,East,Auto,Online,15,45024,1068.94,0,0.0,3.8,1
C102356,39,West,Auto,Partner,8,41091,822.16,1,483.22,3.6,1
C102357,41,West,Auto,Online,5,61958,1330.39,0,0.0,3.9,1
C102358,30,North,Life,Agent,14,79450,2312.23,0,0.0,3.2,0
C102359,54,Central,Auto,Online,10,77830,968.7,0,0.0,4.1,1
C102360,30,North,Home,Agent,3,71610,1321.83,1,12917.85,2.8,1
C102361,55,North,Auto,Partner,11,41748,411.15,0,0.0,4.1,1
C102362,61,Central,Auto,Branch,11,49089,1160.5,0,0.0,4.8,1
C102363,73,East,Life,Agent,8,59643,1391.12,0,0.0,4.1,1
C102364,24,South,Auto,Partner,0,38129,686.16,0,0.0,3.5,1
C102365,62,East,Auto,Agent,11,39806,1010.81,0,0.0,4.6,0
C102366,22,Central,Home,Online,5,58741,1621.45,0,0.0,3.3,0
C102367,37,North,Auto,Branch,1,27440,1535.4,0,0.0,3.4,0
C102368,28,West,Auto,Online,6,71667,1270.28,0,0.0,4.4,0
C102369,27,South,Life,Branch,7,44773,1528.46,0,0.0,3.9,1
C102370,28,North,Health,Online,1,61730,1987.87,0,0.0,4.2,0
C102371,20,East,Home,Online,3,55723,1052.82,0,0.0,3.4,1
C102372,65,East,Auto,Agent,10,74575,879.81,0,0.0,3.1,1
C102373,21,South,Auto,Online,10,18000,1292.05,0,0.0,3.8,1
C102374,41,East,Health,Online,2,74688,1765.08,0,0.0,3.6,1
C102375,58,West,Home,Online,3,74286,1906.24,0,0.0,3.9,1
C102376,75,East,Auto,Online,12,57062,661.58,0,0.0,4.4,1
C102377,67,West,Life,Branch,1,61384,1688.6,0,0.0,3.3,0
C102378,25,Central,Home,Agent,9,62735,755.14,0,0.0,3.6,0
C102379,75,East,Health,Online,6,35780,2184.87,0,0.0,4.1,1
C102380,55,East,Health,Online,11,52975,2132.82,0,0.0,2.8,1
C102381,28,East,Health,Online,0,68020,1002.18,0,0.0,4.3,1
C102382,44,East,Home,Agent,2,19823,1616.54,0,0.0,2.7,1
C102383,71,North,Auto,Agent,13,60479,1588.79,1,3524.32,3.0,0
C102384,40,South,Life,Online,5,53567,1386.72,0,0.0,4.8,1
C102385,28,North,Health,Partner,6,63292,1843.49,0,0.0,4.0,1
C102386,68,South,Life,Online,11,29106,919.22,0,0.0,4.4,0
C102387,73,Central,Life,Agent,7,38614,1571.23,1,1917.81,3.0,1
C102388,74,East,Auto,Branch,7,26870,1709.47,0,0.0,3.5,1
C102389,73,East,Health,Online,0,26676,2006.91,0,0.0,3.6,1
C102390,68,East,Health,Online,10,66956,1434.75,0,0.0,4.2,1
C102391,44,West,Health,Agent,2,41400,2301.23,1,3918.94,3.8,1
C102392,29,East,Home,Agent,6,40077,1272.69,0,0.0,4.1,0
C102393,53,East,Auto,Branch,5,71631,1182.59,1,1452.92,3.6,0
C102394,30,West,Health,Agent,10,45817,2563.32,0,0.0,3.8,0
C102395,45,North,Life,Partner,10,69347,2400.05,0,0.0,3.7,1
C102396,56,East,Life,Agent,10,33111,1540.39,1,3137.46,3.3,1
C102397,72,East,Auto,Branch,9,45767,1776.68,0,0.0,3.0,1
C102398,34,West,Life,Online,4,35698,1821.84,0,0.0,3.6,1
C102399,32,Central,Auto,Partner,5,61862,1189.81,0,0.0,4.7,1
C102400,60,West,Health,Online,14,48275,2023.54,0,0.0,3.8,1
C102401,18,East,Auto,Online,11,65160,1724.85,0,0.0,3.7,1
C102402,50,North,Health,Agent,11,54751,1707.08,0,0.0,3.6,1
C102403,61,East,Auto,Partner,13,18000,938.09,0,0.0,3.5,1
C102404,49,Central,Auto,Agent,1,47247,978.41,1,575.66,3.3,0
C102405,40,Central,Auto,Online,0,24362,972.63,0,0.0,3.4,1
C102406,66,Central,Life,Partner,0,58237,741.05,1,6214.61,3.5,1
C102407,39,North,Health,Branch,7,61993,2901.33,0,0.0,4.1,1
C102408,59,West,Home,Branch,11,63860,1457.07,1,13190.15,3.0,0
C102409,44,Central,Home,Agent,15,49789,739.47,0,0.0,4.2,1
C102410,19,West,Health,Agent,10,22622,2159.85,0,0.0,4.0,1
C102411,48,West,Auto,Partner,11,55772,1264.41,0,0.0,3.1,1
C102412,20,East,Auto,Online,14,59329,1817.62,1,3841.13,4.2,0
C102413,71,West,Health,Branch,2,48714,2316.9,0,0.0,3.9,0
C102414,52,South,Life,Agent,10,53539,1314.23,0,0.0,3.2,1
C102415,39,North,Auto,Partner,10,18017,1953.35,0,0.0,3.6,1
C102416,46,Central,Home,Agent,3,53192,1255.45,1,1781.82,4.0,0
C102417,53,Central,Home,Online,7,50049,1425.71,0,0.0,4.0,0
C102418,33,Central,Life,Branch,0,30171,1281.67,0,0.0,3.4,1
C102419,34,South,Auto,Partner,7,61509,1758.51,0,0.0,3.9,1
C102420,42,North,Life,Partner,8,43103,1393.75,0,0.0,3.4,1
C102421,32,South,Health,Online,6,56124,1585.62,0,0.0,3.8,1
C102422,61,Central,Health,Agent,7,60785,2385.97,0,0.0,3.8,1
C102423,24,West,Home,Branch,10,57918,1664.96,1,379.95,4.4,0
C102424,65,Central,Auto,Agent,14,27866,1265.2,0,0.0,3.4,1
C102425,38,South,Home,Online,6,45086,1617.66,0,0.0,4.6,1
C102426,50,East,Home,Online,11,90330,1359.99,0,0.0,2.4,1
C102427,27,West,Home,Online,7,77120,703.44,0,0.0,3.8,1
C102428,40,South,Life,Online,14,67021,2601.99,1,8897.21,3.8,0
C102429,61,Central,Health,Online,9,56938,1656.54,0,0.0,4.4,1
C102430,33,East,Auto,Partner,12,34215,912.54,0,0.0,4.1,1
C102431,25,North,Auto,Branch,4,49079,773.24,0,0.0,2.2,1
C102432,48,North,Life,Online,10,44396,1543.68,0,0.0,4.6,1
C102433,27,Central,Health,Agent,4,50476,1151.34,0,0.0,3.1,1
C102434,36,West,Life,Agent,9,25963,2325.1,0,0.0,3.3,1
C102435,44,West,Health,Branch,3,69181,3227.97,0,0.0,2.8,0
C102436,50,West,Health,Partner,9,18000,1702.16,0,0.0,4.1,0
C102437,55,East,Life,Online,2,67428,1539.96,0,0.0,4.1,1
C102438,57,West,Home,Partner,8,67772,1246.51,0,0.0,3.6,1
C102439,66,Central,Health,Online,7,93883,1313.84,0,0.0,3.3,1
C102440,21,North,Auto,Branch,13,47504,1591.25,1,434.9,3.6,1
C102441,39,West,Life,Partner,1,42640,495.92,0,0.0,2.7,1
C102442,18,South,Home,Branch,3,54166,757.3,0,0.0,5.0,1
C102443,18,South,Health,Online,11,62077,2837.55,1,2108.53,3.7,1
C102444,30,East,Health,Online,14,50376,2162.45,0,0.0,4.7,0
C102445,52,Central,Auto,Online,12,30705,1591.86,0,0.0,4.3,1
C102446,69,North,Health,Online,8,62054,1463.57,0,0.0,3.8,1
C102447,62,East,Auto,Online,4,51988,1351.58,0,0.0,3.5,0
C102448,55,West,Auto,Online,6,33853,1760.02,0,0.0,4.5,1
C102449,63,North,Life,Agent,13,22753,1487.13,0,0.0,3.8,1
C102450,27,West,Health,Online,3,96440,1869.68,0,0.0,4.4,1
C102451,66,Central,Home,Agent,15,66977,1893.83,0,0.0,3.7,1
C102452,69,North,Health,Branch,4,62069,785.69,0,0.0,4.7,0
C102453,23,North,Auto,Online,7,49930,836.3,0,0.0,4.2,1
C102454,45,Central,Health,Agent,9,64420,1067.59,0,0.0,3.4,0
C102455,66,South,Auto,Branch,4,33059,1447.57,1,2034.98,4.0,1
C102456,45,North,Home,Agent,2,55589,1784.78,0,0.0,3.9,0
C102457,66,Central,Life,Agent,4,56374,2077.99,0,0.0,3.4,1
C102458,72,Central,Home,Branch,0,33504,546.92,0,0.0,3.5,1
C102459,45,West,Home,Agent,10,50120,1022.18,0,0.0,3.3,1
C102460,21,East,Life,Agent,4,44570,1776.07,0,0.0,3.3,1
C102461,37,Central,Home,Branch,7,38249,1719.41,0,0.0,4.1,0
C102462,30,West,Health,Branch,4,42301,1880.4,0,0.0,4.5,1
C102463,45,West,Home,Agent,3,21277,1515.7,0,0.0,3.9,0
C102464,51,Central,Health,Agent,15,71131,1631.64,0,0.0,3.7,0
C102465,44,West,Auto,Branch,5,80122,882.53,1,4244.7,3.4,0
C102466,29,East,Home,Agent,9,35326,1230.61,0,0.0,3.9,1
C102467,35,South,Home,Branch,5,71980,1297.07,0,0.0,4.0,1
C102468,57,East,Auto,Online,6,51424,1512.34,0,0.0,3.4,1
C102469,19,East,Life,Online,3,51816,1938.35,0,0.0,3.7,0
C102470,30,South,Auto,Agent,15,28685,1011.38,1,2733.38,3.7,1
C102471,69,East,Home,Branch,9,41961,1603.56,0,0.0,3.3,1
C102472,23,Central,Life,Online,5,61591,1369.68,0,0.0,4.8,0
C102473,42,East,Auto,Partner,8,34444,1051.32,0,0.0,5.0,1
C102474,30,North,Life,Branch,15,38650,1860.04,0,0.0,4.4,0
C102475,24,South,Home,Branch,9,42854,1126.5,0,0.0,3.3,1
C102476,42,South,Home,Branch,15,18000,2206.16,0,0.0,4.1,1
C102477,48,West,Life,Online,10,57909,800.95,0,0.0,4.3,1
C102478,28,East,Home,Online,11,63465,2299.21,1,2839.33,3.3,0
C102479,22,South,Health,Online,5,58563,1209.45,0,0.0,3.6,1
C102480,25,Central,Home,Agent,8,68971,1563.7,0,0.0,3.3,0
C102481,55,North,Health,Online,9,44007,2888.41,0,0.0,3.7,1
C102482,67,North,Auto,Branch,13,84601,1032.04,0,0.0,3.1,1
C102483,28,Central,Auto,Branch,11,36794,1221.32,0,0.0,3.5,0
C102484,36,East,Health,Online,5,47959,1191.8,0,0.0,4.3,1
C102485,37,West,Home,Agent,6,46182,1352.99,0,0.0,3.3,0
C102486,38,Central,Life,Branch,5,55353,1634.92,0,0.0,4.3,1
C102487,32,Central,Life,Branch,15,47688,929.57,0,0.0,3.2,1
C102488,21,North,Auto,Partner,3,50147,1608.59,0,0.0,4.1,1
C102489,48,West,Health,Online,9,39787,1723.3,0,0.0,4.2,1
C102490,38,West,Health,Online,4,44107,2920.58,0,0.0,3.8,1
C102491,37,South,Auto,Partner,2,18000,1325.44,0,0.0,3.5,1
C102492,33,Central,Health,Online,2,66444,2031.28,0,0.0,3.9,1
C102493,71,East,Health,Branch,0,33604,2062.59,0,0.0,4.1,1
C102494,53,Central,Life,Online,13,43168,1817.9,0,0.0,3.4,1
C102495,42,West,Auto,Agent,13,32924,1155.58,0,0.0,3.8,1
C102496,29,East,Home,Agent,0,62254,1909.87,1,2086.36,3.2,0
C102497,64,North,Life,Branch,4,42219,1127.88,0,0.0,3.7,1
C102498,69,Central,Home,Online,6,18000,398.89,0,0.0,3.7,1
C102499,19,East,Auto,Branch,2,57054,1003.79,0,0.0,4.2,1
C102500,71,North,Auto,Partner,5,38550,1068.14,1,1385.53,2.8,1
C102501,58,North,Life,Branch,14,51579,1638.97,0,0.0,3.6,1
C102502,23,West,Auto,Partner,6,66979,965.68,0,0.0,3.8,0
C102503,61,North,Auto,Partner,8,34224,783.41,0,0.0,3.3,1
C102504,24,East,Life,Branch,13,51084,1005.17,0,0.0,2.9,1
C102505,20,West,Home,Agent,0,38110,1386.96,0,0.0,4.2,0
C102506,24,South,Home,Branch,13,69760,1411.09,1,2372.81,3.3,1
C102507,44,East,Auto,Partner,7,53421,1497.6,0,0.0,3.3,0
C102508,53,South,Health,Agent,10,51584,1285.26,0,0.0,3.9,0
C102509,41,Central,Life,Online,15,29664,1539.35,0,0.0,3.6,1
C102510,25,Central,Auto,Online,11,65504,863.45,0,0.0,3.6,1
C102511,29,South,Auto,Branch,4,67788,1089.56,0,0.0,3.6,1
C102512,67,East,Auto,Partner,12,38209,1447.42,0,0.0,3.6,0
C102513,73,East,Health,Online,3,54770,1660.66,1,2435.58,4.3,0
C102514,61,Central,Auto,Partner,6,62584,965.2,0,0.0,4.0,1
C102515,23,South,Life,Online,10,91924,2912.58,0,0.0,3.5,1
C102516,65,East,Auto,Agent,7,59040,1383.73,1,3148.28,4.2,1
C102517,58,Central,Auto,Partner,13,51993,1584.41,0,0.0,3.6,1
C102518,48,North,Life,Partner,3,49198,609.47,0,0.0,4.6,1
C102519,26,East,Life,Agent,10,50269,1572.15,0,0.0,3.3,1
C102520,75,North,Home,Partner,3,65811,978.8,0,0.0,3.4,1
C102521,43,West,Life,Branch,9,36123,883.17,0,0.0,2.9,1
C102522,20,South,Auto,Partner,14,68788,1306.64,1,6050.92,3.2,1
C102523,30,Central,Health,Partner,15,24258,1236.73,0,0.0,5.0,1
C102524,41,East,Auto,Agent,12,63994,1693.74,0,0.0,3.6,0
C102525,21,North,Health,Online,10,69007,2758.82,1,2432.77,4.0,0
C102526,36,Central,Home,Online,7,66511,1609.84,0,0.0,3.6,1
C102527,45,Central,Life,Online,5,56867,2218.38,0,0.0,3.8,0
C102528,73,West,Auto,Online,0,59108,1390.21,0,0.0,3.9,1
C102529,23,West,Health,Online,8,44796,2330.84,0,0.0,4.4,1
C102530,51,South,Life,Online,11,31751,2050.51,1,6277.18,3.5,0
C102531,71,West,Health,Agent,13,56495,2562.41,1,3617.82,4.1,1
C102532,64,North,Auto,Online,15,53242,1098.58,0,0.0,3.5,1
C102533,71,South,Health,Online,2,68626,1351.48,0,0.0,3.8,1
C102534,27,Central,Auto,Online,14,49457,1405.77,0,0.0,3.7,1
C102535,64,West,Health,Online,4,54861,2693.84,0,0.0,4.1,0
C102536,74,South,Health,Branch,11,57174,1416.18,1,1385.27,3.7,1
C102537,36,North,Health,Partner,11,62303,2185.38,0,0.0,4.7,1
C102538,46,Central,Health,Branch,10,69075,2364.83,0,0.0,4.3,1
C102539,48,North,Health,Branch,6,34833,2236.66,1,5115.83,3.6,0
C102540,46,South,Auto,Partner,1,64631,1317.62,1,627.25,3.2,1
C102541,34,North,Auto,Branch,8,48750,1426.01,0,0.0,3.6,0
C102542,74,North,Health,Online,1,63567,1844.22,1,1333.1,3.3,1
C102543,73,South,Life,Online,10,78613,1788.13,0,0.0,3.9,1
C102544,40,Central,Home,Agent,4,18000,1737.64,0,0.0,4.4,1
C102545,64,South,Auto,Agent,3,73860,1541.61,0,0.0,4.3,0
C102546,41,East,Health,Branch,9,49869,2202.06,0,0.0,4.6,1
C102547,64,West,Health,Online,3,36602,1583.19,0,0.0,3.3,1
C102548,51,East,Health,Partner,14,44125,1975.13,1,5809.48,4.0,1
C102549,45,West,Home,Agent,1,33434,909.2,0,0.0,3.2,0
C102550,25,West,Life,Partner,13,61135,2014.32,0,0.0,4.0,1
C102551,55,West,Auto,Agent,12,33373,1173.65,0,0.0,3.6,1
C102552,36,West,Health,Online,4,73678,2221.07,1,2605.66,3.9,1
C102553,30,West,Health,Agent,9,64454,1881.69,1,659.86,4.2,1
C102554,29,West,Health,Online,5,56089,528.0,1,4060.61,3.6,1
C102555,74,West,Auto,Online,3,18000,628.26,0,0.0,3.5,1
C102556,23,North,Health,Partner,4,28194,1864.56,0,0.0,3.4,1
C102557,64,West,Auto,Agent,5,50557,1558.03,1,3245.22,4.2,1
C102558,68,West,Home,Online,8,51538,1616.93,0,0.0,4.1,0
C102559,19,South,Home,Agent,9,68917,1153.37,0,0.0,3.3,1
C102560,52,Central,Auto,Agent,12,18000,1670.9,0,0.0,4.0,1
C102561,51,South,Life,Online,9,38335,947.61,0,0.0,4.4,1
C102562,38,South,Home,Online,12,67068,1919.25,0,0.0,5.0,1
C102563,56,Central,Health,Partner,14,45930,1070.42,0,0.0,3.2,0
C102564,41,South,Life,Online,14,43588,1800.76,1,3861.09,3.7,1
C102565,43,East,Home,Partner,6,22980,642.19,0,0.0,3.4,0
C102566,43,South,Auto,Online,8,71053,886.69,1,878.6,4.4,0
C102567,64,Central,Health,Branch,12,43271,3174.6,0,0.0,3.5,1
C102568,54,East,Health,Branch,10,71687,1409.91,0,0.0,3.5,0
C102569,39,West,Home,Online,2,78384,1447.63,0,0.0,4.1,1
C102570,71,West,Life,Branch,15,75708,1649.37,0,0.0,3.5,0
C102571,64,West,Health,Agent,12,51416,1946.26,0,0.0,4.5,0
C102572,72,Central,Auto,Agent,10,43285,1627.83,0,0.0,4.9,1
C102573,60,Central,Health,Partner,15,42059,1995.99,0,0.0,3.2,1
C102574,40,East,Home,Partner,2,87430,1602.1,0,0.0,4.1,0
C102575,62,Central,Auto,Online,14,48186,984.16,1,1499.74,4.3,0
C102576,37,East,Auto,Branch,5,70957,1168.1,0,0.0,3.5,1
C102577,33,North,Auto,Online,13,60683,1072.89,1,7305.03,4.1,1
C102578,44,South,Home,Online,1,44592,1648.24,0,0.0,4.5,1
C102579,74,West,Auto,Online,8,47445,1140.9,0,0.0,3.5,0
C102580,50,North,Health,Agent,1,73301,2030.68,0,0.0,3.3,1
C102581,40,East,Auto,Branch,15,52563,1645.99,0,0.0,3.7,1
C102582,44,South,Health,Agent,7,43831,1842.62,0,0.0,3.8,0
C102583,34,East,Auto,Partner,13,37476,1926.08,0,0.0,3.5,1
C102584,56,North,Auto,Branch,11,57761,1286.49,1,2506.88,4.6,1
C102585,38,Central,Home,Online,7,42704,713.75,1,3029.72,3.8,1
C102586,50,South,Auto,Online,3,62690,1151.25,0,0.0,3.6,1
C102587,39,North,Auto,Agent,7,97795,1121.46,0,0.0,4.1,1
C102588,36,East,Health,Online,5,61326,1528.14,0,0.0,3.6,0
C102589,74,East,Auto,Online,4,84474,1328.4,0,0.0,3.4,1
C102590,38,West,Auto,Online,5,39133,857.31,1,1125.14,3.9,1
C102591,22,East,Health,Agent,3,64312,1871.03,0,0.0,2.9,0
C102592,39,North,Health,Agent,13,74601,1479.62,0,0.0,3.7,0
C102593,48,Central,Health,Branch,14,76837,1786.13,0,0.0,3.2,0
C102594,23,East,Life,Branch,2,75027,1314.98,0,0.0,4.0,0
C102595,35,North,Health,Partner,3,52298,1878.17,0,0.0,3.6,0
C102596,27,West,Health,Branch,0,68019,1884.5,0,0.0,3.6,1
C102597,47,West,Life,Agent,6,33684,1037.49,1,1878.55,2.8,0
C102598,59,West,Health,Agent,9,80928,2207.69,0,0.0,4.4,1
C102599,74,East,Home,Online,4,34861,1911.3,0,0.0,3.7,1
C102600,40,East,Health,Partner,8,74574,987.68,0,0.0,3.6,1
C102601,68,East,Health,Agent,5,70784,1695.98,0,0.0,2.8,0
C102602,30,North,Life,Online,0,70670,3227.9,0,0.0,4.5,0
C102603,63,South,Auto,Branch,3,89180,1461.92,0,0.0,3.5,1
C102604,50,Central,Life,Agent,12,70943,1427.1,0,0.0,3.6,1
C102605,61,West,Health,Partner,14,28121,1232.69,0,0.0,4.6,1
C102606,61,East,Health,Online,6,62617,2074.98,0,0.0,3.5,1
C102607,48,South,Health,Online,9,18000,2375.96,0,0.0,4.0,1
C102608,32,West,Auto,Partner,8,50360,964.56,0,0.0,4.3,1
C102609,48,South,Auto,Agent,4,44397,936.3,0,0.0,3.8,1
C102610,65,North,Life,Online,10,63481,1477.4,0,0.0,3.9,0
C102611,74,North,Health,Agent,6,37186,1759.74,0,0.0,4.0,0
C102612,71,West,Life,Branch,0,37726,1141.25,0,0.0,3.9,1
C102613,28,West,Auto,Online,6,61022,1931.21,0,0.0,3.8,0
C102614,52,North,Auto,Online,2,73146,1044.76,0,0.0,4.2,0
C102615,24,North,Auto,Online,7,52047,1311.76,0,0.0,4.5,1
C102616,56,West,Auto,Online,7,93815,1154.46,0,0.0,3.8,1
C102617,75,East,Health,Agent,7,45821,1310.6,0,0.0,4.2,1
C102618,21,West,Life,Online,2,64235,1933.09,0,0.0,5.0,1
C102619,56,North,Life,Branch,15,58143,804.03,1,4135.23,4.0,1
C102620,72,West,Health,Agent,1,45830,1858.16,0,0.0,3.7,1
C102621,67,Central,Auto,Agent,4,75605,1118.34,0,0.0,3.2,0
C102622,40,West,Health,Online,5,35974,1809.12,1,6345.76,3.4,0
C102623,24,South,Health,Agent,7,18000,1769.25,0,0.0,3.3,1
C102624,71,West,Home,Online,6,49730,1517.34,0,0.0,3.7,1
C102625,71,South,Health,Partner,15,47376,1758.82,0,0.0,4.5,1
C102626,51,North,Auto,Online,13,71131,1057.43,0,0.0,4.6,1
C102627,74,South,Auto,Partner,0,29504,1938.48,0,0.0,4.7,0
C102628,18,Central,Life,Agent,9,61427,1886.96,1,1744.58,3.1,1
C102629,53,East,Home,Branch,8,59248,1720.84,0,0.0,3.7,0
C102630,20,Central,Life,Partner,14,57810,1108.04,0,0.0,2.8,1
C102631,72,East,Auto,Branch,5,70793,1157.75,0,0.0,4.3,0
C102632,57,East,Health,Agent,7,51578,1783.14,0,0.0,4.8,1
C102633,70,North,Auto,Online,14,52939,923.52,0,0.0,3.4,1
C102634,50,West,Life,Branch,7,60105,1280.61,0,0.0,4.9,1
C102635,22,North,Auto,Online,9,50165,1151.69,0,0.0,4.1,0
C102636,19,East,Home,Agent,4,27641,1457.37,0,0.0,4.2,0
C102637,37,South,Auto,Partner,12,44611,1278.69,0,0.0,3.2,1
C102638,61,South,Auto,Agent,1,47339,1913.16,0,0.0,4.1,1
C102639,26,East,Auto,Online,15,41877,1447.64,0,0.0,4.6,1
C102640,67,North,Health,Partner,2,46303,1857.97,0,0.0,3.3,0
C102641,31,South,Life,Online,9,55233,1360.46,0,0.0,4.2,1
C102642,46,Central,Life,Partner,1,47069,1077.91,0,0.0,3.9,1
C102643,29,North,Health,Branch,1,67372,1708.58,0,0.0,3.7,1
C102644,45,South,Health,Online,11,67652,2174.26,0,0.0,4.7,1
C102645,44,South,Home,Online,12,18000,1660.3,0,0.0,4.0,1
C102646,18,South,Auto,Partner,5,26203,1328.16,0,0.0,4.2,0
C102647,50,West,Home,Online,0,18000,2029.84,0,0.0,4.5,1
C102648,63,South,Home,Partner,0,47071,350.0,0,0.0,2.7,0
C102649,72,East,Health,Agent,14,45952,2024.43,0,0.0,3.8,1
C102650,37,West,Auto,Agent,12,54718,1273.01,1,1889.3,3.2,1
C102651,69,South,Auto,Branch,6,67165,1201.78,0,0.0,3.6,1
C102652,68,Central,Health,Agent,4,51231,1682.66,1,5365.01,3.1,1
C102653,75,Central,Life,Agent,11,41148,2359.06,0,0.0,3.5,1
C102654,39,North,Health,Agent,14,51922,1065.73,0,0.0,2.8,1
C102655,67,South,Health,Agent,10,43110,2415.74,0,0.0,3.4,1
C102656,50,South,Health,Online,13,25408,1437.74,0,0.0,3.3,1
C102657,21,North,Home,Branch,13,69241,1224.26,1,1996.54,3.1,0
C102658,33,East,Auto,Agent,4,59642,1322.97,0,0.0,4.1,1
C102659,56,East,Auto,Branch,11,78081,1686.05,1,335.66,4.3,1
C102660,27,East,Home,Agent,3,29733,1408.51,0,0.0,4.0,1
C102661,43,South,Auto,Agent,3,22934,1337.36,0,0.0,4.0,0
C102662,62,South,Auto,Online,15,35153,945.77,0,0.0,3.5,1
C102663,26,Central,Health,Partner,5,59179,2628.99,0,0.0,3.4,0
C102664,46,Central,Auto,Agent,13,67461,1264.57,0,0.0,3.8,1
C102665,30,North,Life,Partner,5,57153,1533.58,0,0.0,3.8,1
C102666,49,West,Life,Branch,14,54585,2133.64,0,0.0,4.1,1
C102667,31,East,Life,Branch,4,67382,2098.46,0,0.0,3.9,1
C102668,73,West,Life,Agent,0,43730,1430.14,0,0.0,3.9,1
C102669,22,East,Auto,Online,7,71016,1841.53,0,0.0,4.9,0
C102670,73,Central,Health,Online,9,87730,1499.27,0,0.0,3.9,1
C102671,63,North,Home,Branch,6,32870,1277.77,0,0.0,4.1,0
C102672,67,South,Auto,Online,4,47427,1468.78,0,0.0,4.7,1
C102673,67,Central,Life,Online,13,26983,1900.81,0,0.0,4.1,1
C102674,28,North,Auto,Agent,5,34627,1411.04,0,0.0,3.7,1
C102675,72,North,Health,Online,11,59066,1908.39,1,1688.87,3.0,0
C102676,52,West,Home,Online,1,21659,1656.29,0,0.0,3.2,1
C102677,73,West,Life,Agent,13,37967,1336.24,0,0.0,4.2,1
C102678,68,West,Home,Online,11,70965,1349.43,0,0.0,4.1,1
C102679,51,West,Health,Online,2,56022,2055.63,0,0.0,4.3,0
C102680,39,West,Auto,Online,8,65824,1202.39,0,0.0,3.8,1
C102681,24,North,Health,Agent,11,28716,2149.46,0,0.0,3.4,1
C102682,23,West,Home,Partner,12,53219,1133.87,0,0.0,3.2,1
C102683,40,West,Health,Online,6,85961,2383.81,0,0.0,4.0,1
C102684,65,Central,Home,Branch,1,40086,726.8,0,0.0,3.4,1
C102685,47,South,Auto,Online,0,43216,1453.71,0,0.0,3.6,0
C102686,45,North,Auto,Agent,15,62471,1350.73,0,0.0,4.9,1
C102687,32,West,Life,Online,1,35803,2178.46,0,0.0,4.5,1
C102688,50,South,Auto,Branch,5,64911,1090.85,0,0.0,3.5,0
C102689,55,North,Health,Branch,13,19660,1152.32,0,0.0,4.4,1
C102690,74,Central,Health,Branch,15,18000,1561.83,0,0.0,3.5,1
C102691,60,East,Life,Online,7,57660,1372.8,0,0.0,4.4,1
C102692,53,South,Auto,Branch,10,34363,1644.19,0,0.0,4.2,0
C102693,70,North,Auto,Online,8,41817,1069.69,0,0.0,2.7,0
C102694,42,North,Life,Agent,1,67779,2552.41,1,2861.16,3.4,0
C102695,72,West,Home,Branch,7,63236,1824.95,1,6385.69,3.7,1
C102696,39,East,Health,Agent,12,29908,1897.88,0,0.0,3.5,1
C102697,25,North,Health,Branch,10,61355,2521.12,0,0.0,3.5,0
C102698,42,South,Health,Branch,8,46596,1324.59,0,0.0,3.7,0
C102699,25,North,Life,Branch,13,59508,1077.86,0,0.0,3.7,1
C102700,24,North,Home,Online,3,51637,1849.95,0,0.0,3.3,0
C102701,69,South,Life,Agent,9,24938,2506.12,0,0.0,3.7,1
C102702,64,East,Life,Agent,2,39164,1032.02,0,0.0,3.1,1
C102703,30,South,Health,Agent,0,18000,1910.83,0,0.0,3.9,0
C102704,66,South,Health,Branch,15,55333,1435.32,0,0.0,3.1,0
C102705,21,East,Home,Agent,12,59144,659.52,0,0.0,3.1,0
C102706,34,East,Home,Branch,15,39320,1325.6,0,0.0,4.7,1
C102707,58,North,Home,Online,7,49917,574.93,0,0.0,4.6,1
C102708,35,North,Auto,Agent,9,34467,1218.04,0,0.0,4.5,1
C102709,60,North,Life,Partner,0,74615,1083.17,0,0.0,4.0,1
C102710,68,South,Home,Online,2,28853,1119.49,0,0.0,4.3,1
C102711,21,West,Life,Online,1,46401,647.43,0,0.0,5.0,0
C102712,19,North,Health,Branch,5,28631,2541.74,0,0.0,2.7,0
C102713,72,West,Health,Online,6,56227,1660.05,0,0.0,4.2,1
C102714,48,West,Home,Agent,3,70688,1429.66,0,0.0,4.5,1
C102715,47,North,Home,Branch,12,18000,1644.4,0,0.0,3.2,0
C102716,44,North,Auto,Agent,9,63772,1604.36,0,0.0,3.6,0
C102717,43,South,Health,Partner,6,81368,1391.62,0,0.0,3.3,0
C102718,58,North,Home,Partner,6,54321,2126.32,1,1192.22,2.9,1
C102719,51,East,Life,Agent,9,39854,1501.61,0,0.0,2.8,1
C102720,27,North,Auto,Partner,6,51315,1943.0,0,0.0,4.0,0
C102721,54,Central,Auto,Online,12,42179,1054.84,0,0.0,4.5,1
C102722,56,East,Health,Online,12,87357,2568.8,0,0.0,4.1,1
C102723,24,West,Auto,Branch,2,67030,961.78,0,0.0,3.5,1
C102724,39,West,Auto,Agent,15,68208,940.72,0,0.0,3.8,0
C102725,63,East,Health,Online,7,90791,2030.6,0,0.0,3.9,1
C102726,53,Central,Home,Agent,3,76202,873.21,0,0.0,4.5,1
C102727,25,Central,Health,Online,13,49815,2579.61,0,0.0,3.7,1
C102728,20,South,Health,Online,6,52456,1509.18,0,0.0,4.4,1
C102729,51,North,Life,Agent,2,94476,2441.83,0,0.0,5.0,1
C102730,44,South,Health,Partner,8,38693,1986.28,0,0.0,3.9,1
C102731,73,South,Home,Branch,6,48911,1429.92,0,0.0,2.9,1
C102732,48,East,Auto,Agent,3,33768,1220.55,0,0.0,5.0,0
C102733,72,South,Home,Agent,11,19271,1205.92,0,0.0,3.2,1
C102734,30,East,Home,Online,6,36164,1217.86,0,0.0,4.5,1
C102735,43,West,Auto,Agent,8,36518,2177.09,0,0.0,4.3,0
C102736,26,South,Home,Agent,0,40748,1639.69,0,0.0,3.5,0
C102737,51,East,Home,Branch,5,63021,1739.14,0,0.0,3.2,1
C102738,28,South,Health,Agent,0,51786,1555.27,0,0.0,4.5,1
C102739,46,West,Home,Partner,4,70198,1662.61,0,0.0,3.6,0
C102740,37,West,Auto,Branch,12,54717,1371.28,0,0.0,3.0,0
C102741,28,North,Health,Online,14,55223,1859.57,0,0.0,4.5,1
C102742,23,West,Life,Partner,5,46756,1467.45,0,0.0,4.1,1
C102743,47,North,Auto,Online,11,87045,600.93,0,0.0,3.0,0
C102744,72,West,Auto,Partner,11,44379,1456.79,0,0.0,4.3,1
C102745,29,East,Auto,Agent,12,68500,635.3,0,0.0,3.9,0
C102746,41,East,Life,Agent,1,30720,1894.83,0,0.0,4.1,1
C102747,31,West,Auto,Agent,4,47618,677.9,0,0.0,5.0,1
C102748,64,Central,Auto,Agent,10,88136,548.99,0,0.0,3.2,1
C102749,42,West,Home,Branch,4,64331,1013.78,0,0.0,3.8,0
C102750,74,East,Home,Branch,10,26805,1779.21,0,0.0,3.8,1
C102751,32,West,Health,Agent,14,33427,1568.46,0,0.0,4.2,1
C102752,22,East,Life,Branch,13,80838,1422.9,0,0.0,3.4,1
C102753,51,West,Auto,Agent,7,53590,1971.5,0,0.0,4.0,1
C102754,55,Central,Health,Agent,3,47046,2394.07,0,0.0,4.5,1
C102755,75,North,Health,Online,5,37977,2142.01,0,0.0,5.0,1
C102756,68,South,Auto,Branch,8,46287,804.05,0,0.0,4.1,1
C102757,69,South,Life,Agent,11,77450,1848.16,0,0.0,3.1,0
C102758,54,North,Health,Agent,14,39400,1627.04,0,0.0,4.4,1
C102759,38,South,Auto,Branch,13,41164,1235.82,0,0.0,2.9,0
C102760,42,South,Auto,Partner,3,62792,1167.81,0,0.0,2.6,1
C102761,25,East,Auto,Online,1,33285,1242.24,0,0.0,3.4,1
C102762,43,North,Life,Agent,1,35171,911.97,1,283.1,2.9,1
C102763,39,South,Auto,Agent,3,52113,1300.69,1,2512.12,3.6,1
C102764,20,West,Life,Online,5,52565,1573.76,0,0.0,4.5,1
C102765,29,South,Auto,Online,0,37434,997.63,0,0.0,4.1,1
C102766,49,East,Life,Branch,15,60517,1625.73,0,0.0,2.8,0
C102767,39,West,Home,Online,5,55939,1061.34,1,949.2,2.9,1
C102768,75,Central,Auto,Branch,2,18000,933.78,0,0.0,3.6,1
C102769,45,East,Auto,Partner,8,66049,1093.65,0,0.0,3.8,1
C102770,73,North,Home,Online,1,41748,1717.66,0,0.0,4.3,0
C102771,56,North,Auto,Agent,13,66509,961.56,0,0.0,4.2,1
C102772,20,Central,Auto,Online,15,89434,2220.82,1,2786.88,4.0,1
C102773,29,West,Home,Branch,14,50792,1259.43,0,0.0,3.3,0
C102774,58,West,Life,Agent,6,40393,1782.55,0,0.0,2.2,0
C102775,49,West,Home,Agent,10,76818,1609.16,0,0.0,3.1,0
C102776,35,North,Life,Branch,2,36896,1359.2,0,0.0,4.4,0
C102777,48,East,Health,Branch,0,86064,1962.4,0,0.0,5.0,1
C102778,70,West,Home,Agent,8,43656,685.84,0,0.0,2.8,1
C102779,40,Central,Auto,Partner,11,40715,2213.15,0,0.0,3.0,1
C102780,20,South,Home,Partner,0,94586,1947.63,0,0.0,4.6,1
C102781,36,East,Home,Agent,15,58534,1897.43,0,0.0,3.8,1
C102782,72,North,Health,Online,6,81195,1753.6,0,0.0,4.4,1
C102783,62,Central,Life,Branch,9,51528,1608.12,0,0.0,3.1,1
C102784,66,South,Health,Partner,0,50247,2725.53,0,0.0,3.7,0
C102785,70,West,Health,Agent,14,18000,2334.81,0,0.0,4.8,1
C102786,24,South,Health,Branch,9,70211,2476.98,0,0.0,3.7,1
C102787,34,West,Auto,Agent,7,58935,1384.96,0,0.0,3.8,1
C102788,21,West,Auto,Agent,9,49988,1221.07,0,0.0,4.2,1
C102789,18,South,Life,Branch,13,62654,1635.39,1,2453.74,4.4,1
C102790,66,Central,Health,Partner,0,52689,1115.99,0,0.0,4.0,0
C102791,72,Central,Home,Online,0,35019,1170.42,0,0.0,4.1,1
C102792,27,Central,Health,Online,8,58527,2086.14,0,0.0,3.6,1
C102793,59,South,Life,Agent,12,48567,1719.92,0,0.0,4.2,1
C102794,49,West,Home,Agent,15,65339,1534.2,0,0.0,4.1,1
C102795,22,East,Auto,Branch,1,46955,1354.64,0,0.0,4.2,1
C102796,71,East,Auto,Online,6,43564,1641.19,0,0.0,4.5,1
C102797,68,East,Home,Branch,12,42204,1083.64,0,0.0,4.4,1
C102798,50,West,Auto,Agent,15,36088,1311.25,0,0.0,4.1,0
C102799,59,North,Health,Branch,4,42594,1981.3,0,0.0,3.3,1
C102800,41,East,Auto,Agent,15,59774,1469.17,0,0.0,4.2,1
C102801,63,North,Auto,Branch,12,38506,1016.06,0,0.0,4.4,1
C102802,43,South,Life,Agent,3,30842,1331.85,0,0.0,3.9,1
C102803,75,North,Life,Agent,13,66209,1766.94,0,0.0,3.6,0
C102804,21,South,Home,Agent,9,49513,1627.31,0,0.0,4.0,1
C102805,27,West,Auto,Agent,13,65824,1082.13,0,0.0,3.5,1
C102806,74,East,Life,Online,13,48035,1760.62,0,0.0,3.5,1
C102807,34,North,Health,Partner,3,41708,587.4,0,0.0,3.8,0
C102808,36,West,Life,Branch,11,20622,2519.65,0,0.0,3.8,0
C102809,63,Central,Auto,Online,7,31661,1356.88,0,0.0,3.5,1
C102810,28,Central,Auto,Branch,12,36293,1910.82,0,0.0,4.1,1
C102811,47,Central,Home,Online,2,57057,1976.74,0,0.0,4.1,1
C102812,34,Central,Life,Agent,4,50038,1176.5,0,0.0,3.2,1
C102813,29,East,Auto,Online,3,33541,653.62,0,0.0,4.2,1
C102814,73,Central,Auto,Online,14,18000,1535.89,0,0.0,3.7,1
C102815,29,Central,Health,Agent,5,60327,1573.3,1,1726.61,4.2,0
C102816,23,South,Life,Agent,3,67793,1946.05,0,0.0,3.1,1
C102817,57,Central,Home,Online,11,69364,836.81,0,0.0,3.9,0
C102818,68,West,Life,Online,10,34634,1188.81,0,0.0,4.0,0
C102819,25,West,Home,Online,10,70483,1867.58,0,0.0,4.0,0
C102820,59,Central,Life,Online,14,62188,912.63,0,0.0,5.0,1
C102821,49,South,Health,Agent,14,62102,1834.39,0,0.0,4.3,0
C102822,66,East,Auto,Online,5,41031,1708.46,0,0.0,4.1,0
C102823,25,West,Home,Agent,15,49611,2245.89,1,3855.93,3.6,1
C102824,74,West,Health,Agent,8,84967,2786.65,0,0.0,4.3,1
C102825,53,Central,Health,Online,14,82192,1458.2,0,0.0,3.2,1
C102826,66,Central,Auto,Branch,11,51131,1176.16,1,781.39,4.0,1
C102827,38,West,Home,Branch,1,55451,1344.28,0,0.0,3.5,0
C102828,72,Central,Home,Branch,14,18000,1112.75,1,354.32,2.9,1
C102829,54,North,Health,Agent,9,73671,2165.78,1,2591.26,3.6,1
C102830,25,Central,Life,Online,7,65421,976.02,0,0.0,3.8,1
C102831,71,North,Health,Agent,5,58211,967.58,0,0.0,4.3,1
C102832,64,East,Auto,Partner,9,41157,1511.75,1,2257.06,3.4,0
C102833,35,North,Auto,Agent,14,53195,1654.21,0,0.0,4.3,0
C102834,49,East,Health,Branch,2,78384,1755.43,0,0.0,4.0,1
C102835,40,South,Auto,Agent,3,58515,1121.49,0,0.0,3.5,0
C102836,49,North,Home,Partner,1,99370,1594.81,0,0.0,3.3,1
C102837,73,West,Home,Online,3,66607,1034.21,0,0.0,4.3,1
C102838,70,West,Health,Agent,0,35462,2194.74,0,0.0,4.0,1
C102839,30,North,Life,Agent,3,44606,2248.17,0,0.0,3.5,1
C102840,74,West,Life,Branch,7,39223,1686.48,0,0.0,4.3,1
C102841,43,North,Health,Branch,13,67439,2472.08,0,0.0,3.4,1
C102842,58,North,Auto,Branch,8,72764,1752.63,0,0.0,3.8,0
C102843,62,North,Auto,Branch,3,82893,1058.57,0,0.0,3.3,1
C102844,46,East,Home,Agent,1,46017,1881.19,0,0.0,3.6,1
C102845,44,West,Health,Online,14,60424,2191.6,0,0.0,4.2,1
C102846,44,East,Home,Partner,2,75048,2565.14,0,0.0,3.0,0
C102847,68,Central,Home,Online,12,79897,1716.41,0,0.0,4.3,1
C102848,40,East,Health,Online,4,29851,1751.26,0,0.0,4.2,1
C102849,34,West,Auto,Online,10,63162,1128.37,0,0.0,4.5,1
C102850,38,Central,Auto,Agent,14,30525,1191.98,0,0.0,4.5,1
C102851,29,South,Health,Agent,14,41168,1549.17,1,921.03,3.9,0
C102852,40,North,Home,Branch,1,28478,1785.45,0,0.0,4.1,0
C102853,24,North,Home,Agent,8,40823,1512.08,1,2233.73,2.9,1
C102854,23,East,Home,Online,7,25905,1883.76,0,0.0,4.3,0
C102855,59,East,Home,Online,14,30725,693.89,0,0.0,4.7,1
C102856,22,North,Health,Partner,12,35718,1574.13,0,0.0,4.5,1
C102857,50,Central,Auto,Branch,2,57456,1809.72,1,182.8,3.7,0
C102858,63,Central,Auto,Partner,13,52610,620.71,0,0.0,4.4,0
C102859,60,South,Auto,Online,5,22408,1527.97,0,0.0,5.0,1
C102860,43,South,Auto,Partner,11,101345,1317.94,0,0.0,3.6,1
C102861,29,South,Auto,Partner,2,43207,1502.7,0,0.0,4.4,0
C102862,71,South,Home,Agent,4,28073,1865.78,1,848.29,4.0,1
C102863,66,Central,Auto,Branch,1,62486,1298.88,0,0.0,3.3,1
C102864,53,East,Auto,Online,1,51918,1514.28,0,0.0,4.2,0
C102865,23,North,Auto,Branch,14,37372,1269.09,0,0.0,4.2,1
C102866,20,East,Auto,Branch,2,59031,1344.91,1,4248.15,3.2,1
C102867,36,North,Auto,Agent,9,39897,1356.29,0,0.0,3.3,1
C102868,27,East,Auto,Online,12,46678,2037.54,1,3584.74,4.1,0
C102869,67,East,Auto,Agent,1,78381,710.49,0,0.0,3.8,0
C102870,29,West,Life,Branch,4,54224,1034.19,0,0.0,3.5,1
C102871,34,East,Auto,Branch,7,63054,1428.12,0,0.0,3.0,0
C102872,74,Central,Auto,Agent,5,42602,1384.67,1,2093.23,3.7,1
C102873,65,North,Health,Partner,14,54758,2451.37,0,0.0,3.6,1
C102874,30,West,Auto,Online,2,38125,1673.1,0,0.0,3.2,1
C102875,40,North,Health,Online,11,37329,2112.61,0,0.0,4.2,1
C102876,47,South,Health,Online,6,44577,1625.3,0,0.0,4.2,1
C102877,56,Central,Life,Branch,6,39499,2351.34,1,3166.48,3.0,0
C102878,72,West,Life,Branch,5,70685,1636.07,0,0.0,3.3,1
C102879,68,North,Home,Branch,10,62424,1636.98,0,0.0,3.3,1
C102880,74,East,Auto,Partner,5,18000,942.78,0,0.0,4.0,0
C102881,20,West,Health,Agent,10,83035,1675.72,0,0.0,4.2,0
C102882,31,Central,Auto,Online,0,63540,1009.09,0,0.0,2.7,1
C102883,50,West,Home,Agent,4,72603,1644.92,0,0.0,3.5,1
C102884,20,North,Auto,Agent,7,48923,1858.99,0,0.0,3.7,0
C102885,38,East,Home,Agent,3,25107,737.67,0,0.0,5.0,1
C102886,26,North,Auto,Online,1,28167,1329.61,0,0.0,3.9,1
C102887,72,North,Health,Agent,3,82730,1734.02,0,0.0,3.4,1
C102888,21,East,Auto,Agent,8,22709,1352.08,0,0.0,4.4,1
C102889,26,West,Health,Online,15,25979,2560.09,0,0.0,3.3,1
C102890,29,North,Home,Partner,10,44209,1340.5,0,0.0,3.0,1
C102891,26,West,Health,Online,14,27074,2114.13,0,0.0,4.3,1
C102892,50,West,Auto,Partner,8,61597,1245.05,1,4468.89,3.8,1
C102893,39,West,Auto,Online,0,62994,1472.16,1,1916.14,3.1,1
C102894,70,South,Life,Partner,2,59446,1745.38,0,0.0,4.0,1
C102895,33,South,Health,Agent,12,40945,2546.76,0,0.0,3.6,1
C102896,49,North,Health,Online,9,57198,2339.83,0,0.0,3.4,1
C102897,56,South,Health,Online,13,84104,2121.33,0,0.0,4.7,1
C102898,54,South,Health,Agent,6,26188,2449.03,0,0.0,3.4,1
C102899,64,South,Health,Branch,14,72100,1459.52,0,0.0,3.9,1
C102900,29,North,Auto,Online,5,66544,1164.56,0,0.0,4.8,1
C102901,47,North,Health,Online,13,50105,2091.66,0,0.0,4.4,1
C102902,64,Central,Health,Branch,2,54995,1663.02,0,0.0,3.3,0
C102903,68,West,Auto,Agent,7,58421,641.29,0,0.0,4.6,0
C102904,53,South,Home,Agent,15,34423,2175.99,0,0.0,3.6,1
C102905,55,Central,Auto,Online,12,22619,1028.46,0,0.0,3.5,1
C102906,68,South,Auto,Agent,6,68317,1818.63,0,0.0,3.8,0
C102907,54,East,Home,Online,14,29592,1069.67,0,0.0,3.5,1
C102908,73,Central,Life,Agent,7,32323,2009.77,0,0.0,3.3,1
C102909,25,East,Auto,Online,15,42720,836.59,0,0.0,3.5,1
C102910,38,South,Home,Partner,1,57121,1101.73,0,0.0,5.0,1
C102911,24,South,Auto,Agent,13,43012,1811.99,0,0.0,4.2,1
C102912,23,East,Home,Agent,10,38968,941.99,0,0.0,2.9,1
C102913,45,West,Health,Branch,2,69150,1216.9,0,0.0,4.2,1
C102914,31,East,Home,Partner,4,46002,1579.35,0,0.0,4.3,1
C102915,41,East,Health,Branch,13,37627,2037.12,0,0.0,3.2,1
C102916,43,South,Auto,Agent,11,59103,967.15,0,0.0,3.6,0
C102917,54,East,Life,Partner,3,53055,1340.33,0,0.0,2.6,1
C102918,72,South,Auto,Online,1,52517,1227.86,0,0.0,3.7,0
C102919,67,Central,Auto,Branch,5,59982,1488.85,0,0.0,2.8,1
C102920,39,West,Health,Branch,4,49526,1131.66,0,0.0,3.8,1
C102921,36,East,Health,Agent,10,67205,1542.66,0,0.0,4.6,1
C102922,62,West,Auto,Partner,11,26289,973.32,0,0.0,4.3,1
C102923,25,North,Health,Branch,4,74343,2422.2,0,0.0,4.0,1
C102924,49,South,Health,Branch,6,35563,1845.82,0,0.0,4.0,1
C102925,42,East,Health,Partner,2,22540,2657.5,0,0.0,4.6,1
C102926,28,East,Life,Branch,0,37810,1022.58,0,0.0,4.3,0
C102927,53,West,Health,Online,14,45709,639.65,0,0.0,2.9,1
C102928,36,Central,Health,Online,12,38770,2194.17,0,0.0,3.9,1
C102929,28,South,Health,Agent,12,34627,1799.67,0,0.0,3.2,0
C102930,55,South,Auto,Online,15,70190,2138.73,0,0.0,4.6,1
C102931,28,West,Home,Branch,0,36329,1047.69,0,0.0,4.0,0
C102932,57,South,Life,Branch,6,18000,1575.71,0,0.0,3.3,1
C102933,27,North,Home,Online,11,45692,1584.56,0,0.0,4.8,1
C102934,43,Central,Life,Partner,9,88817,1213.67,0,0.0,4.1,1
C102935,64,Central,Health,Branch,12,32847,1590.35,0,0.0,5.0,0
C102936,31,Central,Home,Partner,5,35806,839.93,0,0.0,3.4,1
C102937,62,South,Auto,Online,1,44734,1654.97,1,11480.09,3.5,0
C102938,59,North,Life,Agent,8,79796,1155.72,0,0.0,3.0,1
C102939,70,East,Health,Agent,11,45529,1582.24,0,0.0,3.5,1
C102940,27,Central,Auto,Branch,11,33580,1652.8,0,0.0,3.4,1
C102941,59,North,Home,Partner,2,58535,1047.75,0,0.0,3.9,0
C102942,72,North,Health,Partner,10,57196,1714.2,0,0.0,3.4,1
C102943,62,North,Life,Online,10,60760,2108.67,0,0.0,3.8,1
C102944,28,West,Home,Agent,5,32878,1051.74,1,150.0,3.3,0
C102945,65,West,Life,Branch,4,41839,1705.26,0,0.0,3.6,0
C102946,24,West,Health,Online,3,72262,1238.61,0,0.0,4.2,1
C102947,52,North,Health,Partner,1,59362,1555.91,1,1824.22,2.2,1
C102948,46,West,Home,Branch,8,66556,1825.23,0,0.0,4.1,1
C102949,48,East,Auto,Branch,5,51026,1204.51,0,0.0,3.8,1
C102950,48,North,Auto,Partner,10,71015,922.55,0,0.0,3.5,0
C102951,19,South,Life,Online,9,57277,2223.78,0,0.0,3.9,0
C102952,47,East,Life,Agent,9,42576,2554.69,0,0.0,4.0,1
C102953,72,South,Life,Branch,15,65418,1361.12,0,0.0,4.3,1
C102954,43,Central,Auto,Branch,2,36249,1633.09,0,0.0,3.6,1
C102955,34,East,Auto,Branch,0,79784,1399.06,0,0.0,4.5,1
C102956,75,South,Life,Online,5,70146,2431.63,0,0.0,4.9,1
C102957,23,West,Auto,Agent,0,46731,1485.93,0,0.0,3.8,1
C102958,46,West,Health,Online,11,48671,2135.97,0,0.0,5.0,1
C102959,47,North,Auto,Agent,5,54383,807.53,0,0.0,3.0,0
C102960,45,West,Life,Partner,2,48888,2313.38,0,0.0,3.1,0
C102961,71,South,Health,Online,1,75742,1412.69,0,0.0,4.4,1
C102962,42,South,Auto,Online,14,42302,1098.36,0,0.0,4.9,1
C102963,74,West,Health,Agent,6,24954,2411.78,1,3452.2,3.0,1
C102964,21,East,Auto,Partner,7,47344,1200.63,0,0.0,4.3,0
C102965,60,South,Home,Online,2,65546,734.41,0,0.0,4.7,1
C102966,52,North,Health,Online,12,70264,1897.8,0,0.0,3.6,1
C102967,31,East,Health,Agent,11,54049,1757.1,0,0.0,3.2,1
C102968,31,South,Health,Agent,5,40591,2088.37,0,0.0,3.9,1
C102969,59,Central,Auto,Online,13,51206,1322.74,0,0.0,3.5,1
C102970,54,East,Auto,Branch,5,40207,1114.51,0,0.0,2.6,1
C102971,53,Central,Life,Branch,14,18000,1825.25,0,0.0,4.3,1
C102972,20,South,Health,Agent,15,36663,1718.46,0,0.0,3.8,1
C102973,52,Central,Health,Online,7,61187,1891.43,0,0.0,3.6,1
C102974,74,North,Health,Agent,9,47128,1788.26,0,0.0,4.2,1
C102975,19,South,Life,Online,13,46446,2117.66,1,1784.32,3.7,1
C102976,45,North,Home,Agent,1,71923,740.4,0,0.0,4.3,0
C102977,46,North,Auto,Branch,7,34648,658.66,0,0.0,4.1,1
C102978,70,Central,Health,Online,15,36408,1680.17,0,0.0,3.4,0
C102979,34,West,Health,Online,3,57957,1542.56,0,0.0,4.4,1
C102980,45,West,Home,Online,5,39187,1815.43,0,0.0,4.5,0
C102981,59,East,Life,Online,13,39097,1343.6,1,6903.51,3.6,1
C102982,21,East,Home,Online,11,79886,2260.18,0,0.0,4.9,0
C102983,64,West,Life,Agent,7,32703,1064.56,1,2010.47,3.7,1
C102984,65,Central,Health,Branch,2,38815,1207.45,0,0.0,4.1,1
C102985,59,East,Health,Online,2,59900,1544.84,0,0.0,3.9,1
C102986,55,West,Home,Agent,13,51120,1289.73,0,0.0,2.8,1
C102987,61,South,Home,Partner,8,27278,1201.41,0,0.0,4.3,1
C102988,63,Central,Auto,Agent,15,84112,1159.43,0,0.0,3.8,1
C102989,70,North,Health,Branch,1,37703,1855.58,1,2651.68,2.8,0
C102990,42,South,Auto,Agent,6,47580,1293.62,0,0.0,4.1,1
C102991,44,Central,Auto,Online,1,59863,701.05,0,0.0,4.1,0
C102992,55,North,Life,Online,2,90923,1952.51,0,0.0,4.0,1
C102993,29,North,Auto,Branch,0,44625,1383.56,1,1499.08,3.4,0
C102994,67,South,Home,Partner,8,35451,719.14,0,0.0,3.8,0
C102995,62,East,Health,Agent,3,60959,1973.69,0,0.0,3.5,1
C102996,54,Central,Home,Agent,2,89587,1083.86,1,1666.92,3.6,1
C102997,35,Central,Life,Agent,14,54447,2104.63,0,0.0,3.5,1
C102998,38,East,Home,Online,7,46862,1054.01,0,0.0,3.6,1
C102999,43,Central,Home,Online,8,59043,1320.84,0,0.0,3.7,0
C103000,56,West,Auto,Partner,9,18000,1367.81,0,0.0,4.3,1
C103001,63,Central,Health,Online,6,40930,2284.38,1,4904.06,3.5,1
C103002,56,South,Home,Agent,2,19144,698.05,0,0.0,3.7,1
C103003,71,East,Home,Branch,7,45520,744.16,0,0.0,3.0,1
C103004,73,North,Home,Agent,15,42766,1796.65,0,0.0,3.9,0
C103005,58,North,Home,Partner,10,18000,1187.07,0,0.0,4.3,1
C103006,39,West,Auto,Online,11,55226,616.74,0,0.0,4.2,1
C103007,52,North,Auto,Partner,9,63126,799.15,0,0.0,3.4,0
C103008,42,East,Life,Online,5,48519,840.71,0,0.0,4.1,1
C103009,54,West,Health,Online,7,24489,1873.18,1,316.47,3.4,0
C103010,65,North,Home,Agent,6,74774,521.25,0,0.0,4.0,1
C103011,39,East,Health,Partner,9,86149,3330.45,0,0.0,3.3,0
C103012,47,West,Life,Agent,13,59203,2356.34,0,0.0,4.4,0
C103013,20,Central,Life,Online,0,45625,2344.41,0,0.0,4.6,1
C103014,60,South,Auto,Agent,7,45860,1227.18,1,3358.12,3.4,0
C103015,46,Central,Life,Online,4,59800,2216.6,0,0.0,3.5,1
C103016,44,Central,Auto,Branch,15,53620,1143.26,1,3879.22,2.7,1
C103017,48,West,Health,Partner,2,59840,2256.23,0,0.0,5.0,1
C103018,30,South,Life,Branch,0,60099,1400.57,0,0.0,4.0,1
C103019,52,West,Auto,Agent,11,38713,1517.55,1,1055.72,3.4,1
C103020,61,Central,Auto,Agent,4,37188,1111.89,0,0.0,3.4,1
C103021,38,South,Home,Agent,3,46953,1253.51,1,4246.61,2.9,0
C103022,25,Central,Life,Online,8,60415,1460.45,1,4312.05,4.2,1
C103023,40,Central,Auto,Agent,14,23931,1578.89,1,4938.37,3.8,1
C103024,29,East,Home,Branch,2,47884,388.35,0,0.0,3.4,1
C103025,39,West,Health,Branch,8,51352,2446.37,0,0.0,4.0,1
C103026,54,East,Health,Agent,5,43238,1461.34,0,0.0,4.1,1
C103027,24,West,Home,Branch,2,77249,1999.83,1,2097.96,3.6,1
C103028,61,Central,Health,Branch,8,74177,1321.83,0,0.0,4.8,1
C103029,31,North,Home,Partner,15,59480,1748.87,0,0.0,3.6,0
C103030,69,North,Home,Partner,4,83867,949.58,0,0.0,2.9,1
C103031,60,South,Life,Online,3,67810,1392.72,1,2961.93,3.8,1
C103032,33,Central,Home,Agent,2,54414,920.6,0,0.0,3.6,0
C103033,50,South,Auto,Branch,9,43415,1340.37,0,0.0,3.8,1
C103034,24,Central,Home,Branch,4,44886,1469.27,1,2230.97,3.8,1
C103035,23,East,Home,Online,9,58849,2230.9,0,0.0,3.4,1
C103036,73,South,Auto,Agent,1,45308,1962.57,0,0.0,2.9,0
C103037,64,Central,Health,Partner,11,24695,2193.61,1,2878.78,4.0,1
C103038,26,East,Home,Online,3,45148,1597.5,0,0.0,4.0,0
C103039,34,South,Auto,Agent,1,70497,1090.82,0,0.0,4.6,0
C103040,29,North,Health,Agent,0,18000,1368.62,1,2878.53,3.9,1
C103041,40,North,Health,Agent,12,77255,1480.86,0,0.0,3.9,1
C103042,34,North,Health,Agent,15,62333,1639.87,0,0.0,3.1,1
C103043,37,South,Life,Online,6,47780,1862.5,1,1884.26,4.8,1
C103044,48,West,Auto,Branch,2,57178,599.4,1,1328.64,2.3,1
C103045,28,South,Home,Online,13,69300,832.38,0,0.0,3.9,1
C103046,69,North,Home,Branch,0,52601,1095.54,0,0.0,3.1,0
C103047,60,South,Health,Online,5,69076,2170.4,0,0.0,4.0,1
C103048,62,East,Health,Branch,15,67315,2316.99,0,0.0,3.9,1
C103049,27,Central,Auto,Agent,6,55153,1339.28,0,0.0,3.3,1
C103050,59,South,Auto,Branch,12,32007,1334.3,0,0.0,3.2,0
C103051,66,North,Health,Online,5,50240,2361.64,0,0.0,3.7,1
C103052,28,East,Auto,Agent,4,18000,920.72,0,0.0,3.7,1
C103053,61,Central,Home,Online,5,60023,2191.49,0,0.0,4.2,1
C103054,38,West,Health,Online,14,44445,1860.79,0,0.0,4.2,1
C103055,63,Central,Auto,Branch,7,40925,1549.12,0,0.0,3.5,0
C103056,45,Central,Auto,Online,13,63799,1510.81,0,0.0,3.5,1
C103057,64,West,Life,Partner,15,29132,1266.2,0,0.0,4.6,0
C103058,26,Central,Auto,Agent,11,54018,1755.81,0,0.0,3.0,0
C103059,40,North,Home,Online,4,45884,2339.67,0,0.0,4.3,1
C103060,33,Central,Auto,Partner,9,48753,1548.86,0,0.0,3.4,1
C103061,32,Central,Life,Online,5,57117,2288.22,0,0.0,4.1,1
C103062,35,Central,Health,Branch,9,84822,1591.78,0,0.0,4.5,0
C103063,40,East,Health,Online,11,59173,1667.39,0,0.0,3.9,0
C103064,25,West,Health,Agent,15,76449,2183.62,0,0.0,4.1,1
C103065,59,South,Health,Branch,12,77119,2364.68,0,0.0,3.9,0
C103066,49,West,Home,Online,7,65854,1440.46,0,0.0,4.1,0
C103067,66,South,Auto,Branch,13,18810,1498.34,0,0.0,3.8,1
C103068,58,East,Auto,Online,12,47686,1498.48,0,0.0,4.2,0
C103069,26,West,Auto,Branch,4,32369,1369.85,0,0.0,3.4,0
C103070,22,South,Health,Online,1,103546,2296.1,0,0.0,3.6,1
C103071,42,South,Life,Online,6,33932,1453.28,0,0.0,3.5,1
C103072,45,South,Auto,Online,11,25050,1264.86,0,0.0,4.4,1
C103073,31,West,Life,Agent,3,18000,2458.6,0,0.0,5.0,1
C103074,63,West,Home,Partner,15,33347,1333.31,1,7882.22,4.1,1
C103075,51,West,Auto,Partner,15,54211,1517.51,0,0.0,4.2,1
C103076,61,North,Auto,Branch,0,71570,1604.68,0,0.0,3.4,1
C103077,24,Central,Auto,Branch,6,32737,1406.23,0,0.0,2.8,1
C103078,65,West,Auto,Partner,4,73087,1230.24,1,7707.01,2.2,1
C103079,29,North,Home,Agent,13,50854,1102.29,0,0.0,2.3,1
C103080,43,South,Health,Online,12,43263,2114.34,0,0.0,3.9,1
C103081,43,East,Health,Branch,10,55111,1786.21,0,0.0,3.4,1
C103082,65,South,Home,Online,11,77516,1445.06,0,0.0,4.1,1
C103083,34,North,Auto,Branch,12,52920,1327.7,0,0.0,4.1,1
C103084,31,South,Life,Agent,11,32051,1229.57,1,1743.91,3.3,1
C103085,37,North,Home,Online,10,59635,1779.6,0,0.0,3.5,1
C103086,38,North,Auto,Branch,15,59347,718.1,0,0.0,4.5,1
C103087,28,South,Health,Online,8,48575,2119.84,0,0.0,4.2,1
C103088,28,Central,Auto,Partner,1,70388,1941.92,0,0.0,3.8,1
C103089,31,East,Life,Partner,6,18000,1551.02,0,0.0,3.9,1
C103090,45,East,Health,Agent,10,58427,2174.81,0,0.0,4.3,0
C103091,37,West,Life,Branch,13,66118,1329.31,0,0.0,3.5,1
C103092,40,East,Life,Online,10,25921,1376.22,0,0.0,4.5,0
C103093,59,North,Health,Agent,4,25301,1656.24,0,0.0,4.1,1
C103094,31,South,Home,Partner,3,69966,512.75,0,0.0,4.6,0
C103095,70,South,Health,Online,13,73140,2629.59,0,0.0,4.8,0
C103096,61,East,Auto,Online,3,76476,1156.21,0,0.0,4.2,1
C103097,28,East,Life,Agent,0,39526,2220.44,0,0.0,4.4,1
C103098,36,South,Health,Branch,10,55619,2827.25,1,1819.91,3.6,1
C103099,28,East,Life,Branch,8,57999,1887.89,0,0.0,4.2,1
C103100,33,Central,Home,Online,10,21270,1706.11,0,0.0,3.2,1
C103101,39,South,Auto,Online,7,54831,1705.48,0,0.0,4.7,1
C103102,25,East,Health,Branch,9,54497,658.64,0,0.0,3.9,1
C103103,18,East,Auto,Online,5,65416,742.49,0,0.0,3.4,1
C103104,43,West,Auto,Online,7,41712,795.32,0,0.0,4.4,1
C103105,58,West,Home,Online,2,74508,2057.1,0,0.0,4.5,1
C103106,35,West,Auto,Branch,10,53446,2050.08,0,0.0,3.9,0
C103107,67,South,Life,Online,9,82775,428.13,0,0.0,3.8,1
C103108,39,East,Health,Online,5,65439,1876.18,0,0.0,2.9,1
C103109,70,Central,Health,Agent,9,56999,2348.96,0,0.0,3.8,1
C103110,31,South,Auto,Online,3,30726,1048.47,0,0.0,4.8,1
C103111,49,Central,Auto,Partner,11,28240,1197.63,0,0.0,3.5,1
C103112,62,South,Health,Partner,9,80816,2285.77,0,0.0,3.5,1
C103113,21,East,Auto,Agent,10,67799,1938.54,0,0.0,4.4,1
C103114,71,East,Health,Agent,9,46869,3550.77,0,0.0,3.0,1
C103115,39,East,Health,Online,13,44497,2462.81,0,0.0,3.7,1
C103116,46,Central,Auto,Agent,12,55994,1000.73,0,0.0,4.2,0
C103117,54,North,Health,Online,4,27787,954.33,0,0.0,4.3,1
C103118,55,East,Auto,Agent,6,43582,1482.36,0,0.0,3.2,1
C103119,19,West,Auto,Online,8,63026,1338.49,0,0.0,4.4,1
C103120,68,Central,Home,Branch,12,65434,615.03,1,5819.42,4.0,1
C103121,54,West,Auto,Online,0,45374,939.63,0,0.0,3.5,0
C103122,75,Central,Auto,Agent,14,80804,1217.65,0,0.0,3.8,1
C103123,45,Central,Health,Online,5,70810,2228.89,0,0.0,4.5,1
C103124,53,South,Health,Online,6,38162,1696.85,0,0.0,3.8,1
C103125,43,Central,Life,Agent,4,29035,1222.39,0,0.0,2.9,1
C103126,69,Central,Life,Agent,8,62702,2046.37,0,0.0,4.2,0
C103127,66,South,Home,Partner,4,43899,1723.49,1,1884.92,4.2,1
C103128,70,West,Health,Online,14,40479,2609.68,0,0.0,4.1,1
C103129,47,South,Health,Online,5,56012,2403.21,0,0.0,3.7,0
C103130,63,West,Auto,Agent,4,64949,1191.56,0,0.0,3.7,1
C103131,38,North,Home,Online,0,66255,1626.55,0,0.0,3.4,1
C103132,44,West,Health,Partner,11,52993,904.64,0,0.0,2.8,0
C103133,62,East,Auto,Online,14,18000,795.35,0,0.0,4.4,1
C103134,22,East,Health,Partner,9,69180,1011.52,0,0.0,4.3,1
C103135,59,North,Home,Branch,14,37491,1879.44,0,0.0,4.3,1
C103136,18,West,Health,Online,6,57551,1908.47,0,0.0,4.0,0
C103137,51,East,Auto,Agent,11,49801,1182.14,0,0.0,4.6,1
C103138,45,West,Life,Agent,13,92393,1666.81,0,0.0,3.9,1
C103139,45,South,Auto,Agent,11,89042,1222.16,0,0.0,3.9,0
C103140,46,North,Life,Agent,2,43729,754.43,0,0.0,1.9,0
C103141,46,East,Health,Agent,15,27797,2427.62,0,0.0,3.6,1
C103142,41,Central,Life,Branch,0,29204,2237.76,0,0.0,2.6,0
C103143,44,South,Life,Agent,1,56888,1560.89,0,0.0,4.5,1
C103144,50,West,Health,Agent,3,42285,2677.65,0,0.0,3.7,1
C103145,62,North,Home,Partner,11,32000,1766.05,0,0.0,4.5,1
C103146,50,West,Auto,Agent,14,42574,1017.03,0,0.0,3.2,0
C103147,55,South,Auto,Agent,8,60121,1041.38,0,0.0,3.8,0
C103148,66,East,Auto,Online,5,50591,856.65,1,1091.04,3.5,1
C103149,75,South,Health,Online,7,43317,1525.58,0,0.0,2.7,1
C103150,24,North,Auto,Online,10,45576,1207.48,0,0.0,4.7,0
C103151,59,South,Health,Agent,3,49085,1616.64,0,0.0,4.2,1
C103152,31,South,Life,Branch,3,56007,2486.81,0,0.0,3.8,1
C103153,29,East,Life,Online,4,57063,1170.55,0,0.0,4.2,0
C103154,63,Central,Auto,Branch,7,22329,837.03,1,3470.53,3.1,1
C103155,21,East,Health,Online,11,55001,1472.42,0,0.0,3.3,1
C103156,67,Central,Auto,Online,8,45483,1915.32,0,0.0,3.5,1
C103157,62,East,Auto,Online,1,33752,1338.51,0,0.0,3.4,0
C103158,75,North,Life,Agent,3,45291,1745.44,0,0.0,3.6,1
C103159,56,South,Life,Online,0,72810,2141.23,0,0.0,4.0,0
C103160,68,East,Auto,Online,6,66555,1118.66,0,0.0,3.8,1
C103161,24,South,Auto,Agent,8,53750,1693.3,0,0.0,4.7,1
C103162,69,Central,Health,Agent,4,35852,1646.0,0,0.0,2.8,1
C103163,27,West,Health,Agent,0,27527,1694.64,1,7550.92,3.8,0
C103164,36,East,Auto,Online,1,35047,1376.82,0,0.0,3.4,1
C103165,25,East,Auto,Agent,11,52220,1752.15,0,0.0,3.6,1
C103166,41,South,Health,Online,6,52599,2399.9,0,0.0,4.8,0
C103167,61,West,Auto,Online,15,40276,1715.69,0,0.0,3.6,1
C103168,33,North,Life,Agent,9,67800,1146.86,0,0.0,3.5,1
C103169,65,North,Home,Agent,4,58921,1372.54,0,0.0,3.4,1
C103170,53,South,Health,Partner,1,18000,2313.61,0,0.0,3.6,1
C103171,54,North,Health,Branch,11,53965,2300.31,0,0.0,3.8,1
C103172,72,West,Home,Online,5,65599,1287.38,0,0.0,3.8,1
C103173,43,North,Auto,Online,9,55644,586.21,0,0.0,2.9,1
C103174,37,North,Life,Partner,7,62467,2014.99,0,0.0,3.3,1
C103175,75,Central,Auto,Online,1,47257,1621.72,0,0.0,4.4,1
C103176,50,Central,Life,Agent,14,50825,489.52,0,0.0,4.3,1
C103177,53,East,Auto,Branch,1,51202,1442.42,0,0.0,3.8,1
C103178,35,East,Home,Agent,9,55313,1504.48,0,0.0,3.5,1
C103179,30,West,Auto,Online,2,41576,1087.49,0,0.0,3.9,1
C103180,27,North,Home,Online,15,71665,1500.25,0,0.0,3.5,1
C103181,30,East,Health,Online,4,77610,1513.21,0,0.0,4.5,1
C103182,29,North,Auto,Online,8,42442,1752.85,0,0.0,4.5,1
C103183,61,East,Home,Online,1,30963,2231.19,1,2537.24,3.7,1
C103184,21,Central,Auto,Agent,12,27785,1114.43,0,0.0,3.4,0
C103185,54,West,Health,Agent,3,59289,1526.91,0,0.0,3.9,1
C103186,73,Central,Auto,Online,1,62581,1458.07,0,0.0,4.2,1
C103187,62,West,Home,Online,4,59365,1179.99,0,0.0,3.9,0
C103188,41,West,Life,Partner,9,60913,552.21,0,0.0,3.3,0
C103189,21,West,Health,Online,5,41769,1947.02,0,0.0,4.5,0
C103190,66,West,Home,Online,5,18000,1924.64,0,0.0,4.3,0
C103191,18,East,Life,Agent,1,43049,1459.71,0,0.0,3.1,0
C103192,57,South,Home,Online,11,81770,798.88,0,0.0,4.0,1
C103193,56,East,Auto,Online,5,56766,1131.43,0,0.0,3.4,0
C103194,29,South,Health,Online,14,59642,1707.63,0,0.0,3.8,1
C103195,60,East,Auto,Partner,6,68285,1412.23,0,0.0,3.6,1
C103196,28,North,Health,Agent,11,36878,2239.34,0,0.0,3.1,0
C103197,31,East,Auto,Agent,5,56023,1862.0,0,0.0,3.3,1
C103198,65,South,Home,Partner,1,61220,1811.87,0,0.0,4.4,1
C103199,74,South,Health,Agent,10,35215,1637.52,0,0.0,2.8,1
C103200,33,East,Health,Online,9,58549,2258.44,0,0.0,4.3,1
C103201,71,North,Auto,Agent,15,75317,1182.45,0,0.0,3.9,0
C103202,70,Central,Auto,Agent,11,44787,1544.63,0,0.0,4.3,1
C103203,62,East,Home,Agent,10,20997,1278.24,0,0.0,3.1,1
C103204,26,South,Health,Branch,0,55107,1863.21,0,0.0,3.9,1
C103205,35,North,Life,Online,13,40182,1733.82,0,0.0,4.5,1
C103206,57,Central,Health,Online,2,55260,2358.34,0,0.0,5.0,1
C103207,75,West,Auto,Agent,11,36841,1470.75,0,0.0,4.0,1
C103208,65,East,Home,Online,10,53097,1049.61,0,0.0,4.1,1
C103209,42,South,Home,Partner,12,74090,492.52,0,0.0,3.6,1
C103210,31,West,Auto,Agent,5,51500,606.3,0,0.0,4.6,1
C103211,73,Central,Home,Online,7,22315,1376.03,0,0.0,3.5,0
C103212,34,South,Auto,Agent,0,58763,1177.68,0,0.0,3.6,1
C103213,37,North,Auto,Branch,5,52358,1217.67,1,3486.98,2.6,1
C103214,73,North,Auto,Agent,14,55838,1150.53,0,0.0,2.8,1
C103215,50,North,Health,Agent,3,69518,1462.72,0,0.0,3.4,1
C103216,33,West,Home,Branch,15,42549,1790.28,0,0.0,3.7,0
C103217,18,Central,Auto,Online,0,46815,706.44,0,0.0,3.9,0
C103218,42,Central,Home,Agent,5,33470,1772.43,0,0.0,2.5,1
C103219,75,West,Home,Agent,6,55480,2235.74,0,0.0,4.2,0
C103220,43,North,Health,Branch,15,55008,1793.61,0,0.0,2.7,1
C103221,58,Central,Auto,Partner,8,47325,1397.69,0,0.0,3.2,1
C103222,32,South,Auto,Partner,13,65448,1740.08,1,3083.89,3.4,1
C103223,62,South,Auto,Online,13,33340,1218.71,0,0.0,4.1,1
C103224,62,West,Life,Branch,8,54285,1411.48,1,1003.16,3.3,0
C103225,53,North,Home,Branch,11,62820,1166.26,0,0.0,3.7,0
C103226,62,Central,Auto,Agent,11,42243,986.93,0,0.0,2.5,0
C103227,51,Central,Health,Partner,8,27276,1700.5,1,1519.02,3.9,0
C103228,39,West,Auto,Partner,14,21484,975.63,0,0.0,3.1,1
C103229,60,West,Auto,Branch,6,54796,1452.54,0,0.0,4.0,1
C103230,66,South,Auto,Online,11,82492,1587.51,0,0.0,4.5,1
C103231,66,North,Auto,Online,5,41025,759.95,0,0.0,3.5,1
C103232,30,West,Auto,Partner,5,60124,930.71,0,0.0,3.5,1
C103233,57,East,Auto,Partner,5,18000,1113.22,0,0.0,4.3,1
C103234,18,Central,Health,Online,3,58719,2429.87,0,0.0,3.9,1
C103235,51,North,Health,Online,12,32409,2848.26,0,0.0,4.3,1
C103236,51,South,Health,Agent,6,44920,1272.71,0,0.0,4.0,1
C103237,39,South,Health,Online,10,53420,2493.24,0,0.0,4.0,0
C103238,75,West,Health,Agent,2,22106,3129.75,0,0.0,3.6,1
C103239,69,West,Health,Partner,10,108622,1792.07,0,0.0,3.8,1
C103240,20,Central,Life,Online,0,41104,1475.28,0,0.0,4.5,0
C103241,30,South,Auto,Branch,10,62926,1220.13,0,0.0,4.1,0
C103242,30,East,Health,Agent,7,78868,1660.3,0,0.0,3.1,0
C103243,70,North,Auto,Online,1,57277,936.13,0,0.0,3.0,1
C103244,48,South,Health,Agent,5,29901,1794.92,0,0.0,4.1,0
C103245,60,South,Health,Agent,0,53849,2426.81,1,3130.7,2.0,0
C103246,64,East,Home,Branch,1,18922,2331.68,0,0.0,2.9,0
C103247,62,East,Life,Agent,13,46042,1061.8,0,0.0,3.2,1
C103248,23,South,Health,Partner,13,82184,1727.46,0,0.0,4.1,1
C103249,26,West,Auto,Online,13,26598,1538.69,0,0.0,4.5,1
C103250,40,Central,Home,Partner,1,37165,1287.87,0,0.0,3.6,1
C103251,37,South,Auto,Agent,9,85365,1361.49,0,0.0,3.4,1
C103252,61,South,Health,Agent,10,48864,1778.39,0,0.0,3.7,1
C103253,27,West,Life,Online,5,35913,1488.81,0,0.0,5.0,1
C103254,39,West,Health,Online,9,59006,1750.39,0,0.0,4.4,0
C103255,31,Central,Health,Agent,4,43562,2700.71,0,0.0,3.3,1
C103256,28,South,Auto,Partner,15,18000,692.91,0,0.0,3.6,1
C103257,28,East,Auto,Branch,3,27512,1097.07,0,0.0,2.9,1
C103258,29,Central,Life,Online,4,89026,2009.58,0,0.0,3.9,1
C103259,50,South,Auto,Online,12,57907,1161.13,0,0.0,3.6,1
C103260,41,East,Auto,Agent,3,78346,1195.05,0,0.0,3.6,1
C103261,43,Central,Health,Partner,14,33474,2177.87,0,0.0,3.0,1
C103262,45,North,Health,Branch,10,51009,1866.03,0,0.0,4.0,0
C103263,60,West,Auto,Online,14,48960,1528.55,0,0.0,4.1,1
C103264,67,Central,Auto,Online,8,42149,1651.33,0,0.0,4.5,0
C103265,48,North,Health,Online,15,55784,1275.52,0,0.0,3.2,1
C103266,55,West,Health,Agent,12,31934,1209.08,0,0.0,3.4,1
C103267,60,East,Home,Online,12,73771,1092.5,0,0.0,4.4,1
C103268,58,Central,Auto,Online,2,60411,1344.44,0,0.0,4.1,0
C103269,25,Central,Life,Branch,12,48866,1496.64,0,0.0,4.0,1
C103270,75,Central,Auto,Agent,4,54399,355.09,1,3205.21,3.7,1
C103271,27,North,Auto,Partner,13,46558,675.94,0,0.0,4.2,0
C103272,41,West,Life,Branch,0,20976,1453.39,1,9556.56,4.5,1
C103273,55,Central,Life,Online,0,34168,1791.01,0,0.0,4.8,1
C103274,41,West,Auto,Online,11,48759,1238.42,0,0.0,3.7,0
C103275,32,West,Health,Agent,1,45649,2358.49,0,0.0,4.1,1
C103276,71,North,Life,Branch,5,63657,1667.61,0,0.0,2.8,0
C103277,22,Central,Auto,Agent,7,62087,2058.07,0,0.0,4.0,1
C103278,32,North,Auto,Partner,3,41923,1403.07,0,0.0,3.9,1
C103279,75,South,Health,Branch,11,34774,2117.02,0,0.0,4.0,1
C103280,60,Central,Home,Agent,9,65587,1869.72,1,344.07,5.0,1
C103281,23,Central,Health,Online,10,55407,1410.05,0,0.0,4.5,1
C103282,61,Central,Health,Online,4,40811,2182.37,0,0.0,3.9,1
C103283,74,East,Life,Agent,0,31445,1530.04,1,2744.82,2.4,1
C103284,23,North,Auto,Online,0,39835,1442.92,1,983.67,3.8,1
C103285,42,East,Home,Branch,4,59055,442.86,0,0.0,4.7,1
C103286,45,North,Auto,Agent,3,82363,1140.69,0,0.0,2.4,1
C103287,25,Central,Home,Online,9,48186,1861.61,0,0.0,4.3,1
C103288,29,East,Health,Branch,13,37006,1843.02,0,0.0,3.6,1
C103289,28,East,Auto,Agent,4,90830,1001.81,0,0.0,4.2,1
C103290,28,North,Health,Online,9,45306,2511.72,0,0.0,3.5,0
C103291,41,East,Life,Agent,14,37706,1627.8,0,0.0,3.5,1
C103292,44,Central,Health,Branch,7,44668,1828.29,0,0.0,4.2,1
C103293,31,West,Auto,Agent,3,43772,1705.98,0,0.0,3.8,1
C103294,34,North,Auto,Online,7,74870,1322.22,0,0.0,4.3,1
C103295,29,North,Health,Branch,1,21873,2702.5,0,0.0,4.1,1
C103296,64,South,Home,Branch,15,62701,1503.29,0,0.0,3.8,1
C103297,30,North,Health,Online,14,51803,910.39,0,0.0,5.0,1
C103298,70,Central,Auto,Online,0,41980,1492.19,0,0.0,3.5,1
C103299,49,West,Home,Agent,4,45953,1209.65,0,0.0,4.0,0
C103300,64,North,Auto,Online,2,47488,1100.23,0,0.0,5.0,1
C103301,54,West,Auto,Partner,14,53585,794.7,1,184.24,3.0,1
C103302,33,South,Health,Online,13,43876,1786.67,0,0.0,3.9,0
C103303,52,South,Health,Branch,5,50821,978.0,0,0.0,4.1,1
C103304,33,East,Life,Partner,8,38008,2094.4,0,0.0,2.6,0
C103305,24,North,Health,Agent,10,91275,2019.65,0,0.0,3.5,0
C103306,32,East,Auto,Agent,15,70167,1669.41,0,0.0,4.2,0
C103307,33,Central,Home,Online,13,60794,1116.86,0,0.0,4.5,0
C103308,25,Central,Auto,Agent,10,44011,1829.12,0,0.0,3.8,1
C103309,19,South,Life,Partner,7,66786,1729.06,0,0.0,4.3,1
C103310,72,West,Auto,Partner,11,57387,644.9,1,5213.04,3.6,0
C103311,47,South,Life,Agent,10,54143,1674.41,0,0.0,3.4,0
C103312,41,East,Life,Branch,9,42406,1617.4,0,0.0,3.6,1
C103313,71,South,Life,Branch,3,56942,2360.78,0,0.0,3.6,1
C103314,31,East,Auto,Online,0,82304,1469.71,0,0.0,4.1,1
C103315,41,North,Life,Branch,8,53452,1521.14,0,0.0,3.9,1
C103316,67,Central,Home,Online,14,47254,1558.82,0,0.0,3.7,0
C103317,54,Central,Auto,Partner,15,53786,838.78,0,0.0,3.0,0
C103318,41,South,Health,Partner,8,52788,2563.02,0,0.0,4.7,1
C103319,32,West,Health,Agent,15,42152,1985.62,0,0.0,4.2,1
C103320,20,North,Life,Agent,0,38658,868.3,0,0.0,3.8,1
C103321,22,West,Home,Partner,13,66279,2043.38,0,0.0,4.3,0
C103322,27,South,Health,Online,3,73696,1716.18,0,0.0,4.4,1
C103323,63,North,Home,Agent,5,92785,1105.21,0,0.0,4.0,1
C103324,55,West,Auto,Agent,5,60249,934.2,0,0.0,3.3,1
C103325,43,East,Health,Agent,3,54101,1746.44,0,0.0,3.4,1
C103326,63,East,Home,Online,4,68232,1166.35,0,0.0,4.6,0
C103327,27,East,Health,Online,8,35656,1622.4,0,0.0,3.3,1
C103328,30,North,Home,Partner,0,63566,1450.13,1,8709.83,3.3,1
C103329,40,North,Health,Branch,3,70698,1567.73,0,0.0,4.2,1
C103330,71,West,Health,Branch,4,70436,1879.44,0,0.0,3.3,1
C103331,53,West,Home,Agent,1,82011,1564.97,0,0.0,3.7,1
C103332,67,North,Auto,Branch,14,41229,1414.59,0,0.0,3.5,1
C103333,32,South,Life,Agent,7,43138,1379.22,0,0.0,4.0,1
C103334,67,West,Life,Branch,9,48127,1509.79,0,0.0,3.1,1
C103335,22,West,Life,Partner,9,31920,1691.48,0,0.0,4.2,1
C103336,31,Central,Life,Online,5,61691,890.68,0,0.0,4.1,0
C103337,48,East,Health,Partner,4,64153,2435.62,0,0.0,3.2,1
C103338,20,East,Health,Partner,1,62108,1950.68,0,0.0,2.9,0
C103339,67,East,Home,Agent,13,54689,1453.06,0,0.0,4.3,1
C103340,68,South,Auto,Partner,12,70105,1373.3,0,0.0,3.7,1
C103341,49,North,Life,Partner,10,62353,1763.2,0,0.0,2.5,0
C103342,35,North,Auto,Online,11,41155,1084.05,0,0.0,3.6,1
C103343,23,Central,Life,Online,12,18000,1394.27,0,0.0,5.0,1
C103344,53,South,Health,Branch,0,46045,2358.32,0,0.0,3.0,1
C103345,49,West,Life,Branch,10,52703,1221.72,0,0.0,3.8,1
C103346,62,East,Health,Online,15,52852,2622.18,0,0.0,4.4,1
C103347,52,South,Health,Agent,13,48774,1599.03,0,0.0,3.5,1
C103348,25,Central,Life,Agent,4,42337,1459.59,0,0.0,2.9,1
C103349,25,West,Health,Agent,9,36758,1335.67,0,0.0,3.8,1
C103350,63,North,Auto,Online,4,33407,1267.22,0,0.0,3.7,1
C103351,27,West,Auto,Online,2,59829,1676.49,0,0.0,3.5,1
C103352,72,East,Health,Branch,4,71589,2088.36,0,0.0,3.9,1
C103353,24,South,Health,Online,5,29478,1871.06,1,1331.19,4.6,1
C103354,60,West,Health,Agent,15,50897,3027.69,0,0.0,3.3,0
C103355,74,West,Auto,Agent,7,66197,1114.34,0,0.0,3.8,1
C103356,43,South,Auto,Partner,13,48600,1894.36,0,0.0,4.1,1
C103357,21,Central,Life,Partner,15,64888,1905.71,0,0.0,3.9,1
C103358,68,West,Home,Partner,10,71410,1108.92,0,0.0,2.9,1
C103359,28,West,Auto,Agent,7,59099,1389.32,0,0.0,3.4,1
C103360,48,North,Auto,Online,7,43078,733.94,0,0.0,3.7,1
C103361,75,South,Auto,Online,12,75671,1431.46,0,0.0,3.8,1
C103362,61,East,Home,Agent,5,47186,1431.81,0,0.0,4.7,1
C103363,20,West,Home,Online,7,47186,875.15,0,0.0,2.8,1
C103364,65,East,Health,Online,5,61268,1886.17,0,0.0,4.8,1
C103365,27,West,Home,Online,4,46573,1304.19,0,0.0,3.3,1
C103366,61,South,Life,Agent,5,47971,1401.83,0,0.0,3.2,0
C103367,54,West,Auto,Agent,1,45273,955.96,0,0.0,3.3,1
C103368,34,Central,Auto,Partner,13,48748,1478.25,1,4929.45,4.1,1
C103369,42,West,Health,Agent,13,55545,1983.18,0,0.0,4.3,1
C103370,24,West,Life,Online,10,18000,2615.97,0,0.0,3.8,0
C103371,75,Central,Health,Agent,12,50237,2351.69,0,0.0,3.6,1
C103372,31,North,Health,Agent,6,20231,1937.27,0,0.0,3.7,1
C103373,35,West,Home,Partner,8,44681,1062.9,0,0.0,3.7,1
C103374,47,Central,Auto,Agent,15,58086,894.56,0,0.0,3.7,1
C103375,56,East,Health,Online,0,46106,2230.66,0,0.0,4.5,0
C103376,47,South,Home,Branch,2,64653,973.11,0,0.0,3.9,1
C103377,47,Central,Life,Agent,13,58257,2297.23,1,4413.12,4.0,1
C103378,51,North,Auto,Agent,1,18000,971.44,0,0.0,3.2,1
C103379,67,South,Health,Online,12,73563,1857.14,0,0.0,3.1,0
C103380,40,North,Life,Agent,5,56494,2021.02,0,0.0,3.7,1
C103381,66,East,Home,Online,11,41754,1795.53,0,0.0,4.4,0
C103382,63,East,Health,Branch,15,43544,1835.43,0,0.0,3.9,1
C103383,73,East,Auto,Online,9,18000,1077.89,0,0.0,4.0,1
C103384,70,Central,Auto,Online,0,55920,745.09,0,0.0,3.9,1
C103385,64,East,Health,Agent,8,63722,2459.38,0,0.0,3.5,1
C103386,32,East,Auto,Agent,1,39760,1354.1,0,0.0,4.3,1
C103387,62,Central,Home,Online,15,35711,472.95,0,0.0,4.2,0
C103388,60,Central,Home,Partner,5,54530,1703.37,0,0.0,3.5,1
C103389,34,South,Home,Agent,15,73504,1637.44,0,0.0,4.4,1
C103390,57,North,Auto,Partner,15,71635,1196.72,0,0.0,3.4,0
C103391,32,West,Auto,Online,5,66921,846.31,0,0.0,3.8,1
C103392,48,Central,Home,Agent,5,88362,638.1,0,0.0,2.9,1
C103393,64,East,Auto,Agent,13,68638,725.85,1,1607.16,3.8,1
C103394,28,South,Auto,Agent,10,72820,1258.86,0,0.0,3.7,1
C103395,37,West,Health,Online,8,53567,2020.53,0,0.0,3.5,1
C103396,64,West,Auto,Online,13,45760,1215.87,0,0.0,5.0,1
C103397,44,East,Auto,Partner,4,72424,434.08,0,0.0,4.0,1
C103398,73,Central,Auto,Branch,10,34341,1497.23,0,0.0,4.7,0
C103399,18,West,Life,Online,5,59628,848.93,0,0.0,4.2,1
C103400,59,West,Auto,Online,1,41057,2148.93,0,0.0,3.8,1
C103401,65,West,Health,Online,5,58107,1851.04,0,0.0,3.2,1
C103402,71,West,Health,Agent,2,56822,1805.47,0,0.0,3.6,0
C103403,27,East,Health,Online,15,54934,1753.08,0,0.0,5.0,1
C103404,75,East,Health,Branch,4,51681,1129.18,0,0.0,3.7,1
C103405,40,West,Auto,Online,14,61586,1659.41,0,0.0,3.9,1
C103406,38,West,Auto,Branch,12,64470,903.84,0,0.0,3.9,0
C103407,38,East,Health,Partner,5,26820,3054.9,0,0.0,5.0,0
C103408,55,North,Life,Online,12,51183,1948.68,0,0.0,3.4,1
C103409,56,West,Health,Partner,0,44474,2595.53,0,0.0,3.6,1
C103410,45,West,Health,Partner,2,55494,2839.87,0,0.0,4.0,0
C103411,22,South,Life,Agent,12,44510,2122.67,0,0.0,4.3,1
C103412,75,South,Home,Online,6,74952,1462.81,0,0.0,4.0,1
C103413,30,South,Home,Agent,2,50771,1261.62,0,0.0,2.8,1
C103414,23,Central,Health,Online,2,69758,1197.95,0,0.0,4.4,1
C103415,52,Central,Life,Partner,12,34861,1704.9,0,0.0,3.9,0
C103416,41,East,Health,Agent,7,46947,1764.65,0,0.0,4.2,1
C103417,53,East,Home,Branch,7,40935,1468.45,0,0.0,3.5,1
C103418,68,West,Home,Agent,5,59086,1612.96,1,6715.57,4.3,1
C103419,23,East,Health,Online,1,30670,527.4,0,0.0,3.9,1
C103420,34,Central,Life,Agent,15,21241,687.2,0,0.0,3.4,1
C103421,47,North,Life,Partner,3,40739,1513.46,0,0.0,4.7,1
C103422,63,North,Health,Agent,6,62100,1529.41,1,2616.08,3.4,1
C103423,52,East,Auto,Agent,13,37425,1312.39,0,0.0,3.9,1
C103424,40,South,Home,Partner,0,56780,1169.26,0,0.0,4.0,1
C103425,53,West,Auto,Online,9,40348,2093.87,0,0.0,4.3,1
C103426,74,West,Health,Partner,8,20449,1129.68,0,0.0,3.1,1
C103427,45,North,Auto,Online,11,67335,829.72,0,0.0,5.0,1
C103428,69,East,Home,Branch,14,63689,1780.14,1,1573.76,3.9,1
C103429,63,West,Life,Agent,1,51283,1711.94,0,0.0,4.5,1
C103430,35,Central,Auto,Online,5,52772,1622.88,0,0.0,3.4,0
C103431,32,East,Home,Online,5,48264,2097.89,0,0.0,3.9,1
C103432,62,South,Life,Online,13,33414,1418.72,0,0.0,4.0,1
C103433,30,East,Auto,Branch,7,75508,1193.87,0,0.0,3.9,1
C103434,37,East,Auto,Agent,6,50189,627.6,0,0.0,4.8,1
C103435,31,West,Health,Online,4,58510,1388.75,0,0.0,4.5,0
C103436,53,East,Home,Agent,9,43021,2092.14,1,1367.7,3.1,0
C103437,35,South,Health,Partner,9,59972,1526.82,0,0.0,4.8,0
C103438,56,West,Auto,Online,8,72613,1573.31,0,0.0,3.2,0
C103439,72,East,Auto,Agent,9,54999,1195.43,0,0.0,3.8,1
C103440,66,North,Health,Partner,13,58490,2248.15,0,0.0,3.2,1
C103441,72,East,Auto,Agent,13,67804,1212.23,0,0.0,4.4,1
C103442,19,Central,Health,Partner,9,64732,2769.2,0,0.0,3.5,1
C103443,44,West,Auto,Agent,15,70795,790.62,0,0.0,3.4,0
C103444,30,South,Home,Branch,6,57776,1420.47,1,795.51,4.0,1
C103445,71,West,Home,Branch,0,57766,1756.62,0,0.0,4.0,0
C103446,59,South,Life,Online,12,56309,1776.32,1,2308.57,3.4,1
C103447,36,East,Auto,Agent,12,67566,1413.21,0,0.0,4.0,1
C103448,50,East,Health,Agent,0,44229,1680.47,1,8261.96,3.4,1
C103449,53,South,Home,Online,5,61550,1779.35,0,0.0,4.3,1
C103450,46,South,Health,Agent,4,93354,1897.28,0,0.0,3.5,1
C103451,45,Central,Auto,Branch,8,58461,971.2,1,3007.41,3.9,1
C103452,21,South,Auto,Online,4,30451,1252.41,0,0.0,3.7,1
C103453,44,Central,Health,Agent,11,46777,2241.77,0,0.0,4.1,1
C103454,38,West,Health,Online,9,63174,2398.15,0,0.0,2.9,0
C103455,65,East,Life,Online,13,39929,2499.17,0,0.0,3.7,1
C103456,68,North,Home,Agent,13,34398,745.84,0,0.0,3.1,0
C103457,61,South,Home,Online,4,27173,1703.64,0,0.0,3.1,1
C103458,19,North,Life,Agent,8,48251,1663.84,1,2545.73,3.6,0
C103459,66,East,Home,Online,9,81011,2383.88,0,0.0,4.2,0
C103460,40,Central,Auto,Partner,7,42439,564.7,0,0.0,4.4,1
C103461,42,Central,Auto,Partner,15,67765,1285.18,0,0.0,4.2,1
C103462,72,North,Home,Online,1,46977,2213.81,0,0.0,3.3,0
C103463,68,South,Health,Online,14,45029,2387.3,0,0.0,4.0,0
C103464,20,North,Life,Online,15,61305,1091.4,0,0.0,3.9,1
C103465,38,Central,Auto,Online,5,24393,1258.88,1,328.95,3.2,1
C103466,61,South,Auto,Branch,4,82049,2117.49,1,5015.19,3.2,0
C103467,49,South,Home,Agent,0,61672,1199.32,1,2309.48,3.9,1
C103468,32,West,Life,Agent,2,70925,1915.17,0,0.0,3.9,0
C103469,48,East,Life,Partner,3,47358,1811.66,1,474.48,2.9,1
C103470,68,South,Auto,Branch,13,60935,1539.51,0,0.0,3.4,1
C103471,30,West,Health,Agent,12,68790,1882.95,0,0.0,3.9,1
C103472,61,North,Home,Agent,14,50367,594.94,0,0.0,2.6,1
C103473,60,North,Life,Agent,5,36282,1698.47,0,0.0,3.4,1
C103474,69,North,Auto,Agent,4,35024,1518.52,0,0.0,3.9,1
C103475,35,South,Health,Online,13,44389,1385.77,0,0.0,3.5,1
C103476,30,Central,Auto,Online,8,56086,1204.94,0,0.0,4.1,1
C103477,49,East,Home,Online,0,49069,1260.78,0,0.0,2.6,1
C103478,48,West,Auto,Online,12,43191,1419.28,0,0.0,4.3,0
C103479,41,South,Life,Agent,1,64204,895.46,1,7001.91,3.0,1
C103480,63,West,Auto,Branch,0,43701,1694.89,0,0.0,4.0,1
C103481,64,Central,Home,Agent,14,41243,1773.87,0,0.0,4.5,1
C103482,32,South,Home,Partner,15,68909,1890.89,0,0.0,4.0,0
C103483,64,Central,Auto,Online,11,61910,1455.25,0,0.0,3.6,1
C103484,31,West,Auto,Partner,5,29950,1628.61,1,1779.38,4.3,0
C103485,41,West,Health,Online,2,28045,1453.67,0,0.0,3.6,1
C103486,19,South,Health,Online,7,32061,943.59,0,0.0,3.7,0
C103487,37,West,Home,Online,8,51449,2433.35,1,7728.75,3.4,1
C103488,73,East,Health,Online,0,73212,957.48,0,0.0,3.6,1
C103489,43,Central,Auto,Online,10,78053,953.54,0,0.0,3.3,0
C103490,59,Central,Life,Agent,0,65509,2054.49,0,0.0,3.2,0
C103491,24,South,Auto,Online,7,86432,884.14,0,0.0,4.6,1
C103492,54,Central,Health,Online,1,55629,2281.63,0,0.0,4.8,1
C103493,39,Central,Life,Online,0,71962,1099.66,0,0.0,3.5,1
C103494,61,East,Life,Branch,5,41718,2244.59,0,0.0,4.2,1
C103495,71,North,Auto,Agent,9,23990,1560.86,1,2080.38,3.6,0
C103496,48,North,Auto,Online,14,46444,1424.63,0,0.0,3.6,1
C103497,23,North,Health,Online,0,49747,2012.69,0,0.0,4.3,1
C103498,45,North,Auto,Branch,8,98528,1030.42,0,0.0,3.6,1
C103499,25,Central,Home,Branch,12,51992,1548.22,0,0.0,4.4,1
C103500,44,South,Health,Agent,5,33679,2526.12,1,4738.86,3.4,0
C103501,21,West,Auto,Agent,12,69364,1418.36,0,0.0,4.1,1
C103502,55,West,Health,Online,7,38327,1941.64,0,0.0,3.8,1
C103503,36,West,Home,Agent,0,54584,1332.84,0,0.0,4.1,1
C103504,29,South,Home,Branch,4,67791,878.16,0,0.0,3.0,1
C103505,19,East,Health,Branch,6,35231,1285.66,0,0.0,3.1,0
C103506,69,West,Auto,Agent,9,79314,1852.3,1,3871.12,4.0,1
C103507,66,East,Auto,Branch,2,72282,1520.55,0,0.0,3.8,1
C103508,65,North,Health,Agent,8,58359,1876.17,0,0.0,3.6,0
C103509,21,West,Home,Branch,12,83530,1280.51,0,0.0,3.9,1
C103510,38,North,Life,Branch,6,45120,1743.25,0,0.0,3.1,1
C103511,74,East,Life,Branch,3,66295,2609.74,0,0.0,4.3,1
C103512,51,East,Health,Online,10,57019,2711.77,0,0.0,3.5,0
C103513,25,South,Life,Online,10,40519,1933.1,0,0.0,3.9,1
C103514,26,Central,Auto,Online,6,41060,1180.88,1,1886.34,3.6,0
C103515,33,North,Health,Agent,13,88559,1344.67,0,0.0,4.6,0
C103516,74,Central,Health,Agent,12,71068,2143.9,0,0.0,2.8,1
C103517,27,Central,Home,Branch,1,68011,655.77,1,4535.83,2.6,0
C103518,70,South,Home,Agent,9,40745,1371.21,1,1107.21,2.5,0
C103519,57,South,Auto,Agent,10,64743,1106.6,0,0.0,3.9,0
C103520,71,North,Life,Agent,3,45375,1771.36,0,0.0,3.5,0
C103521,65,Central,Life,Online,2,82565,832.59,1,1443.4,4.5,0
C103522,37,West,Life,Online,2,73832,2182.8,0,0.0,4.1,1
C103523,66,North,Health,Online,5,68548,1895.42,0,0.0,3.1,1
C103524,27,East,Life,Branch,4,66720,1305.68,0,0.0,3.6,1
C103525,34,North,Home,Online,11,50420,2065.31,0,0.0,4.3,0
C103526,30,East,Home,Online,14,60769,1233.66,0,0.0,3.9,0
C103527,25,East,Health,Online,7,79744,1952.74,1,3451.3,3.5,1
C103528,23,North,Life,Agent,13,60400,1120.47,1,1592.59,3.2,1
C103529,28,Central,Home,Partner,8,36867,944.06,0,0.0,3.8,0
C103530,24,South,Health,Partner,15,74589,1453.61,0,0.0,3.2,1
C103531,40,East,Life,Online,6,39770,2051.86,0,0.0,3.9,1
C103532,22,West,Auto,Agent,11,51468,1467.66,0,0.0,4.0,1
C103533,21,Central,Home,Online,13,43474,1982.63,1,1697.43,3.5,0
C103534,75,East,Auto,Branch,14,18000,1195.09,0,0.0,3.8,1
C103535,23,Central,Health,Agent,6,55155,1522.24,0,0.0,3.8,1
C103536,22,South,Auto,Online,5,91110,1390.26,0,0.0,3.7,0
C103537,19,Central,Auto,Agent,0,57760,1907.53,0,0.0,4.3,1
C103538,25,South,Health,Agent,9,105339,1085.48,1,3967.36,2.3,0
C103539,48,West,Auto,Partner,8,49242,1481.17,0,0.0,3.0,1
C103540,65,North,Auto,Online,6,55986,961.66,0,0.0,4.2,1
C103541,60,Central,Home,Partner,3,50124,1320.56,1,1237.05,3.9,1
C103542,51,Central,Auto,Online,13,53086,1431.63,0,0.0,3.7,1
C103543,22,East,Auto,Online,15,58660,1121.7,0,0.0,4.4,1
C103544,62,East,Auto,Branch,15,79185,1098.64,0,0.0,3.4,0
C103545,20,East,Auto,Agent,7,36901,1475.87,0,0.0,3.4,1
C103546,54,South,Auto,Partner,11,52157,1264.32,1,1962.17,3.7,1
C103547,41,West,Life,Agent,13,63083,2419.43,0,0.0,4.1,0
C103548,69,West,Health,Agent,12,75041,2052.4,0,0.0,3.8,1
C103549,35,East,Health,Online,5,18000,1521.48,0,0.0,4.8,1
C103550,55,North,Health,Partner,14,26829,1726.78,0,0.0,4.1,1
C103551,43,Central,Auto,Branch,10,52731,1262.35,0,0.0,2.4,1
C103552,48,North,Home,Agent,1,72147,509.42,0,0.0,3.7,1
C103553,72,West,Life,Branch,2,43348,1655.54,0,0.0,4.0,1
C103554,59,North,Auto,Online,7,64041,895.03,0,0.0,4.5,1
C103555,42,North,Auto,Partner,15,87602,1817.92,0,0.0,4.5,0
C103556,43,North,Health,Agent,11,52186,2565.02,0,0.0,4.1,0
C103557,58,South,Auto,Branch,10,47893,1606.65,1,3061.35,3.6,0
C103558,38,West,Auto,Branch,9,60493,2127.54,0,0.0,4.0,1
C103559,27,East,Home,Agent,14,55240,2109.5,0,0.0,3.9,0
C103560,45,West,Health,Branch,8,56594,1804.46,0,0.0,2.3,1
C103561,21,West,Auto,Branch,6,48744,1294.46,0,0.0,4.1,1
C103562,27,North,Home,Online,6,47372,628.82,0,0.0,3.1,0
C103563,42,North,Auto,Branch,8,33920,1273.5,0,0.0,4.9,1
C103564,64,West,Auto,Agent,3,63039,1500.98,0,0.0,3.5,1
C103565,63,West,Home,Branch,15,33284,1559.87,0,0.0,4.1,1
C103566,33,East,Health,Branch,14,37292,1422.95,0,0.0,4.2,1
C103567,42,South,Health,Online,6,30439,1420.1,0,0.0,4.4,0
C103568,26,Central,Home,Online,11,46129,1078.42,0,0.0,4.2,1
C103569,61,North,Home,Online,12,52467,2066.15,0,0.0,4.0,1
C103570,32,West,Life,Branch,9,32205,2409.76,0,0.0,5.0,1
C103571,64,North,Health,Partner,1,47206,1403.07,0,0.0,4.4,1
C103572,66,West,Health,Branch,1,54911,1550.91,0,0.0,3.2,0
C103573,57,East,Home,Branch,11,23752,1755.68,0,0.0,3.6,1
C103574,37,West,Auto,Agent,1,38330,1273.46,0,0.0,5.0,0
C103575,73,North,Home,Agent,13,84484,1719.34,0,0.0,2.5,1
C103576,57,East,Auto,Partner,6,39245,1009.85,1,2453.95,3.3,0
C103577,55,North,Health,Online,12,64752,1846.5,0,0.0,3.3,1
C103578,67,West,Home,Agent,2,42865,961.93,0,0.0,3.2,0
C103579,69,North,Health,Online,6,55602,2403.5,0,0.0,3.0,1
C103580,22,North,Auto,Online,2,37649,1467.26,0,0.0,4.2,1
C103581,69,West,Health,Agent,7,18000,1939.3,0,0.0,4.3,0
C103582,62,North,Home,Online,1,44062,1770.78,0,0.0,3.9,1
C103583,29,South,Life,Agent,4,59953,1169.88,1,3165.09,3.4,1
C103584,35,Central,Health,Online,4,64209,2744.0,0,0.0,3.5,1
C103585,61,Central,Auto,Agent,8,54575,419.17,0,0.0,4.4,1
C103586,30,Central,Health,Online,0,38007,1255.09,0,0.0,4.5,0
C103587,44,South,Health,Partner,5,68565,1058.22,0,0.0,4.7,1
C103588,57,East,Auto,Agent,11,39005,1566.12,0,0.0,3.1,1
C103589,55,West,Life,Branch,6,40107,465.45,0,0.0,3.5,1
C103590,70,North,Health,Agent,9,34356,2348.66,0,0.0,3.7,0
C103591,24,West,Health,Online,13,44385,1572.02,0,0.0,4.4,0
C103592,35,North,Health,Branch,8,46680,1231.64,0,0.0,3.6,1
C103593,75,Central,Auto,Online,14,57280,462.34,0,0.0,4.3,0
C103594,50,West,Health,Agent,15,27648,1337.37,0,0.0,2.8,1
C103595,32,East,Health,Agent,8,43713,2159.67,0,0.0,4.1,0
C103596,34,East,Auto,Branch,7,37589,1762.73,0,0.0,3.4,1
C103597,37,North,Home,Partner,5,59696,1797.05,0,0.0,3.1,1
C103598,50,South,Health,Online,13,57446,2678.87,0,0.0,3.9,0
C103599,34,West,Health,Branch,12,33469,2611.53,1,961.04,3.9,1
C103600,54,East,Life,Agent,3,60860,1550.3,0,0.0,3.0,1
C103601,43,East,Health,Branch,10,51058,2435.08,0,0.0,4.6,1
C103602,53,South,Health,Partner,4,66277,1499.21,0,0.0,3.3,1
C103603,26,West,Life,Agent,15,40370,2250.34,0,0.0,5.0,1
C103604,54,South,Auto,Online,5,62628,1098.99,0,0.0,3.3,1
C103605,71,North,Health,Branch,1,67570,749.33,0,0.0,3.2,1
C103606,25,Central,Home,Agent,15,53241,1823.52,0,0.0,3.2,0
C103607,36,East,Health,Partner,9,89761,1483.11,0,0.0,3.8,1
C103608,58,East,Life,Agent,14,60847,2531.28,0,0.0,4.4,0
C103609,53,Central,Health,Partner,14,83730,1368.8,0,0.0,3.4,1
C103610,57,South,Health,Online,7,97393,1577.35,0,0.0,3.8,1
C103611,50,Central,Auto,Branch,7,21888,1693.12,0,0.0,3.5,0
C103612,57,West,Auto,Agent,13,72730,638.14,0,0.0,4.1,1
C103613,53,West,Health,Branch,6,61294,2468.92,0,0.0,3.9,1
C103614,22,South,Auto,Partner,3,56381,1094.09,0,0.0,5.0,1
C103615,61,North,Health,Branch,9,40105,2159.51,0,0.0,4.0,1
C103616,43,East,Auto,Branch,9,35956,852.57,0,0.0,4.1,1
C103617,20,North,Auto,Online,13,33044,1299.14,0,0.0,4.4,1
C103618,41,North,Health,Online,2,92019,1963.2,0,0.0,2.9,0
C103619,43,East,Home,Agent,7,60773,1059.95,0,0.0,3.3,1
C103620,23,West,Auto,Agent,9,27535,989.13,0,0.0,4.0,1
C103621,75,North,Home,Online,15,33053,2216.0,0,0.0,4.7,0
C103622,30,West,Auto,Branch,3,18000,1589.43,0,0.0,3.5,0
C103623,37,Central,Auto,Branch,9,73439,1353.04,0,0.0,3.7,0
C103624,43,West,Life,Online,9,52815,1048.04,0,0.0,3.7,1
C103625,66,West,Life,Online,15,61165,1559.66,0,0.0,4.1,1
C103626,61,West,Health,Agent,6,52044,3032.85,0,0.0,4.7,1
C103627,62,South,Health,Agent,2,69060,2672.16,0,0.0,3.5,0
C103628,31,South,Life,Partner,8,44857,1010.34,0,0.0,4.5,1
C103629,67,Central,Health,Agent,13,57318,2367.64,0,0.0,2.6,1
C103630,66,West,Auto,Online,2,56933,1361.69,0,0.0,4.4,1
C103631,44,West,Auto,Branch,11,31115,1736.21,0,0.0,3.9,0
C103632,49,Central,Auto,Online,8,38985,1416.52,0,0.0,3.8,1
C103633,20,South,Home,Agent,12,46548,1586.61,0,0.0,4.3,1
C103634,62,South,Health,Agent,5,57778,2662.76,0,0.0,3.8,1
C103635,73,West,Auto,Partner,13,76992,1305.23,0,0.0,2.7,1
C103636,45,North,Auto,Branch,2,54083,1607.35,0,0.0,3.6,1
C103637,49,East,Auto,Online,8,50421,1278.43,0,0.0,3.9,1
C103638,46,Central,Home,Agent,8,57580,785.47,1,5755.19,3.4,1
C103639,22,West,Life,Online,4,49173,783.61,0,0.0,3.6,0
C103640,53,South,Health,Online,2,51591,2232.25,0,0.0,3.6,0
C103641,59,West,Home,Agent,15,79286,1314.93,0,0.0,3.6,0
C103642,71,North,Auto,Agent,6,47985,1485.67,0,0.0,3.4,1
C103643,71,Central,Health,Branch,14,56715,2300.35,0,0.0,3.6,0
C103644,46,North,Health,Online,5,40391,1972.5,0,0.0,4.2,1
C103645,73,Central,Auto,Agent,10,74695,923.57,0,0.0,2.7,1
C103646,48,East,Health,Partner,8,35595,2061.44,0,0.0,3.6,1
C103647,55,East,Life,Agent,6,50706,1586.92,0,0.0,3.7,1
C103648,52,East,Auto,Agent,7,69685,1618.7,0,0.0,3.8,1
C103649,75,South,Health,Branch,4,36412,1811.54,0,0.0,3.1,1
C103650,60,East,Life,Branch,2,67622,2183.26,0,0.0,3.9,1
C103651,24,Central,Home,Agent,10,18000,1257.06,0,0.0,3.8,0
C103652,22,Central,Health,Partner,4,32345,1699.13,0,0.0,3.4,1
C103653,41,North,Auto,Online,8,50305,802.16,0,0.0,3.5,0
C103654,47,West,Life,Online,8,95374,2238.43,0,0.0,4.1,1
C103655,56,Central,Auto,Agent,15,54618,978.96,0,0.0,2.9,0
C103656,45,Central,Auto,Online,13,55002,1219.46,0,0.0,4.1,1
C103657,47,East,Auto,Online,2,72659,1373.17,0,0.0,4.0,1
C103658,71,North,Health,Online,0,32446,2021.47,0,0.0,2.9,1
C103659,37,Central,Health,Branch,15,18000,1236.65,0,0.0,3.8,1
C103660,46,South,Home,Agent,1,83209,1766.67,0,0.0,3.1,1
C103661,50,South,Health,Branch,11,62884,2120.32,0,0.0,4.7,1
C103662,45,West,Life,Online,12,43985,1587.87,1,1588.66,3.0,1
C103663,74,South,Health,Agent,13,53032,2080.88,0,0.0,4.6,0
C103664,73,Central,Health,Online,5,70938,1776.31,0,0.0,3.8,0
C103665,47,North,Auto,Online,5,49673,1157.38,1,2564.48,3.8,0
C103666,44,West,Auto,Branch,4,54608,1452.23,0,0.0,3.9,1
C103667,52,Central,Health,Online,2,88636,2220.64,0,0.0,3.0,1
C103668,28,Central,Home,Branch,3,29616,983.1,0,0.0,3.4,0
C103669,42,Central,Auto,Branch,3,61310,1206.82,0,0.0,3.5,1
C103670,30,Central,Health,Branch,15,30004,1877.21,0,0.0,2.9,1
C103671,26,South,Auto,Agent,7,80138,1331.57,0,0.0,3.7,1
C103672,23,Central,Health,Partner,8,57276,1983.04,1,1230.3,3.5,1
C103673,52,Central,Auto,Online,10,39637,1584.85,0,0.0,3.2,0
C103674,18,East,Auto,Partner,2,24990,1804.03,0,0.0,4.4,1
C103675,55,East,Auto,Online,15,45697,350.0,0,0.0,3.5,1
C103676,43,North,Life,Agent,6,55341,1973.0,0,0.0,3.0,1
C103677,39,East,Home,Partner,8,72852,969.63,0,0.0,4.3,1
C103678,62,West,Auto,Online,4,32315,1346.97,0,0.0,3.2,1
C103679,49,East,Auto,Branch,4,37157,707.9,0,0.0,3.3,1
C103680,60,East,Health,Agent,2,43053,1105.4,0,0.0,4.2,1
C103681,59,East,Auto,Partner,8,38047,1852.72,0,0.0,3.4,1
C103682,19,North,Home,Online,15,42738,2079.52,0,0.0,4.5,1
C103683,30,Central,Health,Agent,0,34987,984.86,0,0.0,3.7,1
C103684,51,South,Life,Online,7,59509,1115.22,0,0.0,3.6,1
C103685,74,North,Auto,Online,6,43307,1282.96,0,0.0,4.1,1
C103686,26,North,Life,Branch,11,52195,1463.77,0,0.0,3.4,0
C103687,24,Central,Home,Branch,11,57477,2803.4,0,0.0,4.4,1
C103688,72,Central,Home,Branch,14,27171,1666.55,0,0.0,3.8,1
C103689,74,North,Life,Branch,4,62685,1118.81,0,0.0,4.1,1
C103690,27,North,Health,Branch,3,55770,1772.51,0,0.0,2.9,1
C103691,41,East,Auto,Agent,7,55789,1247.18,0,0.0,3.3,1
C103692,54,North,Health,Agent,2,49601,1368.97,0,0.0,2.9,1
C103693,29,West,Home,Branch,7,47148,1602.43,0,0.0,4.5,1
C103694,36,North,Life,Branch,4,52969,1251.4,0,0.0,3.5,1
C103695,40,East,Health,Online,5,53723,1893.02,0,0.0,3.4,1
C103696,55,South,Home,Agent,11,30757,2346.2,0,0.0,3.5,0
C103697,35,East,Auto,Online,2,80355,1252.79,1,8911.0,3.2,1
C103698,41,East,Auto,Branch,6,39476,1279.06,0,0.0,4.7,0
C103699,34,North,Health,Online,10,53201,1828.4,1,2165.24,3.9,1
C103700,62,South,Health,Agent,7,72974,2293.72,0,0.0,3.1,1
C103701,26,North,Auto,Branch,13,45848,1242.06,0,0.0,3.5,0
C103702,31,North,Home,Partner,0,56266,1602.08,0,0.0,3.8,1
C103703,32,Central,Health,Agent,6,18000,907.69,0,0.0,4.0,0
C103704,70,South,Health,Partner,0,18000,930.85,0,0.0,3.7,1
C103705,72,South,Auto,Branch,0,51539,1327.94,0,0.0,3.1,1
C103706,47,North,Auto,Online,6,55410,1840.49,0,0.0,4.2,1
C103707,27,West,Home,Agent,4,71910,1204.76,0,0.0,3.7,1
C103708,61,Central,Life,Agent,2,66421,798.87,0,0.0,3.9,1
C103709,46,West,Auto,Online,15,23343,1354.92,0,0.0,2.7,1
C103710,67,West,Home,Agent,12,74829,1302.76,0,0.0,3.9,1
C103711,38,Central,Home,Online,6,30570,1310.36,0,0.0,4.6,1
C103712,75,East,Home,Branch,15,67530,704.18,0,0.0,3.7,0
C103713,64,Central,Health,Agent,1,43869,1548.89,0,0.0,3.5,0
C103714,30,West,Auto,Online,14,100884,787.92,0,0.0,3.5,0
C103715,60,North,Home,Agent,14,41374,1296.12,0,0.0,2.6,1
C103716,34,East,Health,Partner,7,50667,2626.39,0,0.0,3.7,0
C103717,38,South,Auto,Partner,11,54849,1002.3,0,0.0,3.4,1
C103718,32,North,Health,Partner,4,47635,1501.54,0,0.0,4.4,1
C103719,57,Central,Health,Partner,15,34051,1792.12,1,4904.27,2.8,1
C103720,33,North,Health,Agent,7,91674,2567.14,0,0.0,3.8,1
C103721,55,West,Life,Agent,3,41008,952.18,0,0.0,3.9,1
C103722,51,Central,Health,Agent,1,40363,1775.59,0,0.0,3.9,1
C103723,61,East,Auto,Partner,11,50031,1235.96,0,0.0,3.3,0
C103724,75,South,Life,Online,15,55478,1514.99,0,0.0,3.7,1
C103725,18,West,Auto,Agent,11,39672,388.36,0,0.0,4.0,0
C103726,75,Central,Auto,Online,10,69163,865.9,0,0.0,3.8,0
C103727,24,South,Life,Partner,12,54749,2407.21,0,0.0,3.9,1
C103728,48,South,Life,Online,4,52362,1594.76,0,0.0,2.9,1
C103729,37,West,Home,Partner,5,62046,1694.78,0,0.0,3.6,0
C103730,55,Central,Health,Partner,12,36725,2198.89,0,0.0,4.1,0
C103731,59,South,Health,Online,10,41469,1351.32,0,0.0,3.8,1
C103732,67,South,Home,Branch,3,51603,2038.58,0,0.0,2.5,1
C103733,41,Central,Life,Agent,0,68739,1795.71,0,0.0,3.8,1
C103734,72,North,Auto,Agent,12,47610,1179.53,0,0.0,3.6,1
C103735,36,North,Life,Online,13,46292,1400.97,0,0.0,3.4,1
C103736,29,East,Health,Agent,6,18000,1740.05,0,0.0,4.3,0
C103737,39,North,Auto,Agent,13,39517,1700.16,0,0.0,4.2,1
C103738,48,North,Auto,Branch,13,22290,1568.95,0,0.0,3.4,1
C103739,56,West,Auto,Branch,11,26774,1061.25,1,1717.18,3.6,0
C103740,66,West,Life,Agent,15,58584,1825.18,0,0.0,3.7,0
C103741,31,East,Health,Online,15,111739,1571.95,0,0.0,3.5,1
C103742,35,South,Home,Online,5,55496,1071.72,0,0.0,4.6,1
C103743,72,East,Auto,Online,14,57990,768.21,0,0.0,3.6,0
C103744,43,West,Home,Partner,8,38311,1278.92,0,0.0,3.7,0
C103745,32,Central,Health,Agent,6,33129,2426.5,0,0.0,3.6,1
C103746,75,West,Life,Branch,3,89011,1421.88,0,0.0,3.8,0
C103747,44,West,Health,Partner,11,37503,2180.41,0,0.0,4.7,0
C103748,75,Central,Home,Agent,12,18000,1244.66,0,0.0,4.3,1
C103749,71,Central,Health,Agent,3,56420,2307.65,0,0.0,4.8,1
C103750,70,North,Health,Partner,7,44264,2254.79,0,0.0,4.2,1
C103751,51,Central,Life,Agent,14,62725,1619.25,0,0.0,4.1,0
C103752,64,Central,Health,Online,15,80217,2544.56,0,0.0,2.5,1
C103753,73,South,Life,Branch,7,58642,1622.76,0,0.0,4.0,1
C103754,33,North,Auto,Partner,14,56084,1051.81,0,0.0,3.5,1
C103755,20,West,Home,Branch,13,63873,1864.53,0,0.0,3.2,1
C103756,36,East,Life,Branch,4,100685,1655.99,0,0.0,3.4,1
C103757,54,West,Life,Branch,7,93013,2065.48,0,0.0,3.6,1
C103758,49,East,Health,Agent,1,46313,1697.19,0,0.0,3.0,1
C103759,22,North,Health,Online,0,69096,1939.78,0,0.0,3.6,1
C103760,50,South,Home,Partner,9,84150,1590.84,0,0.0,5.0,1
C103761,28,Central,Auto,Online,0,64482,1047.23,0,0.0,3.0,0
C103762,47,North,Life,Branch,5,50806,1828.88,0,0.0,4.0,0
C103763,51,West,Auto,Agent,2,43039,788.08,0,0.0,3.9,1
C103764,54,South,Auto,Branch,4,53775,1221.33,0,0.0,3.9,1
C103765,41,East,Home,Branch,3,31483,1629.92,1,1172.43,3.5,1
C103766,41,East,Health,Branch,8,68116,1695.0,0,0.0,4.0,1
C103767,57,South,Auto,Online,12,77037,1531.15,0,0.0,3.2,1
C103768,61,West,Auto,Agent,8,44855,1194.05,0,0.0,3.5,0
C103769,64,West,Life,Online,12,43890,1953.65,0,0.0,3.8,1
C103770,37,North,Health,Online,8,32990,2164.38,0,0.0,5.0,1
C103771,42,South,Life,Agent,11,60405,1815.39,0,0.0,3.6,1
C103772,37,West,Auto,Partner,4,51804,1702.19,0,0.0,3.2,0
C103773,48,West,Health,Partner,5,26019,893.93,0,0.0,4.2,1
C103774,25,East,Auto,Agent,2,104468,1693.18,1,1803.53,4.0,0
C103775,42,West,Health,Branch,8,19991,2712.88,0,0.0,3.8,0
C103776,28,North,Auto,Online,2,26084,1687.92,0,0.0,2.9,0
C103777,48,North,Auto,Online,10,68911,1291.83,0,0.0,3.9,1
C103778,67,West,Health,Branch,11,63828,1451.12,0,0.0,3.4,0
C103779,75,West,Home,Branch,14,39143,1584.89,1,3508.43,3.6,0
C103780,43,Central,Health,Branch,7,37983,1678.65,0,0.0,3.4,1
C103781,21,North,Health,Online,15,60242,1527.73,0,0.0,3.9,1
C103782,31,East,Health,Agent,7,58806,1600.72,0,0.0,3.4,1
C103783,24,West,Health,Online,11,39330,1844.5,0,0.0,2.9,1
C103784,62,South,Home,Branch,15,69890,1370.61,0,0.0,4.4,1
C103785,75,East,Home,Online,8,62293,2404.8,0,0.0,3.4,1
C103786,50,West,Home,Agent,14,76057,1449.01,1,2027.91,3.6,0
C103787,28,South,Auto,Agent,9,51103,1474.67,0,0.0,4.7,1
C103788,19,South,Health,Online,1,66583,1033.02,1,8625.35,3.2,0
C103789,74,South,Home,Agent,7,47891,1988.19,0,0.0,4.1,1
C103790,36,Central,Life,Branch,12,61739,1445.95,0,0.0,3.2,1
C103791,24,South,Health,Online,10,58441,2165.07,0,0.0,4.2,1
C103792,28,North,Health,Agent,3,67266,1415.52,0,0.0,3.4,1
C103793,32,North,Home,Partner,4,61351,1291.13,0,0.0,2.6,1
C103794,56,North,Life,Online,11,18001,2006.5,0,0.0,4.3,1
C103795,69,South,Health,Online,12,40722,1806.35,0,0.0,3.8,1
C103796,33,West,Auto,Branch,2,53497,1180.38,0,0.0,3.9,1
C103797,57,North,Home,Agent,7,60395,1226.86,1,4126.89,3.6,0
C103798,21,South,Home,Partner,2,66848,1678.68,0,0.0,3.3,0
C103799,18,North,Auto,Online,4,61876,582.16,1,2980.3,4.1,0
C103800,21,East,Auto,Partner,15,39316,556.35,0,0.0,3.9,1
C103801,71,North,Health,Agent,0,68526,1113.25,0,0.0,3.3,1
C103802,51,West,Home,Online,8,37437,2255.25,0,0.0,3.9,1
C103803,64,West,Home,Agent,7,74739,1420.66,1,2182.6,4.4,1
C103804,19,West,Auto,Agent,5,75939,1149.21,0,0.0,3.6,1
C103805,19,South,Auto,Online,14,51818,1268.58,0,0.0,3.8,1
C103806,67,Central,Home,Online,14,40335,2003.97,0,0.0,4.7,1
C103807,23,West,Auto,Online,0,39471,1549.96,0,0.0,5.0,1
C103808,27,North,Health,Agent,4,32308,1356.92,0,0.0,3.2,1
C103809,48,East,Health,Online,3,35393,1922.57,0,0.0,3.8,1
C103810,53,West,Auto,Online,1,48752,1621.34,0,0.0,3.8,0
C103811,31,South,Home,Online,8,41930,1976.66,1,5759.2,4.2,1
C103812,43,South,Auto,Branch,6,23022,1118.12,0,0.0,4.7,1
C103813,57,West,Home,Partner,6,43296,501.97,0,0.0,3.6,1
C103814,43,North,Home,Online,11,53672,2365.34,1,3761.37,2.7,0
C103815,40,Central,Health,Partner,15,45896,2592.27,0,0.0,3.8,1
C103816,22,North,Life,Branch,10,35891,1741.02,1,776.08,3.5,1
C103817,44,North,Auto,Partner,9,18000,2058.3,0,0.0,4.3,1
C103818,64,North,Home,Agent,7,72618,2073.87,0,0.0,3.1,0
C103819,54,South,Auto,Agent,6,51287,1045.39,0,0.0,3.5,1
C103820,69,Central,Life,Branch,8,57773,1242.28,0,0.0,4.4,0
C103821,25,Central,Auto,Agent,4,55255,799.12,0,0.0,3.9,0
C103822,18,Central,Health,Partner,8,60953,2289.19,0,0.0,3.9,1
C103823,49,East,Auto,Partner,6,56331,1115.1,0,0.0,4.0,0
C103824,28,East,Health,Agent,5,53775,1948.42,0,0.0,3.7,1
C103825,52,South,Auto,Agent,13,65739,757.6,0,0.0,3.1,1
C103826,70,North,Auto,Agent,1,69602,1681.56,0,0.0,3.7,1
C103827,37,Central,Auto,Branch,13,76899,1185.01,0,0.0,3.8,0
C103828,49,East,Auto,Branch,2,37026,1333.53,1,4948.23,4.5,1
C103829,57,East,Home,Branch,6,56490,1515.46,0,0.0,3.6,0
C103830,26,East,Health,Online,11,23103,3293.31,0,0.0,4.2,0
C103831,70,West,Auto,Partner,14,43335,1634.18,0,0.0,4.0,1
C103832,29,South,Life,Online,12,48454,1727.49,0,0.0,4.5,1
C103833,64,West,Home,Online,11,65336,1729.32,0,0.0,3.9,1
C103834,56,West,Auto,Online,6,49880,1705.27,0,0.0,3.4,1
C103835,26,Central,Health,Online,5,64111,2131.93,1,1322.03,5.0,1
C103836,60,North,Health,Agent,5,45788,2552.95,0,0.0,2.9,1
C103837,29,North,Health,Online,13,41601,1998.07,0,0.0,3.5,1
C103838,52,East,Life,Online,9,37561,1574.27,0,0.0,3.8,0
C103839,73,Central,Health,Online,1,64433,2322.97,1,551.36,4.6,1
C103840,73,Central,Life,Online,0,45189,1635.88,0,0.0,3.5,0
C103841,68,East,Home,Partner,1,18000,1346.66,0,0.0,3.1,1
C103842,46,South,Life,Agent,9,63443,2009.65,0,0.0,4.0,0
C103843,50,North,Health,Online,15,35273,1857.74,0,0.0,4.6,1
C103844,35,West,Home,Agent,7,55477,723.84,0,0.0,3.0,1
C103845,71,South,Home,Agent,3,31676,2002.53,0,0.0,4.0,1
C103846,45,East,Home,Agent,7,52265,1949.6,0,0.0,4.0,1
C103847,62,Central,Auto,Online,11,18000,999.89,1,5597.76,3.2,1
C103848,38,South,Auto,Branch,0,51394,1475.52,0,0.0,3.0,1
C103849,60,South,Auto,Online,10,36247,1705.42,0,0.0,4.0,0
C103850,31,North,Auto,Online,15,29181,1526.4,0,0.0,3.4,1
C103851,60,South,Life,Partner,14,65755,350.0,0,0.0,3.6,1
C103852,20,West,Home,Agent,2,49864,1791.58,0,0.0,4.4,1
C103853,24,South,Auto,Online,15,47606,879.8,0,0.0,4.0,1
C103854,38,North,Health,Online,1,38962,1498.41,0,0.0,3.7,1
C103855,45,North,Auto,Branch,7,68102,1274.59,0,0.0,4.9,0
C103856,59,North,Home,Online,6,44175,917.4,0,0.0,4.2,0
C103857,38,West,Life,Agent,10,78779,1931.57,0,0.0,3.4,1
C103858,19,West,Auto,Online,12,74132,1275.49,0,0.0,4.2,1
C103859,36,East,Health,Online,9,77655,2020.02,0,0.0,4.5,1
C103860,43,East,Life,Agent,12,69424,1927.13,0,0.0,4.1,1
C103861,49,North,Home,Online,15,41087,829.39,0,0.0,4.5,1
C103862,55,East,Life,Agent,8,52944,2365.62,0,0.0,4.4,0
C103863,32,North,Auto,Online,9,48345,1052.85,0,0.0,3.8,1
C103864,53,Central,Auto,Partner,8,67087,1454.67,0,0.0,4.5,1
C103865,54,North,Home,Agent,4,51809,1856.38,0,0.0,4.5,1
C103866,63,East,Auto,Online,7,47622,1217.44,0,0.0,4.0,1
C103867,48,North,Home,Online,8,81845,1638.08,0,0.0,5.0,1
C103868,65,West,Home,Branch,0,46106,1735.91,0,0.0,3.5,0
C103869,30,North,Auto,Branch,6,40760,1229.87,1,2816.19,3.3,0
C103870,59,Central,Health,Agent,4,44765,2148.6,0,0.0,3.0,1
C103871,20,North,Home,Online,10,71282,1430.25,0,0.0,4.0,1
C103872,23,Central,Life,Agent,6,55380,1864.43,0,0.0,3.5,1
C103873,68,West,Auto,Online,2,60252,1595.81,1,444.85,3.3,0
C103874,45,South,Home,Online,8,56248,1823.25,0,0.0,4.2,1
C103875,54,South,Auto,Agent,7,18000,1963.69,0,0.0,3.4,1
C103876,52,South,Life,Branch,10,32761,1731.19,0,0.0,3.5,1
C103877,58,Central,Home,Agent,11,46982,785.15,0,0.0,4.5,1
C103878,32,Central,Auto,Online,15,57665,1759.7,0,0.0,3.3,1
C103879,28,North,Home,Online,9,34282,1563.17,0,0.0,4.5,1
C103880,20,South,Home,Agent,8,33727,984.63,0,0.0,5.0,1
C103881,68,South,Home,Agent,4,46379,1595.3,1,2523.18,4.3,1
C103882,30,North,Auto,Branch,10,75873,1821.57,0,0.0,3.4,1
C103883,51,West,Home,Agent,6,18000,1242.54,0,0.0,2.9,1
C103884,44,South,Home,Agent,15,18000,1614.13,0,0.0,3.6,1
C103885,27,South,Auto,Agent,10,83236,1256.82,0,0.0,3.5,1
C103886,42,Central,Auto,Partner,4,24453,1778.53,0,0.0,2.7,1
C103887,22,West,Life,Partner,15,44704,1961.81,0,0.0,3.3,0
C103888,28,West,Health,Agent,7,24986,1636.23,0,0.0,3.6,1
C103889,26,North,Health,Branch,9,46554,2436.32,0,0.0,4.1,1
C103890,65,Central,Life,Online,11,49550,2564.21,0,0.0,4.1,1
C103891,50,East,Auto,Online,10,80992,1555.14,0,0.0,3.9,1
C103892,71,East,Home,Online,9,64972,1285.19,0,0.0,4.3,1
C103893,43,North,Health,Branch,11,28904,1696.67,0,0.0,3.8,0
C103894,29,Central,Auto,Partner,14,18000,645.99,0,0.0,3.7,0
C103895,53,East,Life,Branch,2,60994,2052.77,0,0.0,2.7,1
C103896,71,Central,Home,Branch,9,42647,1075.43,1,2543.56,3.1,1
C103897,48,West,Auto,Online,9,38984,998.41,1,3081.37,3.8,1
C103898,19,West,Life,Partner,14,73326,1119.26,0,0.0,2.9,1
C103899,35,West,Life,Online,9,20384,1565.04,0,0.0,4.5,0
C103900,71,Central,Home,Partner,2,45406,1452.21,0,0.0,3.8,1
C103901,48,South,Auto,Online,12,63354,1585.15,0,0.0,5.0,1
C103902,73,South,Auto,Online,12,30755,779.44,0,0.0,4.0,1
C103903,47,West,Home,Agent,13,75366,1428.62,0,0.0,4.0,1
C103904,18,East,Life,Online,3,33790,1488.35,0,0.0,3.3,1
C103905,68,East,Auto,Online,2,50732,1093.21,0,0.0,4.7,1
C103906,62,West,Health,Branch,0,39520,2140.97,0,0.0,4.0,1
C103907,59,East,Auto,Branch,6,18000,586.81,0,0.0,3.8,1
C103908,74,West,Health,Online,1,44429,1898.41,1,1164.37,3.9,0
C103909,29,South,Home,Agent,12,66261,1453.61,1,5462.99,3.5,1
C103910,70,Central,Auto,Agent,9,33378,1603.16,0,0.0,3.3,1
C103911,31,North,Home,Online,5,40692,1340.84,0,0.0,3.6,1
C103912,74,West,Health,Agent,4,42704,1455.13,0,0.0,3.8,0
C103913,29,Central,Health,Agent,7,61649,2051.9,0,0.0,4.7,1
C103914,49,South,Life,Partner,2,45525,1915.72,0,0.0,3.4,0
C103915,63,South,Auto,Agent,6,52417,1129.76,1,536.27,3.9,1
C103916,22,South,Auto,Branch,10,52652,1254.88,0,0.0,3.2,0
C103917,21,East,Health,Agent,7,42578,3431.8,0,0.0,4.1,1
C103918,67,East,Health,Branch,7,82413,1613.05,1,3430.37,3.8,1
C103919,21,North,Auto,Branch,13,33545,1135.3,0,0.0,3.4,1
C103920,53,Central,Life,Agent,6,64653,505.54,0,0.0,4.1,1
C103921,72,South,Auto,Online,1,74964,1285.28,0,0.0,3.1,1
C103922,53,East,Auto,Partner,8,49511,1278.34,1,2917.73,3.5,1
C103923,45,East,Home,Agent,2,53095,593.4,0,0.0,3.5,0
C103924,42,North,Life,Agent,13,61547,2185.48,0,0.0,4.5,0
C103925,55,North,Health,Agent,2,45317,1539.24,0,0.0,3.5,1
C103926,51,Central,Auto,Online,11,18000,1316.67,0,0.0,4.6,0
C103927,47,West,Auto,Agent,7,47511,1444.73,0,0.0,4.5,1
C103928,26,North,Auto,Agent,7,81624,1639.94,0,0.0,4.9,1
C103929,56,West,Health,Agent,14,62239,2063.85,0,0.0,2.4,1
C103930,60,East,Home,Online,13,53388,2521.04,0,0.0,4.1,0
C103931,59,North,Health,Branch,2,65612,1890.94,0,0.0,4.5,1
C103932,22,West,Health,Agent,13,49401,1692.67,0,0.0,4.0,1
C103933,58,East,Home,Branch,5,52531,1166.89,0,0.0,3.8,0
C103934,60,South,Auto,Online,6,44238,1787.64,0,0.0,4.2,1
C103935,28,Central,Auto,Agent,13,60595,1515.16,1,1140.2,3.1,0
C103936,67,South,Home,Online,2,42350,1007.52,0,0.0,4.7,1
C103937,48,South,Auto,Branch,6,46325,952.32,1,2958.96,3.5,0
C103938,45,South,Auto,Agent,1,67821,813.9,0,0.0,3.5,0
C103939,59,West,Auto,Agent,9,48502,1408.36,0,0.0,2.5,0
C103940,47,West,Health,Partner,10,62175,2493.11,0,0.0,4.2,1
C103941,49,Central,Health,Online,9,63663,2139.59,0,0.0,3.2,0
C103942,36,South,Health,Agent,14,50619,3184.07,0,0.0,4.6,1
C103943,71,West,Health,Branch,11,45709,1702.14,0,0.0,4.4,1
C103944,74,East,Health,Agent,0,28244,1407.46,0,0.0,3.6,0
C103945,25,South,Auto,Branch,3,32265,1159.34,0,0.0,2.6,0
C103946,60,North,Home,Partner,7,62964,1189.77,0,0.0,3.4,0
C103947,19,Central,Life,Branch,7,62631,655.04,0,0.0,3.9,0
C103948,39,South,Health,Online,3,34183,1305.58,0,0.0,3.9,1
C103949,74,West,Health,Online,8,59135,1515.64,0,0.0,3.5,1
C103950,28,East,Home,Partner,8,55894,1202.53,0,0.0,4.7,1
C103951,39,North,Auto,Online,7,68839,1516.67,0,0.0,3.4,1
C103952,30,Central,Auto,Agent,13,90979,1712.41,0,0.0,2.7,1
C103953,60,Central,Life,Partner,6,62347,1572.75,0,0.0,4.2,1
C103954,44,East,Auto,Branch,12,39566,1229.49,0,0.0,4.2,1
C103955,52,West,Auto,Online,11,65381,1525.66,0,0.0,3.8,1
C103956,72,East,Health,Branch,15,33245,2266.43,0,0.0,3.6,1
C103957,48,West,Health,Agent,10,91985,1828.35,0,0.0,3.7,1
C103958,60,North,Health,Partner,7,29925,1526.35,0,0.0,3.6,1
C103959,23,East,Auto,Agent,0,59893,1787.92,0,0.0,4.1,1
C103960,30,South,Home,Agent,10,52034,1097.78,0,0.0,3.9,1
C103961,72,East,Auto,Online,8,44554,1728.38,0,0.0,3.5,1
C103962,67,East,Life,Online,14,43421,2186.89,1,5871.31,4.2,1
C103963,56,North,Auto,Agent,9,76512,1128.77,0,0.0,4.5,1
C103964,39,Central,Auto,Branch,11,62196,1656.75,1,2143.15,3.6,1
C103965,29,North,Health,Agent,14,49258,895.24,1,6204.62,3.5,0
C103966,67,North,Auto,Partner,15,83180,895.78,1,6019.17,4.1,1
C103967,63,South,Health,Online,3,49864,2219.25,0,0.0,4.8,1
C103968,32,West,Auto,Online,3,65228,1058.9,0,0.0,3.6,1
C103969,52,North,Health,Agent,12,27873,733.79,0,0.0,3.8,1
C103970,53,East,Auto,Branch,2,28834,1314.16,0,0.0,3.8,1
C103971,45,West,Health,Agent,13,64776,2748.33,0,0.0,3.7,1
C103972,71,North,Auto,Agent,2,57545,1076.96,0,0.0,3.8,1
C103973,25,Central,Auto,Online,5,90641,708.17,0,0.0,5.0,1
C103974,32,South,Auto,Branch,13,39304,1072.17,0,0.0,3.6,1
C103975,23,West,Home,Partner,2,64163,1267.57,0,0.0,4.3,0
C103976,58,North,Home,Branch,0,47577,853.8,0,0.0,3.3,1
C103977,55,West,Auto,Branch,12,67268,1001.64,0,0.0,3.6,1
C103978,75,Central,Auto,Agent,12,65838,1680.52,0,0.0,2.1,1
C103979,49,North,Auto,Branch,12,51505,1422.23,0,0.0,3.8,1
C103980,26,North,Auto,Branch,7,38670,1511.98,0,0.0,3.0,1
C103981,44,South,Health,Online,12,45894,1419.74,0,0.0,4.1,1
C103982,23,North,Health,Agent,11,31970,2331.69,0,0.0,3.6,1
C103983,56,Central,Life,Partner,6,58566,1963.59,0,0.0,2.9,1
C103984,57,East,Home,Partner,11,18000,436.38,0,0.0,3.7,0
C103985,67,West,Auto,Branch,3,41540,1079.3,1,7575.48,3.3,1
C103986,37,Central,Auto,Online,6,68274,660.03,1,2991.18,4.8,1
C103987,35,Central,Auto,Branch,13,67843,969.88,0,0.0,3.9,0
C103988,22,Central,Auto,Online,2,22982,1665.27,1,1532.14,2.9,0
C103989,42,South,Health,Online,6,62492,1043.9,0,0.0,4.1,1
C103990,45,South,Auto,Agent,9,31459,1823.33,0,0.0,4.0,1
C103991,61,South,Auto,Agent,9,45190,1047.75,0,0.0,3.5,1
C103992,61,South,Auto,Agent,15,65787,1437.12,1,5877.23,3.4,1
C103993,26,South,Home,Agent,10,34447,1691.25,1,974.54,3.9,1
C103994,34,North,Auto,Branch,0,77685,1192.81,1,1667.15,2.9,0
C103995,47,South,Life,Online,15,56624,2039.45,0,0.0,4.9,1
C103996,37,East,Health,Online,3,60329,1001.11,0,0.0,4.4,1
C103997,19,South,Auto,Branch,9,71390,1986.96,0,0.0,4.0,1
C103998,67,North,Health,Partner,13,68029,1910.6,0,0.0,3.1,0
C103999,60,South,Health,Partner,9,66458,2873.19,0,0.0,4.5,1
C104000,48,East,Health,Online,1,40161,2563.53,0,0.0,3.2,1
C104001,36,West,Health,Agent,5,32003,1140.71,0,0.0,3.9,0
C104002,66,West,Auto,Branch,0,46919,1296.92,0,0.0,3.6,0
C104003,20,South,Auto,Online,6,60539,665.14,0,0.0,4.3,1
C104004,43,North,Auto,Agent,14,28859,2189.22,0,0.0,3.6,0
C104005,64,South,Home,Agent,4,62491,1608.08,0,0.0,3.1,0
C104006,73,North,Health,Branch,12,58740,2650.91,0,0.0,3.4,0
C104007,32,South,Home,Online,0,48727,968.21,0,0.0,3.7,1
C104008,55,Central,Life,Online,4,53107,1767.8,0,0.0,4.5,1
C104009,29,North,Health,Online,9,53172,2770.62,0,0.0,3.9,1
C104010,24,South,Life,Agent,15,59949,2023.5,0,0.0,3.2,1
C104011,38,West,Health,Online,9,65436,1759.17,0,0.0,4.4,1
C104012,69,East,Health,Agent,11,103686,2064.45,0,0.0,4.1,1
C104013,57,North,Health,Agent,12,55043,1417.7,0,0.0,3.4,1
C104014,46,North,Auto,Online,1,40406,1226.82,0,0.0,3.4,1
C104015,34,Central,Auto,Online,15,18000,771.21,0,0.0,3.8,1
C104016,26,North,Health,Online,7,26657,1191.4,0,0.0,3.6,1
C104017,33,West,Auto,Partner,4,38367,1912.72,0,0.0,4.2,0
C104018,26,West,Auto,Online,13,64410,1329.77,0,0.0,4.0,1
C104019,28,South,Home,Agent,7,44892,2121.24,1,876.28,3.0,0
C104020,57,West,Health,Agent,10,59321,2348.39,0,0.0,3.8,0
C104021,25,North,Auto,Online,5,38823,839.05,0,0.0,4.0,1
C104022,20,South,Auto,Partner,9,60198,1110.19,0,0.0,3.2,1
C104023,49,South,Life,Branch,2,67703,1857.74,0,0.0,3.5,1
C104024,34,Central,Life,Agent,6,44760,1432.94,0,0.0,4.0,1
C104025,44,South,Home,Online,7,59830,1673.89,0,0.0,4.6,1
C104026,26,North,Auto,Online,3,44073,1562.56,0,0.0,4.2,1
C104027,30,Central,Health,Online,14,29826,2670.92,0,0.0,3.5,1
C104028,43,North,Auto,Agent,9,61967,1537.51,0,0.0,4.6,1
C104029,58,Central,Home,Partner,13,59429,1768.79,0,0.0,3.5,1
C104030,42,West,Health,Agent,2,62682,2109.52,0,0.0,4.0,1
C104031,49,East,Home,Online,6,69200,2261.03,0,0.0,4.6,1
C104032,48,West,Health,Online,12,47521,1025.37,0,0.0,4.2,0
C104033,33,West,Life,Agent,2,48847,1800.28,0,0.0,3.4,0
C104034,34,North,Health,Online,3,46872,1864.17,0,0.0,4.0,1
C104035,42,Central,Health,Agent,14,58215,1650.6,0,0.0,4.0,1
C104036,19,Central,Health,Partner,1,49503,2668.21,0,0.0,3.1,0
C104037,57,Central,Health,Agent,7,54266,2521.95,0,0.0,3.6,1
C104038,53,West,Life,Online,1,39028,1754.93,0,0.0,4.2,1
C104039,35,East,Health,Online,5,33503,2296.57,0,0.0,3.7,0
C104040,39,East,Life,Agent,13,35643,1329.38,1,2388.74,3.1,0
C104041,37,North,Health,Online,5,59499,700.77,0,0.0,2.9,1
C104042,55,East,Auto,Partner,7,51228,760.46,1,737.69,2.6,1
C104043,62,West,Auto,Agent,14,43116,1122.28,0,0.0,5.0,1
C104044,24,West,Auto,Agent,6,63940,1617.99,0,0.0,3.3,1
C104045,41,South,Life,Branch,9,78241,1813.16,0,0.0,3.4,1
C104046,18,East,Auto,Online,8,43094,1415.28,0,0.0,4.5,0
C104047,44,West,Auto,Online,11,32488,1023.25,0,0.0,3.4,0
C104048,32,East,Auto,Agent,9,69012,1768.39,0,0.0,3.5,0
C104049,37,Central,Home,Online,13,52278,1504.45,0,0.0,4.4,1
C104050,44,West,Life,Online,14,48699,2195.44,0,0.0,4.0,1
C104051,36,North,Home,Partner,15,70320,1902.11,0,0.0,3.0,0
C104052,40,North,Auto,Branch,5,47274,1480.4,0,0.0,3.5,1
C104053,62,West,Health,Online,2,59147,2103.84,0,0.0,4.4,1
C104054,64,East,Auto,Partner,2,54885,1483.38,0,0.0,3.5,1
C104055,18,Central,Life,Online,12,110401,1773.78,1,2119.69,3.7,1
C104056,39,North,Auto,Branch,13,49583,1392.36,0,0.0,3.8,1
C104057,67,North,Life,Agent,3,68863,1254.05,0,0.0,4.4,1
C104058,48,South,Home,Agent,7,47488,1407.05,0,0.0,3.3,1
C104059,29,West,Home,Branch,0,60101,1498.16,0,0.0,2.8,0
C104060,52,Central,Home,Online,9,48472,1273.2,1,4974.64,4.2,1
C104061,26,Central,Auto,Partner,11,66317,1534.89,0,0.0,3.0,1
C104062,19,East,Auto,Online,2,50278,994.66,0,0.0,3.1,1
C104063,54,Central,Health,Partner,14,61063,1275.68,0,0.0,4.3,0
C104064,47,North,Auto,Online,13,38392,1319.32,0,0.0,3.7,1
C104065,61,East,Home,Online,15,37661,440.2,0,0.0,4.0,1
C104066,38,Central,Health,Online,15,18123,2383.59,0,0.0,2.8,1
C104067,67,South,Life,Agent,1,58584,2178.77,1,718.66,3.8,0
C104068,42,Central,Life,Agent,7,40318,1251.33,0,0.0,3.2,1
C104069,60,South,Auto,Agent,6,91519,1351.75,0,0.0,4.4,0
C104070,23,North,Auto,Branch,0,43498,1472.64,0,0.0,3.7,1
C104071,23,East,Health,Agent,14,74435,2400.46,0,0.0,4.2,1
C104072,63,Central,Auto,Agent,0,72599,2092.97,0,0.0,3.9,1
C104073,66,South,Home,Online,11,47572,1618.11,0,0.0,3.8,1
C104074,72,Central,Home,Branch,4,38739,1292.22,0,0.0,3.4,1
C104075,36,North,Home,Partner,9,49576,1991.68,0,0.0,3.4,0
C104076,19,West,Health,Agent,7,72428,1728.55,0,0.0,4.4,1
C104077,74,East,Life,Agent,3,93139,2274.55,0,0.0,2.7,1
C104078,52,North,Health,Agent,6,29773,2304.18,0,0.0,3.0,1
C104079,32,West,Life,Online,11,52257,1803.89,0,0.0,3.8,1
C104080,62,West,Home,Agent,9,41119,1775.01,0,0.0,2.6,1
C104081,70,East,Home,Online,3,45489,1328.55,0,0.0,3.6,0
C104082,34,South,Auto,Branch,4,82724,888.23,0,0.0,3.7,1
C104083,62,North,Home,Online,11,38148,2070.15,0,0.0,4.4,0
C104084,63,Central,Auto,Online,3,23067,697.55,0,0.0,4.6,1
C104085,47,West,Health,Online,9,55636,2861.57,0,0.0,3.1,1
C104086,54,Central,Health,Agent,15,58832,1490.85,0,0.0,3.9,0
C104087,33,West,Auto,Branch,9,44421,799.06,0,0.0,4.3,1
C104088,71,Central,Auto,Partner,4,39736,1184.36,1,1386.62,3.6,1
C104089,75,North,Auto,Agent,10,54886,1447.96,0,0.0,4.1,1
C104090,74,East,Home,Online,15,27702,1647.23,0,0.0,3.7,1
C104091,60,West,Home,Branch,10,59592,1616.83,0,0.0,3.5,0
C104092,20,North,Life,Branch,9,45741,1707.6,0,0.0,3.4,0
C104093,39,North,Home,Branch,9,76966,1710.54,0,0.0,4.0,1
C104094,43,West,Health,Agent,1,57731,1898.52,0,0.0,4.4,1
C104095,73,Central,Home,Agent,0,49238,1530.32,0,0.0,4.0,1
C104096,49,West,Health,Online,9,47865,1426.38,0,0.0,3.4,1
C104097,49,North,Auto,Online,7,18000,1656.55,0,0.0,3.4,1
C104098,26,Central,Life,Partner,15,49766,1300.04,0,0.0,3.1,1
C104099,64,North,Life,Online,7,48342,1766.36,0,0.0,3.3,1
C104100,37,South,Auto,Online,13,52926,1425.19,1,4958.71,3.8,1
C104101,23,Central,Home,Online,10,48575,1682.8,0,0.0,3.3,0
C104102,75,West,Auto,Online,4,77710,1431.52,1,1075.15,3.2,0
C104103,29,Central,Life,Partner,13,47159,1701.89,0,0.0,4.3,0
C104104,18,Central,Health,Online,1,36810,2251.81,0,0.0,3.6,1
C104105,22,West,Auto,Agent,11,22035,1089.34,0,0.0,3.6,0
C104106,44,South,Home,Branch,7,43973,1728.71,0,0.0,3.7,1
C104107,23,South,Health,Online,11,33153,1624.2,0,0.0,4.2,1
C104108,66,Central,Auto,Online,1,28637,1227.06,0,0.0,3.6,0
C104109,47,Central,Home,Agent,3,46388,961.83,0,0.0,2.6,0
C104110,36,South,Home,Online,4,72489,1992.9,0,0.0,3.8,0
C104111,18,South,Health,Online,9,68830,463.66,1,1129.71,3.3,1
C104112,45,South,Home,Agent,14,28924,1350.44,0,0.0,4.7,0
C104113,26,South,Auto,Online,14,52660,1336.29,0,0.0,3.2,1
C104114,74,Central,Auto,Agent,10,59617,1155.85,0,0.0,4.1,1
C104115,34,North,Home,Partner,1,62524,1804.57,0,0.0,3.6,0
C104116,45,East,Auto,Online,12,80866,1151.72,0,0.0,5.0,1
C104117,19,Central,Health,Online,13,30946,2178.15,0,0.0,4.2,1
C104118,25,East,Life,Online,8,36055,2496.05,0,0.0,4.8,1
C104119,30,East,Home,Online,1,40073,1355.02,0,0.0,2.4,1
C104120,20,South,Health,Agent,2,58594,1948.87,0,0.0,3.6,0
C104121,60,North,Health,Agent,12,18000,1812.74,0,0.0,3.4,1
C104122,72,South,Life,Online,2,47884,1711.77,0,0.0,4.3,1
C104123,75,North,Life,Online,5,19917,2065.95,0,0.0,4.1,1
C104124,33,North,Auto,Online,12,51958,1187.91,0,0.0,4.3,1
C104125,63,North,Health,Branch,2,89261,2000.95,1,1572.08,3.4,0
C104126,47,South,Auto,Agent,6,68218,2459.85,0,0.0,4.3,0
C104127,20,North,Auto,Branch,10,29928,1103.09,0,0.0,3.8,0
C104128,23,Central,Auto,Agent,7,44465,729.84,0,0.0,3.4,1
C104129,49,North,Health,Agent,14,35984,1763.5,0,0.0,3.8,1
C104130,42,South,Home,Agent,2,75302,1147.11,0,0.0,4.4,0
C104131,18,Central,Life,Online,9,18000,1993.57,0,0.0,4.2,1
C104132,71,North,Health,Branch,5,44094,2043.56,0,0.0,4.0,1
C104133,60,East,Health,Agent,8,39462,1517.0,0,0.0,4.1,1
C104134,47,Central,Auto,Agent,2,30882,1278.39,0,0.0,3.8,1
C104135,75,East,Auto,Agent,10,81854,1156.62,0,0.0,3.5,1
C104136,74,South,Auto,Agent,3,23809,1121.1,0,0.0,3.8,1
C104137,74,West,Life,Branch,12,30503,1171.17,0,0.0,2.5,0
C104138,33,West,Auto,Online,14,80720,801.52,1,3096.69,2.3,1
C104139,69,South,Home,Agent,5,50207,1190.99,0,0.0,4.2,1
C104140,47,North,Auto,Online,11,48841,2103.16,0,0.0,3.3,1
C104141,60,North,Health,Online,8,40744,1229.89,0,0.0,3.3,1
C104142,67,Central,Life,Online,13,51961,1772.82,0,0.0,4.0,1
C104143,27,South,Life,Agent,14,44275,1936.8,1,2436.78,3.4,0
C104144,43,North,Auto,Agent,13,38777,1561.73,0,0.0,3.9,1
C104145,25,East,Life,Branch,4,26774,2388.18,0,0.0,3.1,0
C104146,34,Central,Auto,Agent,9,52725,1494.45,0,0.0,4.0,1
C104147,41,North,Home,Branch,1,41253,1938.86,0,0.0,3.4,1
C104148,67,North,Auto,Partner,4,43556,1196.37,0,0.0,4.4,1
C104149,68,East,Health,Online,5,63874,3055.11,0,0.0,3.7,0
C104150,40,West,Home,Branch,7,42897,907.68,0,0.0,4.0,0
C104151,37,East,Home,Online,13,50022,1698.59,0,0.0,3.5,1
C104152,48,Central,Life,Online,0,82127,966.88,0,0.0,4.9,0
C104153,70,North,Auto,Partner,7,58905,395.53,1,687.93,3.4,1
C104154,74,South,Life,Online,13,42284,1435.33,1,1465.82,3.8,1
C104155,31,South,Auto,Partner,3,32251,1033.59,0,0.0,4.2,1
C104156,28,South,Auto,Branch,12,49613,1654.76,0,0.0,3.6,1
C104157,58,East,Auto,Partner,1,66179,1126.69,0,0.0,5.0,0
C104158,35,West,Auto,Agent,8,41378,1211.9,1,3314.03,4.0,1
C104159,29,South,Auto,Agent,15,51220,1322.12,0,0.0,3.0,0
C104160,19,West,Home,Agent,6,40919,1442.01,0,0.0,4.0,1
C104161,41,North,Auto,Agent,10,44661,684.65,0,0.0,4.1,1
C104162,40,East,Health,Partner,2,29007,2591.34,1,4185.63,3.8,1
C104163,50,South,Auto,Agent,6,55787,917.49,0,0.0,3.2,1
C104164,29,East,Home,Agent,1,53506,2161.82,0,0.0,3.6,1
C104165,59,North,Auto,Partner,1,77453,1640.95,0,0.0,4.2,1
C104166,57,Central,Auto,Agent,5,52780,996.03,0,0.0,3.5,1
C104167,44,Central,Home,Branch,15,37995,1474.4,0,0.0,3.3,1
C104168,28,Central,Life,Online,14,76963,1240.42,0,0.0,3.4,1
C104169,47,Central,Life,Online,0,57379,701.87,0,0.0,3.5,1
C104170,57,North,Auto,Agent,1,54223,1384.87,0,0.0,2.6,1
C104171,39,East,Life,Agent,11,50558,1383.17,0,0.0,3.3,1
C104172,33,South,Health,Branch,15,53530,2867.34,0,0.0,4.0,0
C104173,47,Central,Life,Online,8,35227,2063.1,0,0.0,4.5,1
C104174,38,North,Auto,Online,8,49246,955.67,0,0.0,3.7,1
C104175,41,South,Auto,Partner,9,46770,1208.47,0,0.0,3.8,0
C104176,38,West,Auto,Agent,7,57138,986.5,0,0.0,3.7,0
C104177,35,North,Home,Agent,11,70815,1254.7,0,0.0,3.6,1
C104178,59,West,Auto,Online,1,68107,1207.26,0,0.0,3.2,1
C104179,44,South,Auto,Partner,0,59920,1177.14,0,0.0,3.0,1
C104180,45,West,Health,Partner,1,19695,1915.27,0,0.0,4.3,1
C104181,55,Central,Life,Agent,3,42891,1576.6,0,0.0,3.6,1
C104182,38,West,Health,Online,8,18000,1318.3,0,0.0,4.3,1
C104183,23,South,Home,Partner,4,70197,875.84,0,0.0,3.7,0
C104184,67,North,Auto,Partner,9,48551,931.16,0,0.0,4.5,1
C104185,21,North,Life,Agent,0,48070,1207.76,0,0.0,3.0,0
C104186,51,North,Auto,Agent,6,38377,1396.61,0,0.0,3.6,1
C104187,33,East,Auto,Agent,2,73473,1039.96,0,0.0,3.4,1
C104188,30,South,Health,Online,4,52551,2379.24,0,0.0,3.4,1
C104189,20,South,Auto,Branch,10,48663,1642.21,0,0.0,2.5,1
C104190,70,South,Home,Branch,0,52977,1768.15,0,0.0,3.7,1
C104191,42,Central,Home,Agent,12,54358,497.37,1,3545.03,3.8,0
C104192,37,North,Auto,Branch,4,48297,1672.74,0,0.0,4.5,1
C104193,60,South,Auto,Agent,13,73449,1255.15,0,0.0,3.5,0
C104194,20,East,Auto,Partner,11,73264,1104.26,1,7608.48,2.9,1
C104195,50,North,Auto,Online,14,52413,622.96,0,0.0,3.3,1
C104196,46,Central,Life,Partner,9,36724,1927.96,0,0.0,3.3,0
C104197,50,North,Health,Online,6,56609,3142.63,0,0.0,4.0,1
C104198,25,West,Auto,Online,2,40010,976.01,1,3222.29,3.0,0
C104199,73,West,Auto,Agent,1,76411,774.43,0,0.0,3.7,0
C104200,31,Central,Home,Online,12,79000,1258.6,0,0.0,3.3,1
C104201,57,West,Home,Online,10,63697,1084.97,0,0.0,3.8,1
C104202,61,West,Life,Branch,2,29842,1528.18,1,1912.95,4.5,1
C104203,37,East,Auto,Online,1,42348,1640.48,1,3885.52,3.7,0
C104204,25,East,Health,Branch,12,47129,1862.55,0,0.0,3.2,1
C104205,35,West,Auto,Online,0,35608,1678.62,0,0.0,5.0,1
C104206,64,East,Home,Agent,8,45289,1699.77,0,0.0,4.3,1
C104207,70,East,Health,Agent,5,54932,1918.61,0,0.0,4.1,1
C104208,72,South,Home,Agent,11,60236,1230.18,0,0.0,3.6,0
C104209,31,South,Auto,Agent,0,73930,1471.26,1,610.84,3.9,1
C104210,53,South,Home,Agent,1,50363,1401.61,0,0.0,4.1,1
C104211,26,North,Auto,Online,2,45353,997.4,0,0.0,3.3,1
C104212,59,East,Life,Online,11,27571,971.25,0,0.0,4.5,1
C104213,42,North,Auto,Agent,11,57011,1321.7,0,0.0,4.2,1
C104214,59,East,Home,Agent,11,42613,1917.32,0,0.0,3.7,1
C104215,57,West,Auto,Agent,9,47013,2159.81,0,0.0,3.4,1
C104216,75,East,Home,Online,2,40587,1737.76,0,0.0,4.6,1
C104217,46,West,Home,Partner,3,41097,1797.28,0,0.0,3.5,0
C104218,37,North,Health,Online,2,63697,1493.27,0,0.0,3.8,1
C104219,48,North,Auto,Partner,2,49756,1121.08,0,0.0,3.1,0
C104220,27,West,Auto,Online,11,78898,1236.24,0,0.0,3.3,1
C104221,24,Central,Auto,Partner,7,30658,790.99,0,0.0,4.8,1
C104222,48,West,Health,Agent,6,73293,2092.79,1,1930.5,4.3,1
C104223,65,West,Auto,Agent,2,41909,1111.68,0,0.0,4.3,0
C104224,48,West,Auto,Online,10,49791,1479.01,0,0.0,4.1,1
C104225,63,West,Auto,Partner,13,59686,1038.73,0,0.0,3.0,1
C104226,28,West,Auto,Online,0,69265,1110.87,0,0.0,4.1,1
C104227,44,West,Auto,Branch,14,69974,1457.65,0,0.0,4.0,1
C104228,53,North,Home,Online,2,69625,975.18,0,0.0,3.8,1
C104229,38,North,Auto,Agent,14,47048,1595.55,0,0.0,4.1,0
C104230,18,South,Life,Branch,11,83423,2093.92,0,0.0,4.8,1
C104231,22,East,Home,Agent,14,61865,729.33,0,0.0,3.5,0
C104232,71,West,Health,Agent,3,18000,1037.01,0,0.0,3.8,1
C104233,53,South,Life,Branch,9,51865,2053.65,0,0.0,3.2,1
C104234,33,South,Health,Agent,1,44411,1685.53,0,0.0,4.0,1
C104235,33,West,Health,Online,7,45635,1502.15,0,0.0,3.8,1
C104236,20,South,Auto,Agent,2,62733,1281.05,0,0.0,3.8,0
C104237,72,Central,Home,Branch,1,56802,1520.95,0,0.0,3.2,1
C104238,24,North,Auto,Online,13,39106,1459.81,0,0.0,3.5,1
C104239,62,South,Health,Agent,12,78334,2904.85,0,0.0,2.4,0
C104240,31,East,Auto,Online,5,28148,1701.93,0,0.0,3.9,1
C104241,37,South,Health,Partner,6,26932,1070.55,0,0.0,3.6,1
C104242,33,North,Health,Agent,8,31731,2651.67,0,0.0,3.8,1
C104243,65,South,Auto,Agent,9,59277,1183.87,0,0.0,3.7,1
C104244,19,South,Auto,Branch,9,57893,1292.98,0,0.0,4.1,0
C104245,38,South,Home,Branch,4,36658,1283.78,0,0.0,4.6,1
C104246,34,West,Auto,Online,5,40567,1765.69,0,0.0,3.4,1
C104247,33,North,Auto,Online,15,51206,1220.56,0,0.0,4.3,1
C104248,29,South,Auto,Agent,1,32047,1594.01,0,0.0,3.1,1
C104249,70,North,Life,Agent,6,65656,2044.03,0,0.0,3.5,1
C104250,39,Central,Home,Online,4,79473,1497.29,0,0.0,3.8,1
C104251,42,West,Health,Agent,3,48085,2108.42,0,0.0,4.1,0
C104252,40,Central,Life,Online,2,57521,1268.9,0,0.0,3.1,0
C104253,74,Central,Home,Online,1,53235,1806.85,0,0.0,3.1,0
C104254,37,South,Home,Online,14,75897,1422.03,0,0.0,3.9,1
C104255,37,West,Home,Online,13,86219,1538.42,0,0.0,2.2,1
C104256,37,South,Life,Agent,11,44846,1742.14,0,0.0,4.3,1
C104257,36,Central,Health,Online,14,51866,2844.05,0,0.0,4.3,0
C104258,23,East,Auto,Online,13,66732,1130.59,0,0.0,3.9,1
C104259,53,South,Auto,Branch,2,57494,1561.64,0,0.0,4.0,0
C104260,19,Central,Auto,Agent,12,34874,1642.12,0,0.0,2.7,1
C104261,31,Central,Health,Partner,12,18723,2867.52,0,0.0,4.1,1
C104262,29,Central,Life,Partner,0,40535,2236.57,0,0.0,4.0,1
C104263,34,North,Home,Agent,14,57188,710.55,0,0.0,2.7,1
C104264,61,South,Home,Branch,11,44194,1862.92,1,6460.27,3.5,1
C104265,52,South,Home,Online,15,32302,901.24,0,0.0,3.7,1
C104266,75,East,Life,Branch,7,40842,1669.4,0,0.0,2.6,1
C104267,38,East,Home,Agent,11,84241,1274.32,1,2284.75,3.3,1
C104268,71,South,Auto,Branch,12,30974,932.27,0,0.0,4.0,1
C104269,20,West,Health,Online,10,45622,1933.74,0,0.0,2.7,0
C104270,47,South,Health,Partner,15,41998,2062.24,0,0.0,4.1,1
C104271,64,West,Auto,Agent,2,86500,1288.44,1,7981.5,4.1,0
C104272,48,Central,Auto,Branch,5,24784,1477.02,0,0.0,3.0,1
C104273,72,West,Auto,Partner,1,37154,1635.05,0,0.0,2.8,1
C104274,36,South,Auto,Partner,9,52455,1092.66,0,0.0,4.3,1
C104275,19,North,Auto,Online,0,54333,1285.16,0,0.0,3.6,1
C104276,62,North,Life,Agent,4,71499,1912.69,0,0.0,4.3,1
C104277,21,West,Auto,Agent,11,69640,1462.21,0,0.0,3.7,1
C104278,62,East,Home,Agent,14,38640,1692.14,0,0.0,3.0,1
C104279,60,North,Auto,Agent,3,56955,1615.39,0,0.0,3.0,1
C104280,66,Central,Life,Branch,4,48197,1711.73,0,0.0,4.8,0
C104281,45,West,Home,Partner,0,43074,1648.31,0,0.0,2.7,1
C104282,69,Central,Life,Online,5,69604,1346.56,1,2332.57,3.4,1
C104283,27,East,Health,Online,11,55893,854.19,0,0.0,3.4,1
C104284,43,Central,Health,Branch,14,80016,2597.36,0,0.0,2.6,1
C104285,25,South,Health,Agent,6,59882,1241.12,1,3641.13,3.8,1
C104286,62,North,Health,Partner,1,68005,965.91,0,0.0,3.2,1
C104287,59,Central,Home,Branch,5,18000,1301.17,0,0.0,4.1,1
C104288,64,Central,Auto,Agent,7,52945,887.93,0,0.0,3.7,1
C104289,62,East,Auto,Agent,9,59127,1434.71,0,0.0,4.1,1
C104290,35,North,Life,Partner,9,60789,2060.92,0,0.0,2.5,0
C104291,21,South,Auto,Agent,12,79191,1818.38,0,0.0,3.6,1
C104292,71,West,Home,Online,9,62512,1419.23,0,0.0,4.4,1
C104293,46,Central,Auto,Agent,6,29567,889.79,0,0.0,3.4,1
C104294,23,South,Health,Online,1,61096,2863.44,0,0.0,3.6,0
C104295,71,North,Auto,Partner,14,66477,1237.61,0,0.0,3.1,1
C104296,75,West,Health,Online,0,40432,3310.57,0,0.0,3.7,1
C104297,43,West,Home,Agent,5,44009,1378.1,0,0.0,3.1,1
C104298,62,East,Life,Partner,6,65596,1419.42,0,0.0,3.6,0
C104299,20,East,Auto,Online,14,51503,1489.47,0,0.0,3.4,1
C104300,23,Central,Auto,Online,7,71154,958.71,0,0.0,4.5,0
C104301,34,South,Home,Online,6,54819,1596.17,0,0.0,4.4,1
C104302,56,East,Auto,Partner,15,18000,1251.85,0,0.0,3.1,1
C104303,25,West,Auto,Partner,5,52547,1155.22,0,0.0,5.0,1
C104304,19,East,Health,Agent,12,44349,3470.52,1,4144.29,3.7,1
C104305,56,Central,Home,Branch,0,62605,831.71,0,0.0,3.9,1
C104306,62,West,Auto,Branch,9,59145,1213.38,1,2558.2,4.3,0
C104307,60,East,Auto,Online,11,34566,652.9,1,316.5,3.9,1
C104308,64,North,Life,Online,3,55105,1091.15,0,0.0,3.4,1
C104309,64,West,Life,Partner,12,61185,1408.88,0,0.0,2.8,0
C104310,52,North,Home,Online,14,59531,1889.83,0,0.0,1.9,1
C104311,48,North,Home,Agent,0,69126,1896.66,0,0.0,4.8,1
C104312,67,East,Life,Online,3,33138,1673.31,0,0.0,4.0,0
C104313,38,East,Home,Agent,2,48731,642.33,0,0.0,3.9,1
C104314,23,Central,Home,Online,15,18000,1932.32,0,0.0,4.2,1
C104315,61,West,Health,Online,4,72782,3198.71,0,0.0,3.5,1
C104316,34,Central,Auto,Online,15,53739,1151.12,0,0.0,4.2,1
C104317,74,South,Home,Partner,6,49988,1712.2,0,0.0,3.0,1
C104318,42,East,Home,Online,15,49695,1956.33,0,0.0,4.0,1
C104319,67,Central,Auto,Agent,8,60644,1209.26,0,0.0,4.2,1
C104320,20,East,Health,Agent,4,70732,2048.92,0,0.0,3.2,1
C104321,56,Central,Home,Online,8,46759,479.55,1,984.05,5.0,1
C104322,43,East,Auto,Branch,2,59371,1386.65,0,0.0,2.9,1
C104323,44,South,Home,Online,3,59162,1393.6,0,0.0,4.2,1
C104324,33,East,Auto,Agent,10,18000,747.87,1,2980.33,3.5,1
C104325,74,South,Health,Agent,12,39256,1621.41,0,0.0,4.6,1
C104326,40,North,Life,Partner,6,59839,2487.67,0,0.0,3.6,0
C104327,67,South,Life,Branch,13,74209,1419.95,0,0.0,3.2,0
C104328,42,South,Life,Online,6,76463,1663.66,0,0.0,4.4,1
C104329,20,South,Home,Branch,5,29956,1859.79,0,0.0,3.3,1
C104330,69,Central,Health,Branch,8,69989,1891.39,0,0.0,4.2,0
C104331,28,South,Home,Partner,6,70597,2403.39,0,0.0,3.0,1
C104332,33,Central,Auto,Partner,11,59429,1556.02,0,0.0,3.4,1
C104333,67,East,Health,Branch,14,18000,2622.29,0,0.0,3.3,0
C104334,69,North,Health,Agent,5,42332,999.01,0,0.0,3.0,1
C104335,71,North,Health,Online,7,53950,2152.54,0,0.0,3.2,0
C104336,42,Central,Health,Partner,5,47753,2202.87,0,0.0,4.6,0
C104337,61,West,Auto,Partner,9,18000,1559.79,0,0.0,5.0,0
C104338,37,Central,Auto,Online,9,47297,1837.99,0,0.0,2.9,1
C104339,60,South,Auto,Agent,7,35248,1405.01,0,0.0,4.5,0
C104340,47,West,Health,Online,1,62635,1558.18,0,0.0,4.1,1
C104341,21,West,Auto,Online,14,60639,1683.53,1,2173.39,3.7,1
C104342,42,Central,Life,Agent,11,61415,1640.59,0,0.0,3.0,1
C104343,45,North,Auto,Online,11,45351,1264.11,0,0.0,4.5,1
C104344,32,Central,Home,Branch,12,52365,1260.1,0,0.0,2.7,0
C104345,39,South,Auto,Online,0,50490,1099.68,1,2802.29,3.5,1
C104346,47,Central,Life,Agent,14,68445,1225.3,0,0.0,3.3,1
C104347,20,East,Home,Agent,1,42400,1846.19,1,4685.15,3.3,1
C104348,26,East,Life,Branch,12,38371,1560.93,0,0.0,4.5,1
C104349,62,South,Life,Online,15,69308,1692.27,0,0.0,2.8,0
C104350,38,Central,Home,Online,8,66776,1503.26,0,0.0,3.2,0
C104351,53,South,Auto,Branch,11,60387,1121.37,0,0.0,3.5,1
C104352,50,East,Health,Branch,13,80428,1834.63,0,0.0,4.4,1
C104353,49,East,Auto,Agent,9,89591,1762.58,0,0.0,4.1,0
C104354,41,West,Life,Agent,7,74152,1375.65,0,0.0,4.8,1
C104355,46,East,Life,Partner,12,38548,1797.05,0,0.0,3.9,1
C104356,65,West,Auto,Online,12,66960,1352.4,1,3710.83,3.9,1
C104357,73,East,Home,Online,1,53984,1340.19,0,0.0,3.5,1
C104358,32,West,Auto,Partner,1,41879,942.15,0,0.0,2.1,0
C104359,56,West,Home,Branch,11,38660,1509.73,0,0.0,4.7,0
C104360,74,West,Health,Online,11,56847,2318.64,0,0.0,4.1,0
C104361,18,Central,Health,Partner,13,66703,1753.59,0,0.0,3.7,1
C104362,63,East,Life,Online,1,76828,1491.0,0,0.0,3.4,0
C104363,46,South,Auto,Branch,2,64134,736.49,0,0.0,4.6,1
C104364,74,West,Home,Agent,0,62331,1580.58,0,0.0,2.8,1
C104365,51,North,Home,Agent,4,48294,1191.3,0,0.0,3.0,0
C104366,66,South,Auto,Partner,8,55897,1165.82,0,0.0,3.5,0
C104367,27,West,Health,Branch,5,25092,2262.87,0,0.0,4.1,1
C104368,26,East,Auto,Online,1,62175,1573.03,0,0.0,3.7,0
C104369,71,East,Health,Branch,8,59771,1250.71,0,0.0,4.1,1
C104370,48,Central,Life,Branch,5,86456,1791.4,0,0.0,4.2,1
C104371,50,South,Auto,Agent,4,51285,704.01,0,0.0,3.6,0
C104372,27,North,Auto,Online,12,73443,1787.15,0,0.0,4.6,1
C104373,31,North,Health,Online,5,43461,2759.93,0,0.0,3.2,1
C104374,65,South,Auto,Partner,8,82547,1093.85,0,0.0,3.5,0
C104375,35,West,Auto,Agent,1,78091,1513.2,0,0.0,3.7,0
C104376,51,West,Health,Agent,11,72375,2241.28,0,0.0,4.2,0
C104377,36,East,Health,Agent,8,53084,1926.88,0,0.0,4.6,1
C104378,33,South,Life,Online,12,48000,2415.61,0,0.0,3.5,1
C104379,27,East,Health,Online,4,45322,1711.64,0,0.0,4.0,1
C104380,71,North,Health,Online,7,34491,1262.74,1,2181.33,3.1,1
C104381,72,West,Health,Online,6,60418,2155.71,0,0.0,3.8,1
C104382,24,West,Auto,Partner,15,47529,1448.48,0,0.0,4.0,0
C104383,38,North,Health,Online,1,58888,2283.59,0,0.0,4.2,1
C104384,50,Central,Home,Online,3,55057,1974.55,0,0.0,4.0,0
C104385,40,West,Life,Agent,15,32672,2060.61,1,1976.96,3.2,1
C104386,59,South,Auto,Partner,1,71103,936.89,0,0.0,3.6,1
C104387,33,West,Health,Online,4,53730,2141.22,0,0.0,3.6,1
C104388,21,West,Health,Online,5,67520,1753.02,1,3720.7,3.7,1
C104389,37,North,Auto,Branch,12,31023,846.02,0,0.0,3.5,0
C104390,52,South,Home,Agent,12,38250,1700.82,0,0.0,3.4,1
C104391,28,West,Auto,Agent,13,44937,1610.24,1,2745.27,3.2,1
C104392,65,Central,Life,Online,1,56372,2583.96,0,0.0,4.0,0
C104393,18,East,Health,Partner,3,50136,2559.48,0,0.0,3.3,1
C104394,21,East,Auto,Agent,7,76558,1063.75,0,0.0,3.1,1
C104395,47,West,Home,Branch,11,70623,1833.47,0,0.0,4.2,1
C104396,47,East,Auto,Partner,9,38843,1453.12,0,0.0,3.3,1
C104397,35,North,Home,Branch,8,105033,1445.4,0,0.0,3.5,1
C104398,32,South,Home,Online,12,50473,2169.94,1,2683.65,3.3,0
C104399,22,Central,Health,Branch,3,75242,2521.47,0,0.0,3.6,1
C104400,56,Central,Auto,Agent,13,46878,1566.58,0,0.0,3.9,1
C104401,39,Central,Health,Online,10,63245,1629.26,0,0.0,3.7,0
C104402,24,North,Health,Online,3,69098,1455.55,0,0.0,4.1,0
C104403,41,East,Home,Online,7,24923,1030.03,1,2628.73,3.5,1
C104404,72,East,Health,Partner,4,83445,1562.25,0,0.0,3.8,1
C104405,33,South,Health,Branch,4,37937,1797.43,1,695.31,4.2,1
C104406,69,South,Home,Branch,10,45716,2046.52,0,0.0,3.5,0
C104407,33,West,Home,Branch,4,41107,1133.42,0,0.0,3.9,0
C104408,28,West,Home,Agent,13,41790,1887.49,0,0.0,4.5,1
C104409,33,West,Auto,Partner,1,42638,899.66,0,0.0,3.3,0
C104410,36,South,Health,Online,2,30508,1252.8,0,0.0,3.0,0
C104411,24,East,Health,Online,14,65702,1530.45,0,0.0,3.9,1
C104412,52,North,Home,Agent,11,54074,447.19,0,0.0,4.0,1
C104413,37,North,Home,Branch,7,49511,350.0,0,0.0,4.1,0
C104414,59,East,Life,Branch,3,70290,1718.79,0,0.0,3.6,1
C104415,46,South,Auto,Partner,4,83796,625.91,0,0.0,3.7,0
C104416,43,Central,Home,Branch,2,23919,1606.98,0,0.0,3.5,0
C104417,45,East,Life,Online,14,81224,2367.11,0,0.0,4.2,1
C104418,27,North,Auto,Online,5,51583,1138.42,0,0.0,4.0,1
C104419,59,North,Auto,Agent,14,27683,1251.77,0,0.0,3.3,1
C104420,24,West,Auto,Branch,12,59429,1734.96,0,0.0,4.6,0
C104421,59,North,Health,Agent,5,49895,1854.48,0,0.0,4.2,0
C104422,75,North,Health,Online,11,67490,2195.45,0,0.0,3.4,1
C104423,62,East,Auto,Agent,7,54617,1649.59,0,0.0,3.3,1
C104424,44,South,Health,Branch,7,58422,2189.64,0,0.0,3.5,0
C104425,36,West,Home,Online,12,44166,1550.44,0,0.0,5.0,0
C104426,68,East,Life,Agent,11,33488,571.59,0,0.0,2.6,1
C104427,32,North,Home,Online,3,65352,1955.02,0,0.0,5.0,1
C104428,45,West,Life,Agent,6,42551,1760.98,1,3521.21,3.4,1
C104429,62,East,Health,Branch,14,59243,3112.24,0,0.0,3.3,1
C104430,71,West,Home,Online,3,78745,2008.55,0,0.0,4.6,1
C104431,71,North,Health,Branch,11,49124,2200.35,0,0.0,3.6,0
C104432,23,West,Life,Branch,13,64601,1733.92,0,0.0,4.8,1
C104433,70,South,Life,Online,9,51449,1084.08,0,0.0,3.9,0
C104434,24,East,Home,Partner,0,45436,1193.21,0,0.0,3.9,0
C104435,51,South,Health,Branch,13,23878,2149.2,0,0.0,3.8,1
C104436,71,Central,Auto,Agent,14,51291,1332.25,0,0.0,4.7,1
C104437,55,South,Auto,Online,10,49044,1443.4,1,3022.61,3.3,0
C104438,72,Central,Auto,Agent,12,36326,1379.61,0,0.0,3.6,1
C104439,37,Central,Auto,Online,0,18000,1030.26,0,0.0,3.8,0
C104440,36,East,Health,Online,11,21937,1841.96,0,0.0,3.9,1
C104441,36,South,Auto,Agent,12,84134,1276.68,0,0.0,4.7,1
C104442,38,South,Life,Partner,9,52681,1432.12,0,0.0,4.2,1
C104443,57,Central,Home,Online,8,26148,1228.17,0,0.0,3.8,1
C104444,44,West,Life,Branch,12,41162,2816.66,0,0.0,3.7,1
C104445,60,East,Health,Agent,10,52182,1465.38,0,0.0,3.2,1
C104446,42,North,Auto,Branch,0,60079,1186.47,1,3550.07,3.4,1
C104447,35,Central,Auto,Branch,2,47802,1818.76,0,0.0,4.1,1
C104448,29,North,Life,Agent,9,88382,2616.89,0,0.0,3.5,0
C104449,49,North,Auto,Agent,9,89230,1282.93,0,0.0,3.3,1
C104450,70,South,Home,Online,4,58894,1780.83,0,0.0,4.4,0
C104451,67,East,Auto,Online,2,45408,1991.76,0,0.0,4.4,1
C104452,32,Central,Auto,Agent,10,58887,1160.49,0,0.0,3.2,1
C104453,45,West,Auto,Online,4,28080,820.48,0,0.0,3.4,1
C104454,58,South,Health,Online,10,69991,2700.7,0,0.0,4.7,1
C104455,53,South,Auto,Online,10,55091,965.71,0,0.0,3.6,1
C104456,21,West,Life,Online,3,30274,1001.48,0,0.0,4.3,1
C104457,52,East,Auto,Agent,12,41483,1462.11,0,0.0,3.3,0
C104458,20,North,Auto,Online,2,62322,1082.22,0,0.0,3.7,1
C104459,24,South,Auto,Online,6,22027,1154.78,0,0.0,5.0,1
C104460,55,West,Life,Branch,9,35917,2318.04,0,0.0,3.0,0
C104461,23,Central,Home,Branch,14,43614,1379.06,0,0.0,3.3,1
C104462,37,West,Home,Partner,15,69554,1286.09,0,0.0,3.1,1
C104463,52,North,Health,Partner,11,82859,1272.62,1,7586.91,3.8,1
C104464,56,West,Life,Partner,10,58817,899.62,0,0.0,2.6,0
C104465,43,South,Auto,Branch,8,18000,1291.33,0,0.0,4.7,1
C104466,23,Central,Home,Online,7,31898,584.28,0,0.0,3.8,1
C104467,64,South,Home,Online,8,114922,2583.21,0,0.0,3.4,0
C104468,73,South,Auto,Partner,14,54833,1746.38,0,0.0,4.4,1
C104469,69,East,Auto,Partner,10,18000,855.84,1,3613.3,3.4,1
C104470,61,South,Health,Agent,13,94710,1446.67,0,0.0,4.6,0
C104471,41,South,Auto,Agent,8,27952,1318.16,0,0.0,3.9,1
C104472,68,East,Auto,Online,11,62323,1240.57,0,0.0,3.7,0
C104473,46,West,Health,Online,13,31367,2377.01,0,0.0,4.2,0
C104474,25,Central,Auto,Agent,6,91639,1347.83,0,0.0,4.2,1
C104475,67,South,Home,Online,10,26496,1983.95,1,1958.58,3.8,1
C104476,36,North,Health,Agent,7,41464,2737.75,0,0.0,3.3,1
C104477,72,East,Health,Branch,8,70882,1445.87,0,0.0,4.9,1
C104478,39,East,Health,Branch,4,42044,2321.81,0,0.0,3.6,1
C104479,68,South,Health,Partner,13,60754,1925.95,0,0.0,3.4,0
C104480,49,Central,Health,Online,13,66953,1767.86,0,0.0,4.5,1
C104481,45,Central,Life,Agent,14,55188,1282.8,0,0.0,4.1,1
C104482,35,North,Health,Agent,4,32000,2364.33,0,0.0,4.1,1
C104483,66,West,Home,Agent,15,37834,1259.19,0,0.0,3.5,0
C104484,21,West,Home,Partner,11,45098,1447.53,0,0.0,3.1,1
C104485,45,South,Health,Online,5,62572,1716.45,0,0.0,4.2,1
C104486,39,West,Auto,Online,13,66611,999.02,1,6586.7,3.5,1
C104487,49,North,Auto,Agent,8,55692,713.86,0,0.0,3.8,1
C104488,32,North,Health,Agent,8,64639,1504.45,0,0.0,4.7,1
C104489,56,Central,Home,Agent,12,23351,1677.67,0,0.0,4.6,1
C104490,40,West,Home,Online,2,57359,874.01,0,0.0,3.3,0
C104491,28,South,Home,Online,7,50832,1698.9,0,0.0,4.7,1
C104492,29,East,Auto,Agent,0,60914,1035.95,0,0.0,4.3,1
C104493,58,Central,Home,Branch,6,65541,1401.08,0,0.0,3.7,1
C104494,33,East,Health,Online,10,33080,2070.52,0,0.0,4.6,0
C104495,35,Central,Life,Partner,15,50020,1723.94,0,0.0,3.5,1
C104496,54,Central,Home,Agent,3,76021,1708.85,0,0.0,3.7,0
C104497,37,South,Health,Online,14,57471,1716.68,0,0.0,4.5,0
C104498,40,West,Home,Online,0,50195,1982.88,1,3125.37,3.3,0
C104499,32,West,Health,Online,0,30078,2180.9,0,0.0,3.3,1
C104500,38,West,Auto,Online,5,61771,1127.78,0,0.0,4.2,1
C104501,58,South,Health,Agent,4,26975,1341.46,0,0.0,3.5,1
C104502,48,North,Auto,Partner,9,48789,1653.3,0,0.0,4.1,1
C104503,75,North,Auto,Online,3,43158,1281.38,0,0.0,3.7,0
C104504,62,West,Home,Online,8,59082,1862.27,0,0.0,2.8,1
C104505,18,West,Health,Partner,15,41224,1662.67,0,0.0,3.6,1
C104506,39,West,Home,Agent,2,46088,1390.22,0,0.0,4.3,1
C104507,34,East,Health,Agent,6,35607,931.43,0,0.0,3.8,1
C104508,52,North,Home,Agent,9,47528,1051.82,0,0.0,3.7,1
C104509,33,North,Home,Online,6,55865,1118.54,0,0.0,3.4,1
C104510,74,West,Home,Online,6,45747,719.71,1,6950.8,4.2,1
C104511,35,East,Health,Partner,0,46357,2431.01,0,0.0,2.9,1
C104512,48,West,Life,Agent,7,54962,1239.23,0,0.0,3.7,1
C104513,25,North,Health,Online,14,70020,1445.02,0,0.0,4.9,1
C104514,70,East,Home,Partner,13,65403,1080.95,0,0.0,3.3,0
C104515,70,Central,Health,Agent,12,28712,1134.21,0,0.0,4.1,0
C104516,64,North,Auto,Online,1,65813,1419.33,0,0.0,3.7,0
C104517,38,North,Health,Partner,2,76621,2202.39,0,0.0,2.9,0
C104518,21,West,Health,Branch,8,64702,1918.39,0,0.0,4.3,1
C104519,59,East,Auto,Branch,4,18000,1317.56,0,0.0,2.6,0
C104520,42,Central,Health,Online,2,56766,1875.55,0,0.0,3.8,0
C104521,75,Central,Auto,Online,2,76903,1223.11,0,0.0,5.0,1
C104522,58,West,Life,Partner,2,43925,1459.0,0,0.0,3.7,1
C104523,49,North,Home,Online,1,104203,487.31,0,0.0,3.0,1
C104524,75,East,Auto,Partner,9,18000,675.52,1,2959.38,3.2,0
C104525,64,Central,Home,Branch,6,54631,1578.42,0,0.0,4.3,0
C104526,44,East,Health,Agent,10,65021,1378.3,0,0.0,3.8,1
C104527,19,Central,Home,Partner,3,55098,1116.43,1,1932.27,2.8,1
C104528,23,West,Health,Partner,9,54772,1400.67,1,5916.99,3.4,0
C104529,43,North,Auto,Partner,2,33278,1748.67,0,0.0,3.7,1
C104530,50,East,Auto,Agent,14,41644,1062.52,0,0.0,4.3,0
C104531,19,West,Home,Agent,2,62326,1314.44,0,0.0,3.4,0
C104532,25,North,Home,Online,12,18000,1378.48,0,0.0,4.0,0
C104533,58,South,Home,Online,10,68296,1724.76,1,2569.24,3.1,1
C104534,61,West,Auto,Partner,3,49947,1533.37,0,0.0,4.0,0
C104535,19,North,Home,Partner,1,61941,1100.36,0,0.0,3.1,1
C104536,47,South,Health,Online,10,67235,2673.21,0,0.0,3.8,0
C104537,22,West,Home,Branch,0,119145,1908.29,0,0.0,3.3,1
C104538,59,West,Auto,Partner,9,77177,1610.15,0,0.0,4.2,1
C104539,66,East,Home,Agent,10,30369,2207.48,0,0.0,4.0,1
C104540,68,Central,Life,Online,10,90911,2355.83,0,0.0,4.1,0
C104541,52,Central,Auto,Online,15,18000,1454.04,0,0.0,4.9,1
C104542,54,East,Home,Agent,6,44013,1915.85,0,0.0,4.2,1
C104543,71,North,Health,Partner,8,55125,536.6,0,0.0,4.2,1
C104544,53,West,Auto,Online,15,46168,994.72,0,0.0,4.4,1
C104545,43,South,Auto,Agent,13,57072,1149.02,0,0.0,3.6,1
C104546,61,Central,Home,Branch,7,48962,1357.53,0,0.0,3.6,1
C104547,52,East,Auto,Branch,6,75126,1365.54,0,0.0,3.7,1
C104548,66,South,Auto,Partner,12,43320,1568.79,0,0.0,2.9,1
C104549,48,East,Life,Branch,9,49918,2896.16,0,0.0,3.0,1
C104550,68,East,Health,Agent,7,83887,1489.02,0,0.0,3.9,1
C104551,20,Central,Home,Partner,13,69426,1143.47,0,0.0,4.4,1
C104552,20,South,Health,Agent,12,48942,2203.56,0,0.0,3.6,1
C104553,23,Central,Health,Agent,6,60502,1073.93,0,0.0,3.0,1
C104554,50,North,Home,Online,6,85708,1597.96,1,10492.79,3.1,0
C104555,59,West,Auto,Agent,10,27078,1705.49,0,0.0,2.8,1
C104556,30,Central,Auto,Online,0,32425,1376.43,0,0.0,4.8,1
C104557,27,South,Health,Partner,12,41657,2044.07,1,2717.03,3.4,0
C104558,67,North,Life,Online,7,55909,2015.59,0,0.0,4.2,1
C104559,61,Central,Health,Online,13,69431,2426.53,0,0.0,4.5,1
C104560,55,Central,Life,Partner,8,38232,1911.89,0,0.0,3.5,1
C104561,46,South,Home,Branch,6,35050,790.88,0,0.0,3.7,0
C104562,42,East,Health,Branch,1,28390,1766.02,0,0.0,3.7,1
C104563,19,Central,Health,Branch,0,35039,2491.49,0,0.0,4.2,1
C104564,28,South,Auto,Online,10,40196,935.04,0,0.0,4.0,0
C104565,70,West,Health,Online,3,18000,2081.19,1,1281.65,3.8,1
C104566,37,East,Auto,Branch,13,41896,1554.24,0,0.0,3.4,0
C104567,58,North,Health,Partner,7,33109,1930.03,0,0.0,3.3,0
C104568,58,Central,Auto,Agent,13,49050,1337.24,0,0.0,4.1,0
C104569,35,South,Life,Online,7,82565,997.0,0,0.0,4.1,0
C104570,29,Central,Health,Online,6,23318,2199.48,0,0.0,3.6,1
C104571,58,East,Health,Agent,2,70251,2120.14,1,1350.89,3.2,1
C104572,23,East,Health,Online,6,82018,1972.03,0,0.0,4.1,0
C104573,46,East,Auto,Online,13,69368,934.65,0,0.0,3.5,1
C104574,69,East,Auto,Agent,13,58163,1155.53,0,0.0,3.3,1
C104575,59,Central,Home,Agent,7,75652,1408.18,0,0.0,2.8,1
C104576,62,West,Health,Agent,15,63392,1628.48,0,0.0,4.2,1
C104577,22,West,Health,Agent,0,71993,1859.65,0,0.0,3.5,1
C104578,29,East,Home,Online,0,54136,1892.7,0,0.0,3.6,0
C104579,33,South,Auto,Online,0,32914,1572.42,0,0.0,4.0,1
C104580,34,North,Home,Agent,0,72948,683.6,0,0.0,3.7,0
C104581,29,West,Auto,Online,0,98973,1244.37,0,0.0,3.3,0
C104582,74,East,Life,Partner,0,45873,1554.59,0,0.0,3.5,0
C104583,27,East,Life,Online,12,52406,1271.35,0,0.0,4.2,0
C104584,59,East,Home,Branch,7,54016,2496.18,0,0.0,3.8,1
C104585,52,East,Auto,Online,12,25558,1407.13,0,0.0,4.5,0
C104586,53,West,Health,Agent,12,36731,2098.53,0,0.0,4.1,1
C104587,30,West,Home,Branch,11,57481,1579.14,0,0.0,4.0,0
C104588,35,Central,Health,Online,1,50310,2273.73,0,0.0,3.0,0
C104589,53,North,Auto,Agent,1,52301,993.21,0,0.0,4.6,1
C104590,35,East,Health,Online,11,52477,2343.7,0,0.0,4.0,1
C104591,58,North,Auto,Agent,15,49908,909.39,0,0.0,4.1,1
C104592,20,Central,Health,Partner,2,38217,1810.9,0,0.0,4.6,0
C104593,22,West,Auto,Agent,10,59829,1348.55,1,3051.25,3.7,1
C104594,60,East,Home,Branch,0,57913,1338.69,0,0.0,2.7,0
C104595,53,Central,Health,Online,3,36155,539.99,1,8804.03,2.5,1
C104596,20,East,Auto,Agent,9,59465,874.39,0,0.0,2.9,1
C104597,70,South,Auto,Branch,10,40778,895.39,0,0.0,3.1,1
C104598,18,East,Life,Online,9,63756,2222.59,0,0.0,4.6,1
C104599,73,North,Health,Online,7,51223,1972.95,0,0.0,4.3,0
C104600,60,Central,Home,Online,4,59096,1106.79,0,0.0,4.0,1
C104601,75,West,Home,Online,12,55168,1181.88,0,0.0,3.8,1
C104602,73,West,Health,Partner,5,50986,2470.8,0,0.0,4.7,1
C104603,36,Central,Health,Online,11,57887,2521.66,0,0.0,3.8,1
C104604,61,West,Health,Online,5,67158,2419.91,1,1340.63,2.9,0
C104605,30,East,Auto,Online,8,54169,1174.01,0,0.0,3.7,0
C104606,45,North,Health,Online,14,53877,2801.03,1,1880.03,4.1,1
C104607,31,South,Auto,Agent,6,45630,1506.84,0,0.0,4.1,1
C104608,46,Central,Life,Online,13,19264,1785.04,0,0.0,2.7,1
C104609,68,Central,Health,Online,0,52607,2745.18,0,0.0,3.7,1
C104610,43,West,Auto,Online,8,29206,1064.97,1,1016.33,4.5,1
C104611,23,South,Health,Branch,8,41813,1609.56,0,0.0,3.4,0
C104612,36,South,Auto,Agent,15,36412,972.78,0,0.0,3.3,1
C104613,63,Central,Health,Branch,4,39084,1956.01,0,0.0,3.7,1
C104614,48,North,Life,Online,9,40207,1458.86,0,0.0,4.7,0
C104615,50,East,Home,Online,9,60740,998.49,0,0.0,3.2,0
C104616,43,South,Home,Partner,1,57989,993.98,0,0.0,3.9,1
C104617,34,South,Health,Online,15,53997,1253.77,0,0.0,3.7,0
C104618,52,West,Health,Agent,7,73770,2194.67,0,0.0,2.9,1
C104619,54,Central,Auto,Online,6,107053,958.32,0,0.0,3.9,1
C104620,70,West,Health,Online,14,61134,1746.22,0,0.0,3.7,1
C104621,53,East,Health,Agent,1,68345,1566.04,0,0.0,3.7,1
C104622,75,East,Auto,Agent,10,57046,1045.01,0,0.0,3.4,1
C104623,65,Central,Auto,Online,0,63663,1709.56,0,0.0,3.8,0
C104624,22,East,Auto,Agent,15,22762,932.16,0,0.0,3.4,1
C104625,40,East,Auto,Agent,12,18000,1506.27,0,0.0,4.5,1
C104626,40,West,Auto,Agent,8,18000,825.68,0,0.0,3.1,1
C104627,18,South,Health,Branch,6,40757,1550.84,0,0.0,3.8,0
C104628,28,North,Health,Branch,14,76604,2391.02,0,0.0,3.5,0
C104629,62,Central,Health,Online,3,56596,2210.67,0,0.0,3.6,1
C104630,38,West,Auto,Online,12,44968,1124.55,0,0.0,3.8,1
C104631,26,North,Health,Branch,6,62250,1758.24,1,4514.23,3.1,0
C104632,34,South,Home,Online,13,58356,577.79,0,0.0,2.8,1
C104633,33,Central,Auto,Partner,11,27607,1882.98,0,0.0,4.5,1
C104634,28,West,Auto,Branch,15,60440,882.62,0,0.0,3.5,1
C104635,23,West,Health,Online,9,66982,2100.47,0,0.0,4.4,0
C104636,62,North,Auto,Branch,4,89815,1035.59,0,0.0,3.2,1
C104637,65,Central,Auto,Online,14,50568,720.89,0,0.0,4.4,1
C104638,46,Central,Health,Online,10,82488,1576.5,0,0.0,3.6,1
C104639,53,East,Health,Partner,11,44714,1668.44,0,0.0,3.7,1
C104640,71,South,Home,Branch,4,93876,1498.63,0,0.0,3.0,0
C104641,66,West,Life,Agent,8,41290,842.51,0,0.0,3.0,1
C104642,19,Central,Health,Branch,13,63568,2370.77,0,0.0,3.3,0
C104643,73,West,Health,Online,5,57159,986.55,0,0.0,4.5,1
C104644,21,Central,Life,Branch,9,78816,1875.66,0,0.0,4.4,1
C104645,19,West,Health,Partner,3,76387,1810.15,0,0.0,3.9,1
C104646,41,South,Life,Branch,2,33236,2032.57,0,0.0,4.6,1
C104647,61,East,Home,Agent,12,45948,1696.57,0,0.0,3.7,1
C104648,22,Central,Auto,Agent,6,90274,1988.5,0,0.0,3.4,0
C104649,34,South,Auto,Partner,3,53784,1344.08,0,0.0,3.4,1
C104650,33,South,Auto,Online,2,66651,732.7,0,0.0,4.1,1
C104651,41,West,Home,Partner,1,32734,1937.37,1,3628.03,3.3,0
C104652,75,East,Auto,Online,7,47574,1648.02,0,0.0,4.7,1
C104653,37,Central,Home,Online,4,39244,1669.51,0,0.0,3.6,0
C104654,30,North,Health,Online,1,68668,2037.38,0,0.0,4.4,1
C104655,25,South,Home,Agent,7,65277,1652.38,1,977.68,3.8,1
C104656,29,South,Home,Online,15,74025,1385.83,0,0.0,4.3,1
C104657,25,West,Auto,Agent,15,32465,1869.33,0,0.0,3.2,0
C104658,51,West,Auto,Partner,9,61876,1465.86,0,0.0,2.5,1
C104659,42,East,Health,Online,9,52363,1913.88,0,0.0,4.0,1
C104660,46,East,Home,Agent,15,18000,906.05,0,0.0,3.4,1
C104661,66,North,Home,Agent,12,60338,1339.5,0,0.0,4.0,0
C104662,51,West,Health,Agent,2,75256,852.09,0,0.0,3.9,1
C104663,26,Central,Home,Agent,8,80273,2503.09,0,0.0,3.5,1
C104664,39,West,Health,Partner,6,51364,1584.47,0,0.0,3.3,0
C104665,36,South,Auto,Agent,2,66932,1386.78,0,0.0,3.7,1
C104666,65,West,Life,Agent,14,61817,2834.97,1,1829.79,2.4,0
C104667,35,South,Health,Online,9,38318,1523.29,0,0.0,3.7,0
C104668,26,North,Home,Agent,11,35860,1087.6,0,0.0,3.7,1
C104669,60,North,Health,Online,12,51138,2329.9,1,3490.55,3.9,1
C104670,42,North,Health,Agent,1,47756,1741.79,0,0.0,3.2,1
C104671,23,South,Auto,Agent,5,53588,1245.24,0,0.0,3.7,0
C104672,58,West,Health,Branch,14,44481,1280.01,0,0.0,4.2,1
C104673,30,South,Auto,Agent,3,55824,952.74,0,0.0,3.9,0
C104674,68,West,Home,Agent,3,32805,1645.89,0,0.0,4.1,1
C104675,66,Central,Auto,Online,9,79424,1401.23,0,0.0,3.4,1
C104676,39,East,Auto,Branch,4,19242,769.9,0,0.0,3.4,1
C104677,50,East,Auto,Partner,13,50541,1599.81,1,3062.5,3.6,1
C104678,50,West,Health,Agent,11,48335,2480.43,0,0.0,3.2,1
C104679,55,North,Health,Online,12,49562,2219.12,0,0.0,3.7,1
C104680,22,East,Home,Agent,11,36809,1174.18,0,0.0,4.3,1
C104681,36,East,Home,Online,2,24801,1804.77,0,0.0,3.9,1
C104682,27,Central,Health,Agent,10,56326,1310.38,0,0.0,4.1,0
C104683,58,Central,Health,Online,2,48312,2202.39,0,0.0,4.7,0
C104684,22,Central,Auto,Agent,0,58921,1387.7,0,0.0,3.5,1
C104685,47,West,Health,Partner,15,22300,2567.57,0,0.0,4.6,1
C104686,60,East,Life,Online,3,82898,1957.66,0,0.0,3.7,1
C104687,73,Central,Health,Agent,11,50563,1768.59,0,0.0,3.0,1
C104688,34,Central,Life,Online,5,18000,661.91,0,0.0,4.0,1
C104689,18,East,Auto,Online,11,55398,960.68,0,0.0,3.7,1
C104690,59,Central,Home,Agent,6,43505,972.41,0,0.0,3.0,1
C104691,18,Central,Home,Branch,7,31602,1147.55,0,0.0,3.4,1
C104692,21,East,Home,Partner,1,74176,350.0,0,0.0,3.3,1
C104693,75,North,Home,Online,7,68735,1754.35,0,0.0,4.2,1
C104694,68,South,Auto,Online,10,58152,1444.8,0,0.0,4.8,1
C104695,59,West,Home,Agent,11,53386,1847.15,0,0.0,3.9,1
C104696,66,North,Health,Agent,14,61087,2650.35,0,0.0,4.0,1
C104697,22,East,Health,Branch,9,23597,1368.2,0,0.0,3.3,1
C104698,23,West,Auto,Branch,15,55450,1891.23,0,0.0,3.4,0
C104699,35,Central,Auto,Partner,10,74277,1580.24,0,0.0,4.0,0
C104700,19,Central,Life,Online,12,70721,1613.08,0,0.0,4.2,0
C104701,69,West,Auto,Partner,2,33089,1563.91,0,0.0,4.3,1
C104702,21,East,Health,Partner,3,55340,1740.28,0,0.0,3.5,1
C104703,49,North,Auto,Online,9,31790,1439.71,0,0.0,3.6,0
C104704,67,West,Health,Online,8,54827,1522.71,0,0.0,5.0,1
C104705,60,North,Home,Branch,7,38461,350.0,0,0.0,4.2,1
C104706,31,East,Life,Agent,14,36340,1459.82,0,0.0,4.2,1
C104707,45,Central,Health,Online,7,58446,1924.55,0,0.0,3.3,0
C104708,49,East,Auto,Agent,1,38936,1818.65,0,0.0,3.8,1
C104709,62,West,Auto,Agent,8,37696,1033.06,0,0.0,4.4,0
C104710,42,West,Auto,Partner,3,58329,565.48,0,0.0,4.1,1
C104711,34,Central,Health,Branch,0,25333,2517.51,0,0.0,4.2,0
C104712,64,East,Life,Partner,4,46204,1961.93,0,0.0,3.5,1
C104713,69,East,Auto,Agent,0,24333,1156.02,0,0.0,3.1,1
C104714,46,North,Health,Branch,9,27610,1869.67,0,0.0,3.5,1
C104715,19,West,Home,Online,7,73073,1250.34,0,0.0,4.1,1
C104716,47,South,Health,Agent,15,44506,550.18,0,0.0,3.5,0
C104717,69,East,Home,Partner,1,39090,2776.02,0,0.0,4.2,0
C104718,75,West,Health,Branch,7,67317,2848.53,0,0.0,3.8,1
C104719,41,North,Auto,Branch,14,81088,884.06,0,0.0,3.7,0
C104720,26,East,Health,Online,9,56529,901.72,0,0.0,3.9,1
C104721,51,North,Health,Online,5,70373,1533.8,0,0.0,3.0,0
C104722,66,South,Home,Branch,10,42071,1094.46,1,1152.34,2.9,1
C104723,72,North,Auto,Online,4,52979,1381.49,0,0.0,4.5,1
C104724,21,North,Health,Online,13,52132,3348.53,0,0.0,3.8,1
C104725,34,Central,Life,Branch,10,57829,2346.61,0,0.0,3.5,1
C104726,45,Central,Health,Online,4,69363,1431.07,0,0.0,3.1,1
C104727,23,West,Auto,Agent,1,25549,1572.31,0,0.0,4.0,1
C104728,69,West,Life,Online,10,35978,1311.07,0,0.0,2.8,1
C104729,24,West,Auto,Online,14,43265,856.98,0,0.0,4.2,1
C104730,56,Central,Home,Online,14,34537,2359.6,0,0.0,2.7,1
C104731,71,East,Auto,Online,10,56136,1402.1,1,3076.68,3.7,1
C104732,57,North,Life,Agent,15,55912,1818.08,0,0.0,4.3,1
C104733,62,West,Auto,Agent,13,53055,1316.19,0,0.0,3.6,1
C104734,33,Central,Health,Agent,6,44752,1507.91,0,0.0,3.7,1
C104735,65,South,Life,Partner,13,76260,1464.32,0,0.0,4.4,0
C104736,42,East,Health,Agent,1,55899,1617.29,0,0.0,2.8,0
C104737,21,South,Auto,Agent,14,49296,1335.87,0,0.0,3.6,0
C104738,39,South,Auto,Agent,14,53198,1571.19,0,0.0,3.4,0
C104739,38,West,Auto,Agent,9,65398,1504.75,0,0.0,3.7,1
C104740,48,South,Auto,Online,14,55851,1511.26,0,0.0,3.9,1
C104741,33,Central,Health,Partner,2,36444,1376.63,1,3570.28,4.0,0
C104742,44,West,Health,Agent,1,83731,1395.61,0,0.0,2.9,1
C104743,42,North,Life,Agent,5,60315,1711.2,1,3456.93,3.7,1
C104744,36,Central,Home,Agent,1,31264,1067.49,0,0.0,4.6,1
C104745,58,West,Life,Branch,3,19314,1756.53,0,0.0,3.4,1
C104746,35,East,Health,Agent,2,64399,1765.32,0,0.0,3.8,1
C104747,62,East,Health,Agent,7,75266,2110.13,0,0.0,3.2,1
C104748,32,Central,Health,Agent,10,60136,2742.04,0,0.0,4.8,1
C104749,68,East,Health,Branch,3,63028,2455.68,0,0.0,2.6,0
C104750,39,North,Auto,Online,4,63482,774.62,0,0.0,3.7,0
C104751,20,South,Home,Partner,11,52086,1732.46,0,0.0,3.8,1
C104752,26,South,Home,Branch,3,21733,856.09,0,0.0,2.6,0
C104753,64,West,Auto,Online,5,39420,1564.54,0,0.0,3.1,1
C104754,68,North,Health,Online,12,66302,1651.64,0,0.0,3.5,1
C104755,30,West,Auto,Partner,6,62549,548.18,0,0.0,3.5,1
C104756,52,East,Health,Online,3,48479,1406.17,0,0.0,3.9,1
C104757,51,Central,Auto,Online,12,42133,1180.24,1,968.36,2.4,0
C104758,25,East,Life,Online,15,55130,1132.42,0,0.0,4.3,1
C104759,44,Central,Health,Online,14,45824,2174.71,0,0.0,3.7,0
C104760,58,Central,Health,Agent,7,50569,911.07,0,0.0,3.8,1
C104761,74,North,Home,Branch,0,54380,1276.95,0,0.0,3.5,1
C104762,67,West,Life,Branch,6,38010,2355.45,0,0.0,3.3,0
C104763,23,South,Home,Online,12,66401,1512.07,0,0.0,4.3,1
C104764,31,Central,Health,Agent,15,49035,1854.8,0,0.0,4.4,1
C104765,43,West,Auto,Online,1,60776,1377.13,0,0.0,4.6,1
C104766,26,South,Home,Agent,1,53143,1006.92,0,0.0,3.9,1
C104767,51,South,Home,Agent,4,79761,1526.41,0,0.0,3.1,0
C104768,18,East,Life,Partner,1,61772,796.21,0,0.0,3.4,0
C104769,24,Central,Health,Branch,2,59337,1513.15,0,0.0,3.2,1
C104770,20,West,Home,Branch,6,58683,1521.31,0,0.0,3.5,0
C104771,35,North,Auto,Agent,4,89512,1302.15,0,0.0,2.9,1
C104772,62,South,Auto,Agent,9,51206,767.78,0,0.0,4.5,1
C104773,28,East,Auto,Agent,15,54950,1051.8,0,0.0,3.8,1
C104774,75,East,Auto,Branch,8,53886,1341.27,0,0.0,3.4,0
C104775,33,North,Health,Partner,8,18000,1288.06,0,0.0,4.1,1
C104776,20,South,Health,Partner,15,53674,2055.71,0,0.0,3.5,0
C104777,37,Central,Home,Agent,9,70293,2256.05,0,0.0,3.8,1
C104778,61,East,Health,Branch,15,61266,1454.61,0,0.0,3.3,1
C104779,24,West,Auto,Agent,14,79199,1016.18,0,0.0,3.2,0
C104780,22,East,Home,Online,0,66140,506.8,0,0.0,4.4,0
C104781,67,East,Auto,Branch,15,61037,1032.91,0,0.0,4.1,1
C104782,52,West,Auto,Partner,2,67999,907.94,0,0.0,4.4,1
C104783,37,South,Life,Partner,4,58566,1235.38,0,0.0,3.5,1
C104784,61,South,Auto,Partner,8,46949,606.58,0,0.0,3.7,1
C104785,66,Central,Auto,Agent,12,49687,1628.45,0,0.0,4.0,1
C104786,38,Central,Health,Branch,15,18000,2499.94,0,0.0,3.4,1
C104787,50,West,Health,Agent,7,80711,1776.76,0,0.0,3.1,1
C104788,18,North,Health,Agent,4,48431,2068.58,0,0.0,3.9,1
C104789,35,North,Home,Online,6,33218,1542.09,1,2561.95,3.4,1
C104790,52,North,Health,Agent,5,45406,1244.1,0,0.0,3.6,1
C104791,29,Central,Health,Online,4,83629,2450.03,0,0.0,4.6,1
C104792,75,Central,Life,Branch,3,53293,1770.09,0,0.0,3.4,1
C104793,74,East,Auto,Partner,11,56625,1509.41,0,0.0,3.9,1
C104794,32,Central,Health,Branch,15,89551,2071.41,0,0.0,3.7,1
C104795,40,North,Auto,Online,9,67038,1061.46,0,0.0,4.0,0
C104796,28,East,Auto,Agent,2,46813,1410.75,0,0.0,2.7,1
C104797,47,North,Life,Agent,10,21403,2401.28,0,0.0,4.0,1
C104798,25,South,Home,Branch,9,63502,985.85,0,0.0,4.6,1
C104799,40,Central,Auto,Online,6,39792,1586.19,0,0.0,4.7,1
C104800,50,Central,Health,Agent,0,63878,1990.68,0,0.0,3.6,0
C104801,53,North,Auto,Partner,12,51132,1428.79,0,0.0,4.8,1
C104802,52,South,Home,Online,9,59358,1706.48,0,0.0,4.6,0
C104803,30,East,Auto,Branch,3,68125,1068.12,0,0.0,3.6,1
C104804,63,North,Life,Partner,6,20873,1529.39,0,0.0,4.6,0
C104805,58,East,Auto,Branch,8,54317,1151.76,0,0.0,3.7,1
C104806,61,East,Auto,Partner,9,51673,1171.99,0,0.0,4.0,1
C104807,45,South,Life,Branch,10,57183,1608.63,0,0.0,4.6,1
C104808,69,South,Life,Agent,1,61079,3067.11,0,0.0,3.4,1
C104809,40,South,Auto,Agent,8,54736,872.3,0,0.0,3.7,1
C104810,64,Central,Health,Online,1,40339,1115.04,0,0.0,2.9,1
C104811,29,South,Life,Online,2,31671,1406.97,0,0.0,3.5,0
C104812,32,East,Home,Agent,1,23421,916.81,0,0.0,4.0,1
C104813,48,South,Health,Online,9,54154,2486.22,0,0.0,3.9,1
C104814,50,West,Home,Online,13,61481,1527.45,0,0.0,4.3,0
C104815,61,North,Life,Branch,15,45844,1593.5,1,4054.12,2.4,1
C104816,35,North,Health,Online,11,66953,1264.08,0,0.0,4.1,1
C104817,68,West,Auto,Online,12,49939,996.78,0,0.0,3.5,1
C104818,37,West,Health,Branch,2,50459,2007.28,0,0.0,4.2,1
C104819,48,South,Home,Online,0,26112,1207.42,0,0.0,3.3,1
C104820,72,South,Health,Agent,5,44019,2243.24,0,0.0,4.3,1
C104821,49,Central,Auto,Online,5,68572,1614.87,0,0.0,3.1,1
C104822,57,North,Home,Branch,6,77156,1395.97,0,0.0,3.9,1
C104823,70,North,Health,Agent,10,48575,1880.44,0,0.0,3.8,1
C104824,74,East,Life,Agent,1,67608,2401.43,0,0.0,3.8,1
C104825,46,South,Auto,Online,1,77460,2099.86,0,0.0,3.7,0
C104826,42,West,Home,Branch,13,35127,1553.24,0,0.0,4.2,0
C104827,29,West,Health,Online,9,57714,2137.65,0,0.0,4.1,1
C104828,49,East,Auto,Agent,5,55426,1337.31,0,0.0,3.9,1
C104829,71,West,Health,Online,13,71350,2284.82,0,0.0,4.0,1
C104830,46,East,Auto,Online,10,36968,1604.75,0,0.0,3.3,1
C104831,38,West,Home,Online,13,57683,987.83,0,0.0,4.1,0
C104832,24,North,Home,Online,10,47350,1843.19,0,0.0,3.4,1
C104833,40,South,Auto,Online,8,59649,1177.48,1,3538.73,4.2,1
C104834,31,West,Health,Online,14,73985,1095.74,0,0.0,3.8,0
C104835,74,South,Life,Partner,15,78591,1109.77,0,0.0,3.7,1
C104836,48,North,Auto,Agent,11,74143,1712.95,0,0.0,4.3,1
C104837,25,South,Life,Agent,10,34175,1599.6,0,0.0,3.5,0
C104838,21,West,Auto,Online,0,43487,1086.92,0,0.0,3.6,0
C104839,67,North,Auto,Online,13,70114,1051.14,0,0.0,3.9,1
C104840,72,West,Health,Partner,2,62887,1619.8,0,0.0,4.3,1
C104841,62,West,Auto,Online,0,47271,1303.91,0,0.0,4.3,0
C104842,25,West,Life,Branch,7,35504,936.97,0,0.0,4.0,1
C104843,23,South,Home,Branch,1,18000,1798.13,0,0.0,2.9,0
C104844,29,Central,Home,Agent,1,23305,2550.71,0,0.0,4.2,1
C104845,61,South,Home,Branch,7,46502,1179.6,0,0.0,3.3,1
C104846,62,Central,Home,Branch,6,46775,1149.4,0,0.0,3.8,1
C104847,66,West,Home,Partner,2,59399,2553.3,0,0.0,4.5,1
C104848,23,North,Home,Agent,15,62829,1273.13,0,0.0,3.4,1
C104849,26,West,Home,Online,3,92662,1290.84,0,0.0,4.3,0
C104850,70,East,Health,Agent,3,38143,2301.51,0,0.0,3.6,1
C104851,71,East,Auto,Online,12,18000,1283.72,1,1699.77,2.8,0
C104852,60,East,Health,Agent,11,35280,1944.71,0,0.0,4.2,0
C104853,24,West,Health,Agent,5,82181,2263.43,0,0.0,3.6,1
C104854,21,West,Auto,Online,4,52232,1781.68,0,0.0,3.5,0
C104855,21,Central,Health,Partner,14,70223,2019.03,0,0.0,4.3,1
C104856,58,South,Health,Partner,0,41869,1858.23,0,0.0,3.9,1
C104857,67,West,Auto,Online,10,42974,1736.93,1,1805.51,3.3,1
C104858,54,West,Home,Online,1,21145,857.55,0,0.0,3.1,1
C104859,33,West,Home,Agent,0,46047,1768.31,0,0.0,3.6,0
C104860,61,East,Auto,Online,1,52196,1112.65,0,0.0,3.7,0
C104861,21,South,Life,Online,8,67616,2920.71,0,0.0,3.9,1
C104862,66,West,Life,Partner,4,62099,2837.29,0,0.0,3.9,1
C104863,69,South,Life,Online,11,87768,2406.5,0,0.0,4.5,1
C104864,59,South,Auto,Online,15,49231,753.97,0,0.0,4.5,0
C104865,68,East,Health,Agent,0,56365,1762.19,0,0.0,5.0,1
C104866,51,South,Health,Online,9,51719,2259.66,0,0.0,4.1,1
C104867,45,North,Home,Branch,14,39488,1968.95,0,0.0,3.2,1
C104868,36,North,Health,Branch,1,59374,2568.2,0,0.0,3.8,1
C104869,71,West,Home,Agent,6,47037,1391.85,0,0.0,3.5,0
C104870,58,Central,Home,Online,1,81937,1806.85,0,0.0,3.3,0
C104871,29,East,Life,Partner,1,37790,1376.03,0,0.0,3.5,1
C104872,73,North,Health,Branch,15,45883,1350.24,0,0.0,5.0,1
C104873,21,Central,Life,Agent,4,29612,1541.45,0,0.0,3.5,1
C104874,52,South,Home,Agent,2,58091,938.62,0,0.0,4.4,1
C104875,29,Central,Auto,Agent,14,28105,1468.32,0,0.0,4.4,1
C104876,56,East,Home,Online,4,51854,1135.57,0,0.0,4.0,0
C104877,41,South,Auto,Agent,4,30959,1894.01,0,0.0,4.3,1
C104878,43,East,Auto,Branch,13,34295,913.73,0,0.0,4.0,1
C104879,56,South,Life,Agent,12,38231,1657.19,0,0.0,3.1,1
C104880,61,West,Health,Branch,8,65131,1785.01,0,0.0,4.1,1
C104881,40,North,Health,Branch,13,50298,1645.25,0,0.0,3.8,0
C104882,75,Central,Life,Branch,3,49790,1715.53,0,0.0,2.8,1
C104883,46,West,Health,Agent,12,62124,1189.26,0,0.0,3.9,0
C104884,27,Central,Auto,Online,10,40119,1432.82,0,0.0,3.9,1
C104885,18,Central,Auto,Branch,9,18000,1320.41,0,0.0,3.9,1
C104886,29,South,Health,Branch,5,32219,2067.05,0,0.0,5.0,0
C104887,58,East,Auto,Online,1,46853,802.06,1,3582.86,4.5,1
C104888,49,Central,Auto,Partner,9,51119,842.37,0,0.0,3.9,1
C104889,37,South,Home,Partner,12,62057,2736.93,0,0.0,4.3,1
C104890,45,North,Auto,Branch,1,49386,1703.22,0,0.0,3.5,1
C104891,66,South,Health,Online,2,70305,1599.39,0,0.0,3.5,1
C104892,51,South,Auto,Branch,14,58507,1304.51,0,0.0,4.2,1
C104893,21,Central,Health,Agent,13,26654,1636.07,0,0.0,3.6,0
C104894,20,East,Health,Online,9,18000,1818.47,0,0.0,4.1,1
C104895,45,West,Health,Online,7,33867,1506.92,1,1131.51,3.3,1
C104896,41,Central,Auto,Branch,0,54481,1044.78,0,0.0,3.7,1
C104897,67,South,Auto,Agent,14,58679,1469.85,0,0.0,4.2,0
C104898,51,West,Auto,Agent,8,50102,1652.82,0,0.0,4.4,1
C104899,61,North,Auto,Agent,1,54164,1579.41,0,0.0,3.4,1
C104900,51,North,Health,Agent,5,75770,3232.7,0,0.0,4.7,1
C104901,38,North,Auto,Agent,13,52252,831.88,0,0.0,4.0,1
C104902,56,South,Auto,Agent,14,58298,1483.47,0,0.0,3.8,1
C104903,54,East,Auto,Online,10,80737,1420.71,0,0.0,4.1,1
C104904,59,East,Home,Agent,2,19396,1170.53,0,0.0,3.8,1
C104905,28,South,Health,Online,2,82774,2079.22,1,150.0,3.8,0
C104906,55,North,Health,Branch,5,18000,2229.93,0,0.0,4.0,0
C104907,34,West,Health,Agent,12,37132,3062.77,1,1086.97,3.6,1
C104908,63,North,Health,Branch,12,41935,2013.52,0,0.0,4.6,1
C104909,64,Central,Auto,Agent,11,22601,1579.75,0,0.0,3.8,1
C104910,54,Central,Health,Online,3,49032,1994.93,0,0.0,3.0,1
C104911,72,West,Health,Online,4,51079,2544.99,0,0.0,4.8,0
C104912,49,East,Auto,Online,5,65321,1089.07,0,0.0,4.1,1
C104913,19,West,Auto,Agent,11,64741,860.97,1,4837.44,2.8,0
C104914,53,West,Life,Branch,12,55124,883.29,0,0.0,3.3,1
C104915,63,Central,Home,Online,0,72132,1176.12,0,0.0,3.7,1
C104916,23,Central,Auto,Agent,11,63609,1318.09,1,3259.72,3.8,1
C104917,24,East,Life,Online,6,46151,1499.87,0,0.0,2.2,1
C104918,33,West,Auto,Agent,5,54143,1307.21,1,1380.51,2.1,1
C104919,66,Central,Auto,Agent,8,40557,1489.6,0,0.0,3.8,1
C104920,48,North,Auto,Online,7,29941,890.69,0,0.0,4.7,1
C104921,74,East,Life,Online,15,59702,2380.51,0,0.0,4.7,1
C104922,68,West,Auto,Branch,8,25020,1476.12,0,0.0,3.2,0
C104923,50,West,Home,Agent,13,48626,1631.56,0,0.0,4.1,1
C104924,57,South,Home,Agent,14,18000,1440.26,0,0.0,4.1,1
C104925,37,South,Health,Branch,15,53278,1971.91,0,0.0,3.9,1
C104926,23,North,Health,Online,10,38914,1300.5,0,0.0,4.6,1
C104927,41,East,Auto,Partner,15,62228,350.0,0,0.0,3.4,1
C104928,52,Central,Home,Branch,9,47996,1952.78,0,0.0,4.0,1
C104929,28,Central,Health,Agent,5,49703,2082.5,0,0.0,4.9,1
C104930,30,South,Health,Agent,12,52939,1872.66,0,0.0,3.6,1
C104931,18,South,Auto,Agent,14,40994,1806.67,0,0.0,3.5,1
C104932,60,West,Home,Branch,4,41802,1276.06,0,0.0,4.1,0
C104933,70,West,Home,Online,15,41810,1045.38,0,0.0,4.1,1
C104934,65,East,Health,Branch,7,49747,2074.91,0,0.0,2.8,1
C104935,40,South,Health,Online,3,41975,2007.76,0,0.0,4.4,1
C104936,52,North,Auto,Branch,10,60108,1364.76,0,0.0,3.1,1
C104937,73,West,Auto,Partner,3,20145,523.25,0,0.0,4.2,1
C104938,52,West,Auto,Online,6,25015,1272.94,0,0.0,3.9,1
C104939,35,South,Home,Agent,8,85994,1013.41,0,0.0,3.8,1
C104940,37,Central,Auto,Agent,7,44185,1617.41,0,0.0,3.8,1
C104941,60,West,Auto,Agent,1,33735,1585.98,0,0.0,3.2,1
C104942,43,Central,Auto,Online,2,51541,1071.38,0,0.0,4.5,1
C104943,66,East,Auto,Agent,1,65808,585.02,0,0.0,3.8,0
C104944,68,East,Health,Branch,9,63538,1578.52,0,0.0,3.6,1
C104945,20,Central,Home,Partner,15,38532,1314.7,0,0.0,4.7,1
C104946,59,Central,Health,Branch,10,42772,1399.01,0,0.0,3.7,1
C104947,39,Central,Health,Agent,8,45993,1755.29,0,0.0,3.3,1
C104948,48,Central,Health,Online,13,57605,1912.86,1,3153.44,4.1,0
C104949,33,East,Health,Online,0,52819,2681.94,0,0.0,3.5,0
C104950,39,South,Life,Agent,1,35494,1125.04,0,0.0,4.6,1
C104951,37,South,Home,Agent,15,42829,942.69,0,0.0,3.6,1
C104952,20,Central,Home,Branch,14,47225,418.53,0,0.0,3.5,1
C104953,63,South,Life,Agent,8,78677,1643.32,0,0.0,3.4,0
C104954,26,West,Life,Online,1,48808,1861.73,0,0.0,3.9,1
C104955,39,Central,Health,Online,3,111557,1882.32,0,0.0,3.6,0
C104956,29,Central,Health,Agent,11,47154,1389.48,0,0.0,3.7,0
C104957,27,Central,Home,Online,3,21703,1137.4,0,0.0,3.1,1
C104958,39,East,Auto,Online,9,58322,1939.86,0,0.0,4.1,1
C104959,71,East,Health,Online,12,70850,2019.3,0,0.0,4.3,0
C104960,72,Central,Life,Agent,6,60552,962.93,0,0.0,4.3,0
C104961,40,South,Health,Online,7,55540,2367.12,0,0.0,3.6,0
C104962,47,North,Auto,Partner,14,45166,1537.3,1,5364.35,3.7,1
C104963,75,Central,Health,Partner,15,46869,2559.76,0,0.0,4.3,1
C104964,31,West,Auto,Online,7,18000,1250.65,0,0.0,4.1,1
C104965,72,East,Auto,Branch,3,67463,966.45,0,0.0,3.3,1
C104966,24,North,Health,Agent,0,45175,350.0,0,0.0,4.1,1
C104967,31,East,Health,Partner,2,72635,1652.3,0,0.0,4.4,0
C104968,37,Central,Health,Agent,8,42413,1857.67,0,0.0,3.9,1
C104969,20,West,Auto,Online,15,51037,1173.27,0,0.0,4.1,0
C104970,65,East,Health,Online,8,74485,2180.36,0,0.0,3.4,1
C104971,67,East,Auto,Partner,15,76046,1616.13,0,0.0,3.5,1
C104972,40,Central,Health,Partner,11,67142,2187.63,0,0.0,4.3,0
C104973,66,Central,Home,Agent,1,18319,997.64,1,2486.39,3.5,1
C104974,62,East,Auto,Agent,5,29013,1423.53,0,0.0,3.3,1
C104975,64,West,Life,Agent,9,64620,1998.31,0,0.0,4.6,1
C104976,64,South,Health,Branch,1,39428,2044.52,0,0.0,4.3,1
C104977,51,East,Auto,Agent,0,53328,950.46,0,0.0,3.5,1
C104978,24,South,Health,Online,5,55734,1702.47,0,0.0,5.0,1
C104979,71,East,Auto,Online,14,56611,1020.25,0,0.0,3.7,1
C104980,53,East,Auto,Agent,9,32997,560.26,0,0.0,2.9,0
C104981,70,South,Life,Agent,8,70411,1508.93,1,2783.2,3.4,1
C104982,73,South,Home,Branch,8,42560,1212.18,0,0.0,2.9,1
C104983,28,North,Home,Partner,8,62618,1627.4,1,4836.96,3.8,1
C104984,41,North,Health,Online,13,48271,1837.79,0,0.0,4.7,0
C104985,29,West,Life,Partner,5,86575,1306.35,0,0.0,3.3,1
C104986,20,South,Life,Branch,4,78073,1716.52,0,0.0,3.5,1
C104987,74,North,Auto,Agent,4,90369,1462.99,0,0.0,3.4,1
C104988,71,Central,Auto,Online,9,81750,683.54,0,0.0,3.7,1
C104989,72,South,Health,Agent,4,49583,1280.86,0,0.0,3.6,1
C104990,69,Central,Auto,Partner,15,42389,758.2,0,0.0,3.4,0
C104991,55,West,Health,Agent,11,31562,2629.77,1,1678.84,3.9,1
C104992,48,West,Auto,Agent,5,56792,806.89,0,0.0,3.2,1
C104993,75,East,Home,Online,4,52438,364.85,0,0.0,4.0,0
C104994,50,North,Auto,Online,6,51226,1235.76,0,0.0,4.4,1
C104995,55,Central,Home,Agent,13,37077,1131.6,0,0.0,3.2,1
C104996,30,Central,Health,Agent,15,58498,1886.11,0,0.0,2.9,1
C104997,61,South,Auto,Partner,8,45126,1287.15,1,3859.31,2.8,1
C104998,65,West,Life,Agent,2,43314,1942.67,0,0.0,3.5,1
C104999,57,East,Health,Online,0,54950,2729.47,0,0.0,3.2,1
C105000,46,Central,Home,Online,9,50598,1745.21,1,3104.42,4.5,0
C105001,29,Central,Life,Online,9,26329,1876.94,0,0.0,3.9,0
C105002,19,North,Auto,Online,5,37821,1012.22,0,0.0,3.5,0
C105003,54,Central,Auto,Online,14,61587,1440.49,0,0.0,3.5,0
C105004,57,Central,Auto,Branch,0,51141,1543.53,0,0.0,4.2,1
C105005,62,West,Auto,Agent,4,18000,818.85,0,0.0,4.3,1
C105006,73,North,Life,Partner,12,64578,2887.85,0,0.0,3.5,0
C105007,46,Central,Home,Partner,3,51110,1758.38,0,0.0,3.8,0
C105008,66,West,Health,Online,3,32889,1986.87,0,0.0,4.1,1
C105009,59,South,Home,Branch,11,39959,1523.4,0,0.0,4.0,1
C105010,34,Central,Life,Online,14,54974,1797.76,0,0.0,4.3,0
C105011,67,East,Auto,Online,2,18000,1422.23,1,3813.1,4.2,1
C105012,21,Central,Auto,Online,6,59569,1694.06,0,0.0,4.3,1
C105013,52,West,Home,Online,15,69761,1673.15,0,0.0,3.7,1
C105014,72,South,Home,Branch,2,68030,1906.73,0,0.0,3.5,1
C105015,56,Central,Auto,Branch,2,72776,1546.86,0,0.0,2.9,0
C105016,72,East,Health,Agent,3,37961,1492.11,0,0.0,3.8,1
C105017,21,East,Auto,Agent,7,70611,1162.61,0,0.0,3.8,0
C105018,48,East,Health,Branch,13,56902,1829.5,0,0.0,3.5,1
C105019,63,North,Home,Branch,6,36965,1508.4,0,0.0,3.9,1
C105020,55,West,Auto,Partner,5,60402,1278.24,0,0.0,3.5,1
C105021,69,East,Home,Branch,13,59855,1778.67,0,0.0,3.3,1
C105022,44,Central,Health,Agent,4,79729,2008.24,0,0.0,4.4,1
C105023,57,Central,Home,Agent,5,73549,1091.31,0,0.0,3.5,0
C105024,42,West,Health,Agent,3,39570,1540.7,0,0.0,3.7,1
C105025,68,South,Health,Online,1,58132,1834.28,0,0.0,4.2,1
C105026,24,West,Auto,Branch,9,57939,453.92,1,184.08,3.0,0
C105027,32,North,Auto,Partner,15,56523,1506.69,0,0.0,3.9,1
C105028,23,Central,Home,Partner,4,46513,2111.23,0,0.0,3.2,1
C105029,58,East,Home,Online,1,83584,2179.77,1,2932.52,3.9,1
C105030,31,Central,Auto,Online,14,40784,1023.78,0,0.0,5.0,1
C105031,36,South,Life,Online,1,81995,1652.76,0,0.0,4.4,0
C105032,66,South,Home,Branch,0,26353,1364.97,0,0.0,4.4,0
C105033,38,Central,Auto,Agent,11,45134,887.01,0,0.0,4.1,0
C105034,26,East,Auto,Branch,2,65762,1356.62,0,0.0,4.7,0
C105035,19,Central,Health,Partner,15,33049,2577.8,0,0.0,2.7,1
C105036,31,Central,Auto,Online,6,38770,1494.1,1,1155.38,3.9,0
C105037,71,East,Life,Agent,10,61629,2032.36,0,0.0,4.3,0
C105038,49,East,Health,Branch,3,20889,1347.87,0,0.0,3.6,1
C105039,75,East,Auto,Online,3,71886,813.4,0,0.0,4.2,1
C105040,30,Central,Health,Agent,12,78614,2492.75,0,0.0,3.5,0
C105041,38,Central,Auto,Agent,8,79387,988.31,1,3590.1,4.3,1
C105042,27,South,Health,Agent,14,57860,2657.78,0,0.0,3.8,1
C105043,41,West,Auto,Partner,14,44300,1015.59,0,0.0,3.7,1
C105044,50,South,Home,Online,9,45476,1604.06,0,0.0,3.6,1
C105045,64,West,Home,Agent,12,57172,1723.44,0,0.0,3.8,0
C105046,39,Central,Life,Partner,13,54333,1675.34,0,0.0,4.6,1
C105047,62,Central,Auto,Agent,9,45156,1537.57,1,2371.25,4.2,1
C105048,54,East,Health,Branch,12,80511,1329.17,0,0.0,3.3,0
C105049,34,South,Home,Partner,0,47569,1645.53,0,0.0,3.8,1
C105050,70,South,Health,Online,2,77871,2491.05,0,0.0,4.1,0
C105051,43,North,Health,Online,7,53799,2429.63,0,0.0,3.8,1
C105052,26,South,Life,Online,1,52682,2231.36,0,0.0,4.0,1
C105053,73,Central,Home,Online,7,61325,1498.16,0,0.0,4.6,1
C105054,70,East,Life,Agent,10,61091,2042.92,0,0.0,3.7,1
C105055,20,South,Health,Online,5,49398,2049.27,0,0.0,4.2,1
C105056,70,West,Health,Agent,15,62164,2578.23,0,0.0,4.4,1
C105057,72,South,Health,Branch,13,64376,1304.91,0,0.0,4.2,0
C105058,66,South,Health,Online,13,81758,1228.68,0,0.0,4.0,1
C105059,32,Central,Auto,Agent,11,53284,1800.58,1,2550.93,4.3,1
C105060,54,North,Life,Online,9,37945,1234.54,0,0.0,3.6,1
C105061,49,East,Health,Branch,10,39803,2348.66,0,0.0,2.9,0
C105062,53,East,Health,Online,1,94623,2565.76,0,0.0,4.1,0
C105063,53,South,Life,Online,15,18164,2401.59,1,1024.06,4.7,1
C105064,55,South,Home,Partner,12,30581,1696.29,0,0.0,5.0,1
C105065,47,South,Auto,Branch,4,52467,922.88,0,0.0,3.2,0
C105066,58,South,Health,Branch,10,40928,2553.69,0,0.0,3.5,1
C105067,48,Central,Health,Branch,6,66739,1558.07,0,0.0,2.9,1
C105068,18,East,Auto,Agent,14,65165,1122.31,0,0.0,3.9,1
C105069,20,East,Auto,Online,8,42376,717.34,0,0.0,4.3,1
C105070,73,South,Health,Agent,11,79067,1746.02,1,2910.33,3.0,1
C105071,70,Central,Home,Branch,3,32140,804.46,0,0.0,3.5,1
C105072,51,North,Life,Partner,1,38729,1313.14,1,1148.63,4.2,1
C105073,28,Central,Auto,Agent,14,80304,696.84,0,0.0,4.9,1
C105074,63,South,Health,Agent,9,28502,2978.05,1,1062.19,4.0,1
C105075,26,Central,Auto,Branch,10,58244,1681.24,1,3313.42,3.3,1
C105076,39,South,Life,Branch,6,80228,2218.72,0,0.0,4.8,0
C105077,37,North,Life,Online,10,18000,940.31,1,2295.01,4.0,1
C105078,18,East,Life,Agent,6,45922,1709.26,0,0.0,3.6,1
C105079,64,South,Health,Online,10,69056,1755.1,0,0.0,3.6,0
C105080,47,West,Auto,Agent,10,47139,1230.81,0,0.0,2.5,1
C105081,36,West,Health,Branch,3,53068,1522.38,0,0.0,4.7,1
C105082,47,West,Health,Online,14,55385,2650.94,0,0.0,5.0,0
C105083,18,South,Auto,Agent,15,57629,536.59,0,0.0,3.8,1
C105084,43,West,Auto,Online,12,37494,1481.75,0,0.0,4.3,1
C105085,48,South,Auto,Online,0,65792,1384.96,0,0.0,3.8,0
C105086,37,Central,Health,Branch,0,56590,2133.82,0,0.0,3.8,1
C105087,66,West,Life,Agent,12,31370,2037.88,0,0.0,3.2,0
C105088,32,East,Home,Branch,2,43618,1084.63,0,0.0,4.0,1
C105089,25,Central,Home,Branch,15,26563,1782.15,0,0.0,4.8,1
C105090,48,East,Auto,Branch,5,55849,864.29,0,0.0,3.8,1
C105091,69,East,Home,Online,2,60832,977.61,0,0.0,3.7,1
C105092,39,South,Health,Agent,10,55819,1430.38,0,0.0,4.4,1
C105093,20,West,Auto,Agent,10,61897,1550.32,0,0.0,3.4,0
C105094,74,South,Health,Branch,10,54403,1952.23,0,0.0,3.6,1
C105095,43,North,Auto,Agent,12,65718,540.2,0,0.0,3.6,1
C105096,28,Central,Life,Online,8,49698,1261.93,0,0.0,3.7,1
C105097,53,North,Life,Agent,5,64632,1801.37,0,0.0,3.3,0
C105098,36,West,Auto,Branch,6,28854,952.51,1,2542.1,4.0,1
C105099,72,North,Health,Online,10,26849,2252.57,0,0.0,4.8,1
C105100,35,East,Health,Branch,12,53559,2050.99,0,0.0,4.3,0
C105101,49,Central,Auto,Branch,6,64320,869.84,0,0.0,4.9,0
C105102,49,North,Home,Online,1,47018,1313.64,0,0.0,4.3,1
C105103,32,West,Home,Agent,6,63486,699.89,0,0.0,3.8,1
C105104,46,West,Home,Partner,9,57578,1473.8,0,0.0,3.7,0
C105105,24,Central,Auto,Online,12,18000,1128.23,0,0.0,4.0,0
C105106,55,North,Health,Online,12,93821,2341.41,0,0.0,4.5,0
C105107,61,West,Auto,Agent,12,29344,1710.8,1,3774.21,3.7,1
C105108,73,East,Auto,Agent,4,34995,1012.16,0,0.0,4.4,0
C105109,36,East,Auto,Branch,0,72692,1653.97,0,0.0,3.3,0
C105110,34,South,Auto,Agent,3,52355,1142.93,0,0.0,3.6,0
C105111,49,South,Auto,Agent,1,38179,1374.66,0,0.0,4.0,1
C105112,58,East,Auto,Agent,10,43547,1064.72,0,0.0,3.3,0
C105113,75,North,Home,Online,4,36152,1297.81,0,0.0,4.1,1
C105114,19,East,Auto,Agent,2,37595,847.9,0,0.0,2.5,1
C105115,31,West,Auto,Online,8,66207,350.0,0,0.0,4.3,1
C105116,33,East,Life,Partner,7,43034,2079.15,1,4598.84,3.3,1
C105117,32,North,Life,Online,11,32768,2684.27,0,0.0,3.8,1
C105118,44,South,Auto,Online,14,38320,1321.51,0,0.0,3.6,0
C105119,68,East,Health,Branch,1,49204,1474.29,1,1936.02,3.5,1
C105120,19,West,Auto,Online,0,38516,1064.71,0,0.0,3.4,0
C105121,65,Central,Life,Agent,13,46456,1122.02,0,0.0,3.3,0
C105122,53,East,Auto,Partner,14,58266,1393.24,1,2477.54,3.7,1
C105123,53,West,Auto,Branch,5,43345,1123.56,0,0.0,2.3,0
C105124,57,North,Home,Online,3,36525,1645.13,0,0.0,3.6,1
C105125,24,Central,Home,Online,4,39457,2127.36,0,0.0,4.2,1
C105126,61,South,Auto,Agent,7,77058,1819.93,0,0.0,3.4,1
C105127,32,South,Auto,Agent,0,91149,1708.36,0,0.0,4.2,1
C105128,47,South,Health,Online,2,52830,1210.32,0,0.0,3.1,0
C105129,57,North,Auto,Online,0,65048,1250.89,0,0.0,3.2,1
C105130,53,West,Auto,Branch,11,35082,964.91,0,0.0,2.8,1
C105131,36,South,Home,Agent,7,41377,1092.19,0,0.0,2.9,1
C105132,40,South,Home,Branch,15,60099,350.0,0,0.0,3.2,1
C105133,45,North,Home,Online,7,18000,1109.94,0,0.0,4.3,1
C105134,20,Central,Home,Agent,4,65907,826.96,0,0.0,3.0,1
C105135,60,West,Health,Agent,4,41838,2571.36,1,894.86,3.2,0
C105136,23,Central,Auto,Online,14,32598,1616.6,0,0.0,3.1,1
C105137,44,Central,Home,Agent,3,58987,2512.03,0,0.0,3.8,1
C105138,55,Central,Auto,Online,11,77964,1508.27,0,0.0,3.4,1
C105139,22,East,Auto,Partner,14,46366,1548.1,0,0.0,4.4,1
C105140,75,North,Auto,Branch,15,57259,1420.66,0,0.0,3.9,0
C105141,39,South,Home,Online,1,60166,1580.77,1,3486.63,2.7,1
C105142,18,South,Health,Agent,10,56320,658.7,0,0.0,2.6,0
C105143,56,West,Health,Partner,12,34059,1407.03,0,0.0,3.7,1
C105144,50,North,Health,Agent,10,56023,1813.27,0,0.0,3.2,0
C105145,55,North,Home,Agent,13,55315,1027.4,0,0.0,3.9,0
C105146,61,West,Auto,Branch,15,18000,1196.93,0,0.0,3.9,1
C105147,45,North,Health,Online,14,67436,1456.96,0,0.0,4.2,1
C105148,65,North,Home,Branch,11,24934,1806.34,0,0.0,4.2,1
C105149,39,North,Home,Online,3,54308,1376.26,1,10244.33,3.3,1
C105150,49,West,Health,Branch,13,79320,2691.48,1,1635.58,4.1,0
C105151,27,North,Auto,Agent,10,47611,1206.88,0,0.0,3.0,1
C105152,53,North,Life,Online,4,33170,2227.52,0,0.0,4.2,1
C105153,33,South,Health,Partner,10,62065,1710.52,0,0.0,3.6,1
C105154,58,West,Life,Agent,2,77234,1657.97,0,0.0,4.4,1
C105155,64,South,Home,Online,13,32045,1234.79,0,0.0,4.8,1
C105156,67,North,Life,Branch,10,18000,1968.06,0,0.0,4.4,0
C105157,71,Central,Auto,Agent,10,73288,974.51,0,0.0,4.4,1
C105158,25,Central,Health,Online,4,67375,2247.54,0,0.0,3.9,1
C105159,26,North,Auto,Branch,2,58928,1544.65,0,0.0,2.1,1
C105160,71,South,Auto,Partner,6,19603,1517.32,0,0.0,4.5,1
C105161,40,North,Auto,Online,5,62758,1592.56,0,0.0,4.0,0
C105162,19,West,Health,Partner,13,70604,2761.52,1,7098.67,4.0,1
C105163,34,South,Health,Agent,15,90815,1804.53,0,0.0,3.6,1
C105164,66,Central,Health,Online,10,46934,1850.34,0,0.0,4.3,1
C105165,38,Central,Auto,Branch,12,54863,1720.01,0,0.0,4.5,0
C105166,22,East,Auto,Agent,15,18000,1115.03,0,0.0,3.4,1
C105167,59,North,Health,Branch,11,69430,2854.41,0,0.0,4.1,1
C105168,29,Central,Home,Agent,5,68996,1174.6,0,0.0,3.8,1
C105169,38,West,Auto,Online,3,59269,1119.96,0,0.0,4.1,1
C105170,18,West,Home,Online,4,73377,2063.44,0,0.0,4.0,1
C105171,52,North,Auto,Agent,5,37928,1451.07,1,2830.65,4.2,1
C105172,43,West,Health,Agent,3,48074,2294.44,0,0.0,3.3,0
C105173,68,Central,Home,Partner,10,48777,1221.06,0,0.0,3.9,0
C105174,37,Central,Health,Branch,15,71786,2152.22,0,0.0,3.8,1
C105175,29,East,Home,Branch,4,72190,1171.48,0,0.0,3.9,1
C105176,27,East,Life,Agent,6,57719,1158.08,0,0.0,3.1,0
C105177,29,East,Auto,Online,15,56775,1146.91,1,1486.75,3.9,1
C105178,44,West,Auto,Branch,14,61917,703.52,0,0.0,4.5,0
C105179,23,Central,Life,Online,0,45943,1382.04,0,0.0,3.6,1
C105180,41,East,Home,Online,5,76511,1780.55,0,0.0,3.2,1
C105181,67,South,Health,Online,5,43865,2494.95,0,0.0,4.3,1
C105182,62,North,Auto,Partner,4,59732,1112.59,0,0.0,3.3,1
C105183,54,West,Auto,Branch,15,41267,1106.96,0,0.0,3.0,1
C105184,69,Central,Life,Online,12,69043,2235.32,0,0.0,3.9,1
C105185,63,North,Home,Partner,1,50207,757.77,0,0.0,3.0,1
C105186,55,South,Auto,Branch,9,89198,1534.57,0,0.0,3.0,1
C105187,68,Central,Auto,Agent,9,49724,1193.91,0,0.0,4.2,1
C105188,25,East,Home,Online,8,68873,1068.3,0,0.0,3.9,1
C105189,65,South,Health,Online,11,40651,2457.27,0,0.0,3.2,1
C105190,35,South,Life,Online,7,46470,2147.64,0,0.0,3.6,1
C105191,60,East,Health,Agent,11,51243,1250.36,0,0.0,5.0,1
C105192,70,North,Auto,Agent,7,58325,1260.49,0,0.0,3.7,1
C105193,46,West,Auto,Online,15,38563,557.4,0,0.0,3.8,0
C105194,23,East,Health,Online,13,41726,2261.11,0,0.0,3.3,1
C105195,39,West,Auto,Agent,0,53607,431.76,0,0.0,3.7,0
C105196,41,West,Auto,Branch,2,59177,1515.11,0,0.0,3.0,1
C105197,72,North,Auto,Online,6,51347,1007.94,1,1093.49,2.8,1
C105198,72,North,Auto,Branch,0,48770,991.61,0,0.0,3.8,1
C105199,50,North,Home,Partner,1,28107,964.92,0,0.0,2.9,1
C105200,73,North,Auto,Branch,0,61007,785.97,0,0.0,3.8,1
C105201,43,West,Health,Agent,14,67172,2670.61,0,0.0,4.8,0
C105202,41,North,Home,Branch,7,69302,1388.74,0,0.0,4.1,1
C105203,66,West,Auto,Partner,12,54702,798.73,0,0.0,2.9,1
C105204,56,North,Health,Branch,13,41140,1865.5,0,0.0,3.3,1
C105205,48,North,Life,Online,2,46208,1850.01,0,0.0,3.2,1
C105206,44,North,Health,Online,10,54777,1465.93,0,0.0,3.9,0
C105207,58,East,Health,Online,9,51662,2129.91,1,3509.23,3.9,1
C105208,61,West,Home,Online,15,36787,1017.92,1,3286.19,2.9,1
C105209,46,Central,Life,Branch,13,21718,1444.02,0,0.0,3.8,1
C105210,19,North,Home,Online,9,41999,2545.04,0,0.0,4.6,1
C105211,23,West,Health,Branch,10,47016,2127.85,0,0.0,3.8,1
C105212,26,West,Health,Branch,8,57565,2201.7,0,0.0,3.5,1
C105213,44,South,Health,Agent,9,44626,3084.43,0,0.0,4.4,1
C105214,53,North,Auto,Online,9,47473,1228.78,0,0.0,4.6,0
C105215,64,North,Health,Online,14,54009,2077.5,0,0.0,4.0,1
C105216,31,North,Home,Online,14,80200,1481.27,0,0.0,3.8,1
C105217,63,Central,Auto,Partner,3,49005,1473.65,0,0.0,3.8,1
C105218,56,South,Life,Online,0,24124,1312.1,0,0.0,4.7,1
C105219,20,East,Life,Online,4,39679,817.93,1,882.17,3.1,1
C105220,38,West,Auto,Online,7,84544,927.43,0,0.0,4.1,0
C105221,35,South,Auto,Agent,3,77814,949.02,0,0.0,4.5,0
C105222,69,West,Life,Agent,6,68913,1278.45,0,0.0,4.4,0
C105223,71,North,Auto,Partner,6,64627,939.79,0,0.0,2.6,1
C105224,65,East,Home,Online,15,64833,1553.23,0,0.0,4.0,1
C105225,48,North,Auto,Online,7,47699,1128.82,0,0.0,4.3,1
C105226,46,South,Auto,Branch,2,67611,1570.82,0,0.0,4.1,0
C105227,36,South,Auto,Online,6,68312,1580.84,0,0.0,4.7,0
C105228,62,West,Auto,Online,0,67200,1142.76,0,0.0,3.2,1
C105229,23,West,Life,Partner,0,41225,2742.79,0,0.0,3.5,1
C105230,33,West,Auto,Agent,10,46155,1603.63,0,0.0,4.0,1
C105231,25,North,Auto,Agent,4,40448,1036.12,0,0.0,3.9,1
C105232,46,Central,Home,Partner,10,69945,1885.84,0,0.0,4.8,1
C105233,35,North,Life,Online,0,57456,1540.31,0,0.0,3.2,1
C105234,29,Central,Health,Online,5,59059,1659.37,0,0.0,4.5,1
C105235,39,West,Home,Online,9,62360,2591.0,0,0.0,4.2,1
C105236,67,East,Auto,Online,8,26584,858.47,0,0.0,3.8,1
C105237,50,East,Home,Agent,9,67873,1327.01,0,0.0,3.9,1
C105238,65,West,Home,Branch,9,42264,1296.2,0,0.0,4.0,1
C105239,71,West,Life,Partner,5,43901,2197.48,1,3960.14,2.5,0
C105240,70,North,Health,Branch,5,36957,2545.45,1,3950.6,3.6,1
C105241,38,West,Life,Partner,6,53440,1011.86,1,1152.52,3.8,1
C105242,68,North,Health,Agent,6,50797,1997.95,0,0.0,4.3,1
C105243,70,East,Home,Online,12,26961,694.38,0,0.0,4.0,0
C105244,73,West,Home,Online,2,19796,1773.91,0,0.0,4.1,0
C105245,38,Central,Auto,Agent,8,48355,908.98,0,0.0,4.0,1
C105246,31,East,Life,Online,12,66651,1383.42,0,0.0,4.1,1
C105247,51,South,Home,Online,5,64914,1284.76,0,0.0,4.0,1
C105248,72,East,Life,Partner,6,70011,2003.41,0,0.0,3.9,1
C105249,70,South,Health,Online,10,48440,2237.49,0,0.0,4.4,0
C105250,51,East,Life,Branch,10,45634,2000.79,0,0.0,3.4,1
C105251,26,East,Auto,Online,8,50001,1306.93,0,0.0,3.6,1
C105252,42,West,Life,Agent,6,66481,1674.05,0,0.0,3.6,1
C105253,59,South,Auto,Branch,0,81027,1202.3,0,0.0,3.5,1
C105254,50,South,Health,Online,2,43714,1461.4,0,0.0,3.4,0
C105255,38,East,Auto,Online,7,47215,1249.34,0,0.0,4.0,1
C105256,37,North,Home,Agent,11,52556,441.74,0,0.0,3.9,1
C105257,21,South,Health,Agent,3,47225,2045.4,0,0.0,4.5,1
C105258,34,South,Life,Online,6,41548,1774.56,0,0.0,3.5,1
C105259,56,East,Life,Agent,3,49738,2219.63,0,0.0,3.6,1
C105260,31,South,Health,Online,2,37768,1971.55,0,0.0,5.0,1
C105261,75,East,Home,Online,14,65060,925.88,0,0.0,3.4,1
C105262,22,Central,Home,Partner,14,78529,524.19,0,0.0,4.1,0
C105263,52,East,Health,Online,15,46889,1175.62,0,0.0,3.3,0
C105264,46,South,Auto,Agent,14,81935,636.87,0,0.0,3.9,1
C105265,66,North,Auto,Branch,6,50057,1173.31,0,0.0,3.7,0
C105266,69,North,Auto,Branch,11,39446,1355.51,0,0.0,4.1,1
C105267,49,East,Health,Online,4,64354,3157.06,0,0.0,3.8,1
C105268,54,West,Health,Agent,9,35364,1435.43,0,0.0,4.2,1
C105269,58,North,Health,Agent,4,63231,1246.87,0,0.0,4.0,0
C105270,48,North,Life,Online,10,56571,1329.4,0,0.0,5.0,0
C105271,28,South,Auto,Online,6,44734,809.11,0,0.0,3.5,1
C105272,42,South,Life,Branch,5,42831,1688.08,0,0.0,3.2,0
C105273,32,Central,Home,Agent,1,36290,1631.76,0,0.0,3.6,1
C105274,44,South,Home,Online,4,70569,2071.23,0,0.0,4.2,1
C105275,53,North,Health,Agent,7,47991,2517.74,0,0.0,4.2,1
C105276,30,South,Auto,Agent,9,57602,1423.74,1,5252.65,3.2,1
C105277,32,North,Life,Online,13,51802,874.2,0,0.0,4.9,0
C105278,65,North,Home,Online,11,48182,1224.27,0,0.0,3.9,1
C105279,39,East,Home,Online,8,57875,1814.91,0,0.0,3.1,1
C105280,29,South,Auto,Agent,7,61216,1271.16,0,0.0,3.9,1
C105281,59,North,Health,Agent,7,54493,1484.21,0,0.0,3.8,1
C105282,59,West,Health,Online,14,48600,3065.63,0,0.0,3.8,1
C105283,65,East,Health,Agent,13,32440,1387.21,0,0.0,3.9,1
C105284,62,North,Home,Branch,6,41137,1478.12,0,0.0,3.9,0
C105285,75,Central,Auto,Agent,9,46490,1472.96,0,0.0,3.3,0
C105286,51,South,Auto,Online,6,52289,1308.69,0,0.0,3.4,0
C105287,34,Central,Auto,Online,9,20696,1528.21,0,0.0,3.4,1
C105288,68,Central,Auto,Partner,6,63150,1003.61,0,0.0,4.9,1
C105289,33,East,Auto,Online,13,57780,1496.91,1,785.06,3.6,1
C105290,34,South,Auto,Online,11,41525,700.93,1,2436.11,4.3,1
C105291,66,Central,Auto,Branch,2,35507,1439.5,1,4002.22,4.1,1
C105292,69,South,Home,Branch,0,39641,1097.65,1,1520.29,3.2,1
C105293,37,North,Home,Partner,15,28174,1785.57,0,0.0,4.1,1
C105294,60,East,Auto,Agent,5,45892,1640.86,0,0.0,4.1,1
C105295,71,East,Auto,Partner,2,48769,1795.47,0,0.0,3.2,0
C105296,64,Central,Home,Online,11,68532,1400.13,0,0.0,3.5,1
C105297,18,West,Health,Branch,7,60537,2163.66,0,0.0,4.1,1
C105298,56,Central,Auto,Online,8,74448,654.4,1,1557.79,3.7,1
C105299,27,West,Health,Partner,10,54020,994.11,0,0.0,2.6,1
C105300,67,West,Life,Partner,4,35600,1625.19,0,0.0,3.4,0
C105301,21,East,Health,Branch,9,83333,2707.54,1,4424.14,3.1,1
C105302,75,Central,Life,Agent,10,46266,1124.74,0,0.0,3.6,0
C105303,28,Central,Auto,Online,9,24179,567.07,0,0.0,3.1,1
C105304,42,Central,Auto,Agent,14,55965,1341.82,0,0.0,3.8,1
C105305,31,West,Auto,Online,6,23383,1612.7,0,0.0,4.1,1
C105306,65,East,Home,Branch,8,50477,1572.64,0,0.0,3.7,1
C105307,40,South,Health,Online,12,43445,2250.4,0,0.0,3.7,1
C105308,61,Central,Health,Online,11,61426,2051.67,0,0.0,3.6,1
C105309,21,North,Life,Online,15,69164,1897.56,0,0.0,4.1,0
C105310,44,South,Health,Branch,3,46154,1809.26,1,3668.43,2.6,1
C105311,70,East,Auto,Agent,14,44869,1629.97,1,1267.57,4.5,0
C105312,71,East,Home,Agent,7,65647,1473.15,0,0.0,4.4,0
C105313,30,East,Auto,Online,3,38198,1748.69,0,0.0,2.5,1
C105314,40,North,Health,Online,4,53160,2304.4,0,0.0,4.7,1
C105315,41,North,Life,Agent,5,61747,1482.35,1,2272.98,3.7,0
C105316,50,South,Health,Online,15,37769,2715.6,0,0.0,4.1,1
C105317,49,South,Auto,Branch,1,46588,1497.35,0,0.0,3.5,1
C105318,24,North,Health,Agent,3,53816,1606.49,0,0.0,4.1,1
C105319,62,West,Auto,Partner,11,75953,1624.74,0,0.0,3.5,1
C105320,31,South,Auto,Online,15,30229,1444.39,0,0.0,3.5,1
C105321,36,South,Health,Agent,1,49315,2299.32,0,0.0,3.5,1
C105322,66,South,Auto,Partner,6,76367,1037.41,0,0.0,3.5,1
C105323,57,East,Auto,Partner,6,69484,554.96,0,0.0,3.8,0
C105324,41,Central,Health,Agent,7,47040,1626.55,0,0.0,3.9,0
C105325,70,North,Health,Online,12,50716,745.07,0,0.0,2.6,0
C105326,40,South,Health,Agent,8,60270,2913.7,0,0.0,4.0,1
C105327,50,West,Life,Agent,2,60642,1591.54,0,0.0,3.6,1
C105328,32,North,Auto,Online,3,76807,926.08,0,0.0,4.2,1
C105329,28,Central,Auto,Online,11,72366,1462.37,0,0.0,4.0,0
C105330,46,Central,Life,Agent,3,27119,587.16,0,0.0,2.6,0
C105331,50,West,Auto,Online,7,23289,1777.97,0,0.0,4.0,1
C105332,64,Central,Life,Partner,6,42214,1729.72,0,0.0,3.5,1
C105333,40,East,Home,Online,7,18655,1598.2,0,0.0,2.9,1
C105334,69,East,Health,Partner,11,75624,2334.7,0,0.0,3.4,1
C105335,53,North,Auto,Agent,3,25074,1071.19,0,0.0,3.1,0
C105336,22,North,Auto,Partner,11,46615,1094.17,0,0.0,4.1,1
C105337,60,South,Home,Branch,12,36319,906.43,0,0.0,4.5,0
C105338,51,East,Auto,Online,15,23432,1125.44,0,0.0,4.1,1
C105339,40,East,Home,Online,7,73254,1758.42,1,3019.95,4.0,1
C105340,45,South,Home,Online,1,41619,1145.77,0,0.0,3.3,1
C105341,35,West,Home,Branch,10,86327,1921.61,0,0.0,4.1,1
C105342,53,North,Auto,Online,12,77297,1690.1,0,0.0,3.7,1
C105343,50,South,Home,Branch,0,51943,1092.68,0,0.0,2.7,0
C105344,43,South,Home,Partner,3,18000,1379.09,0,0.0,3.6,1
C105345,34,West,Auto,Agent,5,45876,815.63,0,0.0,3.9,0
C105346,41,East,Life,Branch,8,93146,744.22,1,3276.23,4.1,1
C105347,46,West,Auto,Partner,8,59708,702.66,0,0.0,3.6,1
C105348,45,North,Life,Branch,3,48989,1940.88,0,0.0,3.1,1
C105349,35,East,Auto,Online,3,40994,811.13,0,0.0,4.0,1
C105350,51,Central,Auto,Online,14,67969,1612.89,0,0.0,3.9,1
C105351,31,North,Home,Agent,11,58655,1300.2,0,0.0,3.4,1
C105352,47,East,Auto,Online,8,57110,1730.47,0,0.0,4.0,1
C105353,25,North,Auto,Agent,5,72450,1570.09,1,10664.34,4.1,1
C105354,45,North,Auto,Partner,7,71483,1711.09,0,0.0,3.7,0
C105355,63,East,Home,Agent,15,59870,1853.5,0,0.0,5.0,1
C105356,65,North,Auto,Online,4,23436,1827.2,0,0.0,3.2,1
C105357,58,East,Health,Online,5,34319,2289.14,0,0.0,4.0,1
C105358,61,Central,Health,Partner,7,40901,1839.57,1,3590.75,3.8,1
C105359,21,South,Health,Online,3,51329,1926.24,0,0.0,2.9,0
C105360,37,North,Health,Online,1,78982,2149.88,0,0.0,3.9,0
C105361,55,Central,Auto,Agent,14,88947,1230.63,0,0.0,3.0,1
C105362,64,East,Life,Agent,10,59050,2083.97,0,0.0,3.4,1
C105363,51,Central,Home,Agent,5,61904,1292.13,0,0.0,3.3,0
C105364,67,South,Life,Agent,9,24798,1408.04,0,0.0,3.3,0
C105365,33,West,Home,Agent,7,44390,1488.71,1,2478.64,5.0,1
C105366,26,Central,Home,Online,1,42044,1081.41,1,1775.32,3.5,0
C105367,23,North,Life,Agent,12,40540,1507.79,0,0.0,4.1,0
C105368,51,Central,Health,Branch,1,62435,1705.84,0,0.0,3.1,1
C105369,56,West,Life,Agent,9,43883,1409.94,0,0.0,4.0,0
C105370,34,Central,Auto,Partner,4,18000,1546.87,1,974.9,2.7,0
C105371,63,North,Auto,Online,6,67167,924.78,0,0.0,5.0,0
C105372,60,East,Health,Agent,7,73663,1025.53,0,0.0,4.1,0
C105373,38,North,Health,Branch,6,57189,1422.6,0,0.0,4.0,1
C105374,31,Central,Health,Agent,3,48972,1378.31,0,0.0,3.5,1
C105375,61,North,Health,Online,1,35811,1934.3,0,0.0,4.0,1
C105376,56,North,Health,Agent,2,36929,1189.66,0,0.0,4.7,0
C105377,27,Central,Life,Partner,11,71277,2001.41,0,0.0,3.7,1
C105378,32,South,Auto,Agent,1,38529,1290.48,1,1492.31,3.6,1
C105379,46,East,Auto,Online,8,88228,1821.18,0,0.0,3.2,1
C105380,47,South,Home,Online,4,69093,1522.98,0,0.0,4.5,1
C105381,27,West,Home,Agent,11,58114,910.61,0,0.0,3.9,1
C105382,73,South,Home,Online,10,100862,1065.15,0,0.0,4.2,1
C105383,40,East,Auto,Branch,2,74963,1006.89,0,0.0,3.2,0
C105384,40,East,Auto,Partner,10,44252,944.89,0,0.0,3.1,1
C105385,21,South,Life,Partner,10,33574,889.65,0,0.0,3.6,0
C105386,68,South,Auto,Agent,4,44368,1841.09,0,0.0,4.0,1
C105387,31,North,Home,Agent,13,50152,1122.07,0,0.0,4.0,1
C105388,75,West,Auto,Online,7,38350,1093.86,0,0.0,4.0,1
C105389,46,North,Health,Online,0,31760,2264.4,0,0.0,3.1,0
C105390,68,South,Home,Agent,10,56238,1517.34,0,0.0,3.1,0
C105391,28,South,Health,Online,7,67988,2607.92,0,0.0,4.0,1
C105392,27,East,Auto,Online,5,85439,1343.5,0,0.0,2.5,1
C105393,64,West,Home,Branch,7,53381,2371.34,0,0.0,3.3,0
C105394,65,East,Auto,Branch,15,62845,1033.46,0,0.0,4.0,0
C105395,49,Central,Auto,Partner,6,18679,1643.15,0,0.0,4.7,1
C105396,19,West,Health,Online,11,67455,1441.5,0,0.0,3.9,1
C105397,72,Central,Health,Partner,13,33841,1715.84,1,1584.13,4.0,1
C105398,40,West,Health,Agent,9,57486,1628.64,0,0.0,4.2,0
C105399,72,North,Health,Online,14,51224,2180.27,0,0.0,3.5,1
C105400,68,Central,Health,Agent,7,47646,1888.29,0,0.0,4.7,1
C105401,67,West,Auto,Agent,3,25293,1592.3,0,0.0,4.0,0
C105402,57,East,Life,Agent,7,38374,1797.58,0,0.0,3.9,1
C105403,57,North,Auto,Branch,1,34818,979.1,0,0.0,4.5,1
C105404,48,North,Life,Agent,4,41306,1530.68,0,0.0,4.3,1
C105405,19,West,Auto,Partner,3,73284,1355.46,0,0.0,4.1,0
C105406,40,East,Health,Online,1,45651,2018.34,1,1420.61,2.8,1
C105407,60,West,Home,Branch,2,39888,372.17,0,0.0,3.9,1
C105408,65,South,Health,Partner,13,63692,1462.56,0,0.0,3.9,1
C105409,50,East,Health,Agent,13,57878,1519.93,1,3653.69,3.5,1
C105410,59,North,Life,Partner,14,88581,1970.67,0,0.0,4.2,0
C105411,19,North,Life,Branch,0,70200,890.6,0,0.0,3.3,1
C105412,45,North,Health,Online,15,18000,2845.91,0,0.0,4.5,0
C105413,47,Central,Home,Branch,5,66493,1391.77,0,0.0,3.7,0
C105414,69,East,Health,Branch,6,64351,1260.71,0,0.0,4.2,1
C105415,36,Central,Home,Online,2,81871,1138.73,0,0.0,3.0,1
C105416,31,West,Auto,Agent,15,48427,1309.49,0,0.0,3.9,1
C105417,38,West,Auto,Online,15,71735,1675.11,0,0.0,2.8,0
C105418,27,East,Health,Online,11,45617,2734.83,1,1982.22,4.4,1
C105419,50,Central,Auto,Partner,1,57228,945.42,0,0.0,3.8,0
C105420,55,Central,Home,Partner,6,33011,1233.36,0,0.0,3.6,1
C105421,64,West,Auto,Branch,4,27260,1423.23,0,0.0,4.0,1
C105422,74,North,Auto,Agent,14,67653,1237.44,0,0.0,3.7,1
C105423,22,West,Home,Agent,10,52064,1566.84,0,0.0,3.1,1
C105424,32,North,Health,Online,15,28946,2064.62,0,0.0,3.8,1
C105425,35,North,Life,Online,13,66661,1299.24,0,0.0,3.7,1
C105426,32,West,Auto,Branch,8,18000,1379.93,0,0.0,3.3,1
C105427,65,Central,Auto,Agent,4,37422,1174.21,0,0.0,3.4,1
C105428,26,North,Auto,Agent,12,22107,1276.26,0,0.0,3.6,1
C105429,19,North,Health,Online,11,73585,1472.22,0,0.0,4.5,0
C105430,67,Central,Auto,Partner,12,44196,833.65,0,0.0,4.4,1
C105431,73,North,Home,Online,14,53420,1461.15,0,0.0,4.2,1
C105432,31,North,Auto,Agent,9,57476,1863.76,0,0.0,4.5,1
C105433,37,West,Life,Online,10,66555,1386.04,0,0.0,4.8,1
C105434,47,Central,Health,Online,6,64516,1476.54,0,0.0,5.0,1
C105435,48,East,Home,Agent,7,66422,1316.84,0,0.0,3.2,1
C105436,75,East,Auto,Agent,2,47221,1826.79,0,0.0,4.1,0
C105437,41,South,Auto,Agent,3,67356,1244.16,0,0.0,4.1,1
C105438,18,South,Auto,Online,15,40203,2131.75,0,0.0,4.1,0
C105439,42,West,Health,Partner,2,44764,1543.45,1,2456.87,3.1,1
C105440,50,Central,Health,Branch,1,24338,2359.32,0,0.0,4.2,1
C105441,47,South,Auto,Partner,12,82175,1389.86,0,0.0,4.8,0
C105442,47,South,Auto,Online,2,34114,1566.3,0,0.0,4.7,1
C105443,71,South,Life,Partner,7,77395,1512.6,0,0.0,4.6,0
C105444,64,North,Auto,Branch,5,61671,1590.9,1,586.45,3.6,1
C105445,32,South,Auto,Agent,6,55587,1170.9,1,7519.94,2.3,1
C105446,38,North,Auto,Online,6,58606,1594.93,0,0.0,4.0,1
C105447,56,West,Auto,Online,0,32825,2028.24,0,0.0,3.6,1
C105448,41,South,Health,Branch,4,80900,3237.07,0,0.0,5.0,1
C105449,42,West,Health,Agent,10,45490,2547.77,0,0.0,3.9,0
C105450,27,East,Health,Branch,1,70232,1080.29,0,0.0,3.6,1
C105451,32,Central,Home,Branch,4,42221,1140.57,0,0.0,3.8,1
C105452,60,Central,Auto,Branch,14,26235,1495.83,1,1931.93,3.9,0
C105453,66,South,Auto,Agent,10,87702,666.4,0,0.0,3.8,0
C105454,63,North,Home,Partner,8,41137,1470.14,0,0.0,3.8,1
C105455,35,West,Auto,Online,8,60313,1235.88,0,0.0,4.5,1
C105456,25,North,Auto,Branch,15,18000,1601.68,1,1955.98,2.6,0
C105457,27,South,Health,Agent,0,50723,1942.15,0,0.0,4.1,1
C105458,40,North,Home,Online,14,62873,1109.84,1,4266.08,3.5,1
C105459,48,Central,Auto,Agent,7,54565,1450.37,0,0.0,4.4,1
C105460,69,North,Life,Branch,7,50236,2080.92,0,0.0,3.7,0
C105461,70,East,Auto,Agent,3,48201,1115.57,0,0.0,3.3,1
C105462,18,East,Life,Online,6,67670,1628.15,0,0.0,4.1,1
C105463,59,West,Auto,Online,8,28714,762.16,1,636.23,3.4,1
C105464,35,South,Home,Branch,4,47739,1701.01,0,0.0,4.5,1
C105465,29,Central,Health,Online,5,77824,1754.24,1,1881.15,3.9,1
C105466,50,West,Home,Online,15,25311,2319.54,0,0.0,3.4,1
C105467,19,East,Health,Branch,13,50083,1094.84,0,0.0,3.4,1
C105468,37,South,Life,Online,9,32141,2518.81,0,0.0,3.9,1
C105469,50,Central,Home,Online,4,57418,898.54,0,0.0,3.8,0
C105470,33,West,Health,Agent,13,52595,2453.77,0,0.0,3.9,1
C105471,52,South,Auto,Agent,13,35008,1401.84,0,0.0,3.0,1
C105472,44,South,Auto,Agent,15,52436,1264.03,0,0.0,4.8,1
C105473,64,North,Life,Online,10,53183,1793.74,0,0.0,3.7,1
C105474,28,North,Life,Agent,3,41033,1834.81,0,0.0,3.3,1
C105475,21,North,Auto,Agent,6,44502,1310.93,0,0.0,3.2,0
C105476,48,North,Auto,Agent,14,40335,1068.24,0,0.0,3.2,1
C105477,32,North,Auto,Online,1,18000,1071.72,0,0.0,4.3,1
C105478,58,Central,Auto,Online,12,68684,1059.56,0,0.0,3.7,0
C105479,23,West,Auto,Agent,8,73507,1050.78,0,0.0,3.0,1
C105480,51,Central,Home,Online,7,20496,1957.67,0,0.0,3.7,1
C105481,75,West,Auto,Partner,2,73745,1845.2,0,0.0,3.9,1
C105482,23,West,Life,Partner,15,59227,1750.34,0,0.0,4.2,1
C105483,35,North,Life,Agent,3,32161,1347.34,0,0.0,3.0,0
C105484,66,West,Auto,Branch,9,48234,805.39,0,0.0,2.5,0
C105485,48,South,Health,Agent,8,39300,2550.94,0,0.0,3.1,1
C105486,28,East,Health,Online,6,68620,2219.93,0,0.0,5.0,1
C105487,30,Central,Auto,Agent,2,35483,1011.65,0,0.0,2.4,0
C105488,62,Central,Home,Partner,2,90213,621.55,0,0.0,3.1,0
C105489,67,South,Health,Online,10,72854,1495.41,1,2447.87,3.8,1
C105490,38,West,Auto,Agent,11,29951,1227.71,1,1283.08,4.8,1
C105491,45,North,Life,Agent,3,81492,1595.21,1,275.58,3.2,1
C105492,63,North,Auto,Online,12,65137,1195.36,0,0.0,4.1,1
C105493,28,North,Auto,Agent,10,49289,1146.59,0,0.0,4.5,0
C105494,29,North,Life,Partner,3,64163,1713.89,0,0.0,3.1,1
C105495,62,West,Auto,Online,6,68644,1108.4,0,0.0,4.8,1
C105496,28,South,Auto,Online,5,38350,1062.36,0,0.0,3.4,1
C105497,62,North,Auto,Online,8,67029,1432.14,0,0.0,4.3,1
C105498,46,Central,Auto,Branch,0,44211,1337.41,0,0.0,5.0,1
C105499,75,East,Health,Agent,15,66657,2285.26,0,0.0,3.4,1
C105500,19,South,Home,Agent,8,49545,1804.65,1,1881.81,3.5,1
C105501,72,East,Health,Branch,10,33868,979.15,0,0.0,3.5,0
C105502,31,East,Health,Partner,9,63344,2009.0,1,1703.08,3.5,1
C105503,20,East,Auto,Online,6,45183,840.58,0,0.0,3.7,1
C105504,59,West,Health,Branch,13,54782,1247.24,0,0.0,4.2,1
C105505,48,Central,Life,Agent,5,59359,2247.44,0,0.0,3.8,1
C105506,66,South,Home,Online,0,78447,1828.77,0,0.0,4.0,1
C105507,24,East,Home,Online,8,44156,1131.33,0,0.0,3.9,1
C105508,22,North,Auto,Agent,1,36734,1402.6,0,0.0,3.7,0
C105509,50,Central,Health,Partner,13,81624,1426.68,0,0.0,3.8,1
C105510,69,South,Life,Agent,0,52057,1336.62,0,0.0,3.7,1
C105511,41,South,Life,Agent,3,42187,1763.95,0,0.0,3.5,1
C105512,64,Central,Home,Online,15,58522,2287.19,1,2861.87,4.1,1
C105513,70,East,Health,Online,4,45815,1647.07,0,0.0,3.8,1
C105514,68,North,Auto,Partner,8,47180,1282.5,0,0.0,4.1,0
C105515,47,South,Auto,Branch,13,98326,936.3,1,894.88,3.7,1
C105516,58,South,Auto,Agent,3,34216,1609.55,1,843.31,4.3,1
C105517,48,Central,Auto,Online,4,26115,2060.61,0,0.0,3.2,0
C105518,57,East,Auto,Online,0,74060,1062.69,1,1905.67,3.6,1
C105519,50,South,Health,Partner,12,45174,2033.55,1,6898.62,3.8,0
C105520,48,East,Health,Online,1,57744,1761.85,0,0.0,4.3,1
C105521,43,East,Health,Online,15,63488,1619.83,0,0.0,3.7,1
C105522,55,North,Health,Branch,11,20503,2231.96,0,0.0,4.4,1
C105523,61,Central,Auto,Partner,5,72531,2117.44,0,0.0,2.7,0
C105524,71,North,Health,Online,7,41895,1440.4,0,0.0,4.0,1
C105525,53,Central,Life,Branch,8,86180,1303.02,0,0.0,4.7,1
C105526,23,West,Health,Online,11,37667,2311.2,0,0.0,3.9,1
C105527,52,North,Life,Branch,5,80183,2062.83,0,0.0,3.6,1
C105528,36,West,Health,Online,4,83441,2249.14,0,0.0,4.4,1
C105529,19,West,Health,Partner,2,43189,1752.79,0,0.0,3.6,1
C105530,22,West,Health,Branch,7,48575,1818.12,0,0.0,2.9,1
C105531,52,East,Home,Partner,7,46347,1711.24,0,0.0,4.1,1
C105532,72,North,Life,Agent,9,79354,1569.12,0,0.0,3.3,1
C105533,47,North,Health,Partner,13,55230,2295.02,0,0.0,4.2,1
C105534,43,West,Home,Agent,3,61589,1917.78,0,0.0,4.2,1
C105535,23,North,Life,Agent,3,49417,1872.22,0,0.0,4.4,0
C105536,57,South,Home,Online,4,60498,1529.35,0,0.0,4.1,1
C105537,21,East,Auto,Branch,2,61669,1183.82,0,0.0,4.1,1
C105538,66,North,Auto,Agent,2,41258,770.32,1,1184.5,3.4,0
C105539,65,West,Life,Agent,12,83905,2036.67,0,0.0,4.4,1
C105540,75,Central,Home,Branch,11,48333,1726.95,0,0.0,4.4,1
C105541,34,Central,Life,Branch,13,70540,2759.56,1,4097.41,4.1,1
C105542,27,North,Auto,Agent,9,29288,623.6,1,2783.01,4.0,0
C105543,35,East,Home,Agent,13,64312,1662.09,0,0.0,3.4,1
C105544,64,Central,Home,Agent,7,71168,2308.86,0,0.0,4.5,0
C105545,30,South,Life,Agent,14,56786,2036.5,0,0.0,4.2,1
C105546,69,West,Home,Agent,9,71366,1650.43,0,0.0,2.3,1
C105547,26,East,Auto,Branch,0,39269,1114.08,1,7609.44,4.2,0
C105548,20,South,Home,Branch,2,60505,1498.77,0,0.0,3.6,1
C105549,30,South,Health,Agent,8,24627,1391.95,0,0.0,3.9,1
C105550,61,West,Auto,Online,13,54674,1156.04,0,0.0,3.8,1
C105551,52,North,Auto,Agent,2,37728,1251.21,0,0.0,4.1,0
C105552,38,Central,Life,Branch,12,50762,1243.29,0,0.0,4.0,0
C105553,56,East,Auto,Partner,14,76826,1012.81,0,0.0,3.7,1
C105554,55,North,Health,Online,2,83281,2505.16,0,0.0,2.9,1
C105555,50,West,Health,Partner,8,28917,2094.86,0,0.0,4.7,0
C105556,47,East,Life,Online,14,74415,1584.64,0,0.0,3.8,1
C105557,23,South,Home,Partner,4,77184,1764.45,0,0.0,3.1,1
C105558,33,Central,Auto,Partner,6,57844,899.82,0,0.0,5.0,1
C105559,48,West,Auto,Agent,7,76443,865.13,0,0.0,4.4,0
C105560,25,East,Auto,Partner,7,44530,1528.04,0,0.0,3.5,1
C105561,45,Central,Auto,Agent,5,42750,1083.34,0,0.0,3.0,1
C105562,24,East,Home,Agent,8,42827,1040.38,0,0.0,3.7,1
C105563,63,East,Health,Branch,4,64851,1769.71,1,2258.22,4.2,1
C105564,23,North,Auto,Online,12,50249,1280.05,0,0.0,3.2,1
C105565,23,North,Life,Online,10,39115,1993.26,1,1483.53,3.6,1
C105566,54,East,Auto,Online,2,39978,1805.45,0,0.0,4.6,1
C105567,30,East,Auto,Agent,13,52022,1906.13,0,0.0,2.7,1
C105568,38,West,Health,Branch,4,36714,2252.96,0,0.0,3.1,0
C105569,36,East,Auto,Branch,8,64031,1400.32,1,1967.52,3.4,1
C105570,30,East,Auto,Partner,14,73512,1733.03,1,2701.76,3.3,1
C105571,62,Central,Life,Partner,10,69529,2147.68,0,0.0,4.0,1
C105572,58,Central,Life,Branch,15,104400,834.2,0,0.0,2.6,0
C105573,31,South,Home,Partner,9,59395,379.96,0,0.0,4.1,1
C105574,57,Central,Home,Online,12,82514,1568.97,0,0.0,3.8,1
C105575,59,Central,Auto,Branch,7,55308,1574.81,0,0.0,4.0,1
C105576,49,North,Home,Online,2,46988,1099.17,0,0.0,3.3,1
C105577,51,South,Health,Online,2,54144,2534.57,0,0.0,3.0,0
C105578,72,South,Auto,Online,9,54995,1126.2,0,0.0,3.6,1
C105579,44,West,Auto,Online,2,49775,757.41,0,0.0,3.8,1
C105580,40,East,Health,Partner,7,32515,1967.28,0,0.0,3.5,1
C105581,49,East,Auto,Agent,7,34370,1282.81,0,0.0,3.1,0
C105582,66,West,Auto,Partner,1,72397,1609.54,0,0.0,3.1,1
C105583,59,South,Auto,Agent,13,67014,1072.89,0,0.0,3.4,1
C105584,22,South,Health,Branch,1,84017,2819.63,0,0.0,4.8,1
C105585,44,Central,Auto,Online,5,44930,727.02,0,0.0,4.5,1
C105586,60,Central,Health,Partner,13,43251,2209.3,0,0.0,3.8,1
C105587,30,West,Auto,Online,0,31315,583.74,0,0.0,3.8,1
C105588,75,South,Health,Branch,1,71007,2168.42,0,0.0,4.4,1
C105589,64,North,Auto,Partner,13,35942,1135.25,0,0.0,3.8,1
C105590,67,South,Health,Branch,4,51445,1862.29,0,0.0,3.7,1
C105591,22,East,Health,Branch,14,57638,2170.31,0,0.0,3.1,1
C105592,51,South,Home,Online,2,23857,1406.69,0,0.0,4.5,1
C105593,48,Central,Auto,Agent,2,65985,1951.87,0,0.0,3.4,0
C105594,54,West,Health,Online,9,70181,1327.48,0,0.0,3.5,1
C105595,67,East,Home,Agent,15,56982,2172.77,0,0.0,3.8,1
C105596,38,South,Auto,Online,12,50438,1494.42,0,0.0,4.9,1
C105597,48,South,Health,Branch,9,51419,1721.44,0,0.0,3.9,1
C105598,57,East,Health,Partner,4,77204,2320.93,0,0.0,3.2,1
C105599,61,West,Life,Branch,1,52960,1708.37,0,0.0,3.5,1
C105600,62,North,Health,Branch,12,51637,2290.86,0,0.0,4.2,1
C105601,37,Central,Life,Agent,1,39641,2272.47,0,0.0,4.1,0
C105602,75,North,Home,Online,2,18000,1134.88,0,0.0,3.6,1
C105603,18,South,Health,Branch,7,71733,2459.23,0,0.0,2.8,0
C105604,46,Central,Auto,Online,5,51948,851.78,0,0.0,4.0,1
C105605,53,South,Health,Agent,13,36243,2593.82,0,0.0,4.0,1
C105606,21,North,Auto,Partner,3,89985,2160.45,0,0.0,3.9,0
C105607,44,West,Health,Agent,10,59909,1612.93,0,0.0,4.6,1
C105608,52,South,Auto,Online,7,48292,1920.14,0,0.0,4.9,1
C105609,53,North,Home,Online,3,70327,1054.87,0,0.0,4.7,1
C105610,24,North,Home,Branch,15,58623,1384.16,0,0.0,3.4,1
C105611,34,North,Life,Online,12,58273,1333.88,0,0.0,4.1,1
C105612,32,East,Auto,Agent,11,41044,980.63,1,383.9,3.2,1
C105613,55,South,Life,Agent,7,64534,1118.47,0,0.0,3.7,1
C105614,37,West,Life,Branch,3,68925,1952.87,0,0.0,4.0,1
C105615,51,Central,Life,Partner,10,41141,2239.41,0,0.0,3.3,1
C105616,60,North,Home,Online,15,18000,1432.32,0,0.0,4.0,1
C105617,64,South,Auto,Branch,4,69101,1624.38,0,0.0,3.0,1
C105618,28,North,Life,Online,10,63312,2169.77,0,0.0,4.0,1
C105619,70,South,Health,Online,13,67158,1881.17,0,0.0,3.6,1
C105620,27,South,Home,Agent,7,52831,2081.54,0,0.0,3.5,1
C105621,19,West,Auto,Online,1,69329,1884.17,0,0.0,3.8,1
C105622,20,South,Auto,Partner,14,40248,1431.13,0,0.0,3.9,0
C105623,29,East,Auto,Branch,1,48641,1349.48,0,0.0,3.2,0
C105624,68,West,Health,Partner,12,33155,1679.03,1,1671.64,3.7,1
C105625,30,Central,Health,Online,7,72835,2141.56,0,0.0,3.8,0
C105626,58,South,Life,Branch,11,51158,1812.75,0,0.0,3.4,1
C105627,42,South,Auto,Agent,11,56173,1712.7,0,0.0,4.0,1
C105628,20,Central,Auto,Online,3,59799,684.92,0,0.0,4.3,1
C105629,43,South,Auto,Branch,1,47706,1123.19,0,0.0,4.8,0
C105630,19,West,Auto,Partner,2,66804,1558.89,1,777.42,2.7,1
C105631,45,West,Health,Partner,3,81844,1303.76,0,0.0,4.4,1
C105632,50,East,Home,Partner,13,69635,876.23,0,0.0,3.5,0
C105633,48,South,Life,Online,1,20981,2045.86,1,2160.0,3.8,1
C105634,34,North,Auto,Partner,10,53976,1259.32,0,0.0,3.1,1
C105635,62,East,Auto,Partner,6,54794,1191.01,0,0.0,4.1,1
C105636,52,East,Home,Branch,13,74361,1982.75,0,0.0,3.4,0
C105637,32,West,Auto,Online,9,42116,1473.29,0,0.0,3.9,1
C105638,43,West,Home,Agent,12,33272,1399.88,0,0.0,3.4,1
C105639,24,Central,Health,Online,13,67041,2166.23,0,0.0,3.6,0
C105640,71,Central,Life,Online,14,51654,1871.21,0,0.0,3.5,0
C105641,61,West,Auto,Partner,12,40772,1381.5,0,0.0,4.8,1
C105642,34,North,Life,Partner,6,47318,1626.45,0,0.0,3.3,0
C105643,57,East,Life,Partner,14,26600,1474.39,0,0.0,4.3,1
C105644,57,West,Auto,Online,5,55062,386.33,1,7502.07,3.5,1
C105645,53,East,Health,Agent,9,46532,2235.72,0,0.0,3.4,1
C105646,21,North,Health,Agent,3,61594,2375.07,0,0.0,3.9,1
C105647,68,East,Auto,Agent,12,48311,1056.31,0,0.0,4.3,1
C105648,73,South,Life,Agent,1,52639,1244.89,0,0.0,3.2,1
C105649,74,South,Auto,Partner,15,43804,1572.19,1,734.23,4.8,0
C105650,74,Central,Auto,Branch,7,47417,943.21,0,0.0,4.8,1
C105651,71,East,Auto,Branch,13,31664,1740.7,0,0.0,3.8,1
C105652,60,East,Health,Online,7,70580,2236.78,0,0.0,4.2,1
C105653,21,East,Life,Agent,2,51250,1399.97,0,0.0,3.9,1
C105654,44,East,Health,Agent,1,18000,1522.53,0,0.0,3.7,1
C105655,32,South,Home,Branch,14,23463,1171.53,0,0.0,4.2,1
C105656,30,East,Auto,Partner,9,70676,1349.55,0,0.0,3.4,1
C105657,66,South,Home,Online,2,51222,831.79,0,0.0,4.5,0
C105658,65,West,Health,Online,5,51641,1672.53,0,0.0,3.7,1
C105659,48,North,Health,Partner,9,51951,2007.28,0,0.0,4.1,1
C105660,60,Central,Health,Agent,7,60773,1211.74,0,0.0,3.7,1
C105661,25,West,Life,Agent,1,79550,1071.82,0,0.0,3.3,1
C105662,30,East,Home,Partner,8,60012,1165.91,0,0.0,3.2,1
C105663,67,South,Home,Branch,2,57533,2260.51,0,0.0,3.5,0
C105664,44,South,Health,Branch,4,41717,2003.11,0,0.0,3.6,1
C105665,49,West,Auto,Online,10,24233,898.33,0,0.0,4.5,1
C105666,44,West,Health,Agent,10,60541,2432.32,0,0.0,3.5,0
C105667,29,West,Home,Agent,1,61995,1732.15,0,0.0,4.3,1
C105668,65,Central,Home,Agent,8,71794,1290.27,0,0.0,3.0,1
C105669,61,East,Health,Agent,4,82819,1714.01,0,0.0,3.4,0
C105670,57,West,Auto,Online,7,31122,1085.48,0,0.0,4.5,0
C105671,38,East,Auto,Agent,12,40948,1292.45,1,2314.99,3.9,0
C105672,55,West,Auto,Agent,6,64029,1080.14,1,4481.39,3.6,1
C105673,73,East,Home,Agent,9,52021,2029.86,0,0.0,2.9,0
C105674,55,West,Life,Online,0,77981,1350.92,0,0.0,4.3,1
C105675,46,North,Health,Partner,7,48516,1951.08,1,3912.62,3.2,1
C105676,33,South,Home,Online,12,88018,449.21,1,9277.51,3.9,0
C105677,48,South,Home,Agent,10,53008,2332.61,0,0.0,3.6,0
C105678,39,Central,Auto,Branch,15,81298,1428.52,0,0.0,3.6,1
C105679,53,East,Auto,Branch,12,18000,1512.1,0,0.0,3.5,1
C105680,20,South,Auto,Agent,2,60754,1482.0,0,0.0,4.7,0
C105681,29,East,Life,Online,0,52420,1203.01,0,0.0,3.6,1
C105682,63,East,Auto,Online,4,18000,847.6,0,0.0,3.2,1
C105683,40,Central,Health,Online,13,51724,2425.11,0,0.0,4.2,1
C105684,43,Central,Health,Online,13,29720,2403.15,1,2667.35,2.6,1
C105685,49,Central,Home,Agent,11,42646,1946.32,0,0.0,3.3,0
C105686,43,Central,Auto,Agent,11,57493,1546.34,0,0.0,4.6,0
C105687,62,South,Life,Online,10,49788,1642.08,0,0.0,3.8,1
C105688,32,South,Auto,Branch,4,58414,1204.89,0,0.0,3.4,1
C105689,61,East,Life,Online,10,54829,1506.23,0,0.0,5.0,1
C105690,30,West,Health,Partner,10,94379,1132.89,0,0.0,3.8,0
C105691,39,South,Health,Agent,1,56666,1376.64,0,0.0,3.3,0
C105692,52,West,Home,Agent,14,54025,1932.21,0,0.0,4.1,0
C105693,69,South,Health,Online,12,59576,2325.96,0,0.0,3.7,1
C105694,31,South,Auto,Agent,3,51528,1462.72,0,0.0,3.7,1
C105695,52,South,Home,Agent,4,23488,1291.28,0,0.0,3.6,1
C105696,21,Central,Health,Partner,10,64453,1678.12,0,0.0,2.8,1
C105697,22,West,Health,Online,3,75233,1859.46,0,0.0,4.2,0
C105698,62,East,Home,Agent,12,79994,1156.64,0,0.0,5.0,1
C105699,59,Central,Home,Branch,7,64409,1570.88,0,0.0,2.6,0
C105700,39,Central,Health,Agent,1,47160,1904.64,0,0.0,4.4,0
C105701,54,South,Auto,Agent,11,56733,1707.53,0,0.0,3.7,1
C105702,40,West,Auto,Partner,14,84155,1795.9,0,0.0,3.4,0
C105703,34,South,Health,Agent,5,47969,1946.57,0,0.0,4.0,0
C105704,43,East,Auto,Online,15,30517,1462.01,0,0.0,4.3,0
C105705,36,North,Auto,Partner,11,91768,699.07,0,0.0,3.9,0
C105706,65,East,Home,Online,11,33674,1143.71,0,0.0,3.5,1
C105707,41,East,Auto,Branch,5,23707,1375.46,0,0.0,3.6,1
C105708,36,North,Auto,Online,8,57744,1365.26,0,0.0,4.0,1
C105709,49,East,Life,Online,3,59358,1837.24,0,0.0,4.0,1
C105710,61,West,Home,Agent,9,60245,2293.34,0,0.0,4.4,1
C105711,33,West,Home,Partner,13,67809,2268.75,0,0.0,2.9,1
C105712,72,North,Auto,Online,10,49090,822.37,0,0.0,4.0,1
C105713,44,North,Health,Online,13,49349,2787.29,1,4789.49,3.6,0
C105714,56,South,Life,Online,2,41682,1240.37,0,0.0,3.9,1
C105715,73,Central,Auto,Online,9,54462,1122.32,0,0.0,4.4,1
C105716,43,Central,Auto,Online,4,61755,1737.25,0,0.0,3.4,1
C105717,29,South,Auto,Partner,9,68322,702.47,0,0.0,3.3,1
C105718,61,West,Life,Branch,1,35840,1969.94,0,0.0,3.0,1
C105719,18,East,Auto,Online,6,29568,1553.88,0,0.0,4.0,1
C105720,44,Central,Health,Online,5,67930,1595.07,1,4171.89,3.2,0
C105721,74,North,Health,Online,8,42478,1038.93,0,0.0,3.4,1
C105722,42,East,Life,Agent,11,34267,1703.12,0,0.0,3.9,0
C105723,57,East,Auto,Online,9,18698,1708.79,0,0.0,3.7,0
C105724,48,South,Health,Partner,14,77333,1837.18,0,0.0,3.5,1
C105725,30,North,Life,Online,4,56962,1241.16,0,0.0,4.1,1
C105726,36,North,Auto,Agent,5,61819,1303.56,0,0.0,3.4,1
C105727,48,East,Health,Branch,7,59874,1790.53,0,0.0,4.0,1
C105728,24,West,Auto,Online,9,55826,1113.81,0,0.0,4.5,1
C105729,42,West,Auto,Branch,13,51582,1883.9,0,0.0,3.4,1
C105730,42,North,Auto,Branch,9,50735,843.26,1,2355.05,4.1,1
C105731,66,Central,Auto,Online,15,34416,634.03,0,0.0,3.4,0
C105732,25,South,Auto,Partner,7,20223,1026.72,1,583.78,4.6,0
C105733,66,Central,Home,Agent,8,92421,942.25,0,0.0,4.0,1
C105734,41,North,Health,Online,11,52684,2112.11,0,0.0,3.6,0
C105735,55,Central,Health,Branch,2,44124,1900.43,0,0.0,4.3,1
C105736,50,Central,Home,Branch,2,37583,1349.12,0,0.0,3.2,1
C105737,35,Central,Life,Online,5,70892,1402.51,0,0.0,3.0,0
C105738,71,Central,Auto,Agent,1,54605,1549.58,0,0.0,3.1,1
C105739,31,South,Auto,Partner,6,36459,1362.18,0,0.0,3.0,1
C105740,20,West,Auto,Branch,5,46536,1422.82,0,0.0,3.0,0
C105741,61,East,Life,Agent,9,57604,2333.24,1,3693.4,3.9,1
C105742,54,East,Life,Agent,15,45041,1468.95,0,0.0,4.2,0
C105743,69,Central,Health,Agent,9,66671,2109.76,0,0.0,3.4,1
C105744,44,South,Auto,Branch,15,90234,1646.72,0,0.0,4.6,0
C105745,18,East,Health,Online,9,44405,1438.0,0,0.0,3.3,1
C105746,19,Central,Home,Online,10,46871,1317.96,0,0.0,4.6,0
C105747,43,South,Auto,Agent,13,37061,1308.18,0,0.0,3.3,1
C105748,32,North,Auto,Branch,9,49237,885.05,0,0.0,3.9,1
C105749,71,South,Auto,Branch,15,18000,992.31,0,0.0,3.5,0
C105750,24,West,Home,Agent,10,71788,1451.03,1,3273.77,3.5,1
C105751,69,Central,Life,Agent,5,27985,2748.15,1,2412.66,3.6,1
C105752,30,North,Auto,Agent,6,37486,1537.21,0,0.0,3.5,1
C105753,24,West,Life,Branch,10,53509,1830.02,0,0.0,3.7,1
C105754,33,East,Health,Partner,4,76794,1258.05,0,0.0,3.3,1
C105755,26,West,Home,Branch,11,36623,1439.96,1,2183.18,2.8,1
C105756,41,West,Life,Partner,0,48640,1049.77,0,0.0,2.7,1
C105757,37,Central,Health,Partner,11,57283,2183.57,0,0.0,3.8,1
C105758,48,South,Auto,Online,0,39912,1212.48,0,0.0,4.8,1
C105759,49,South,Auto,Agent,2,49831,1100.86,0,0.0,3.3,1
C105760,18,East,Home,Agent,15,23371,1017.28,0,0.0,4.1,1
C105761,25,East,Health,Agent,13,42502,2249.72,0,0.0,4.4,1
C105762,27,East,Auto,Branch,11,74148,1366.08,0,0.0,3.6,0
C105763,29,North,Health,Online,14,66682,2191.81,0,0.0,3.5,0
C105764,23,North,Auto,Online,11,44012,997.26,0,0.0,4.1,1
C105765,36,Central,Auto,Online,1,33765,1000.28,0,0.0,4.3,0
C105766,49,North,Home,Online,13,48177,1401.24,0,0.0,4.4,0
C105767,35,East,Health,Agent,3,25654,1513.68,0,0.0,3.1,1
C105768,37,West,Auto,Online,9,48458,1347.91,0,0.0,5.0,1
C105769,45,North,Health,Online,14,44619,1595.92,0,0.0,3.8,0
C105770,49,South,Life,Agent,10,43961,1326.06,1,1625.98,3.5,1
C105771,37,South,Auto,Agent,0,49459,1220.36,0,0.0,3.8,1
C105772,30,East,Auto,Agent,12,61662,684.43,0,0.0,4.4,0
C105773,41,South,Auto,Online,12,33304,1159.98,0,0.0,5.0,1
C105774,19,West,Auto,Partner,2,69238,1765.84,0,0.0,3.8,1
C105775,46,South,Auto,Online,15,72254,1041.45,0,0.0,3.4,1
C105776,72,North,Auto,Branch,3,91595,2013.29,0,0.0,3.9,1
C105777,41,North,Auto,Partner,0,57334,1533.9,1,3535.4,3.8,0
C105778,24,South,Home,Partner,8,78515,1243.4,0,0.0,3.5,1
C105779,59,South,Auto,Agent,10,69576,1329.01,0,0.0,3.1,1
C105780,25,Central,Health,Online,1,55428,2240.28,0,0.0,4.6,0
C105781,29,North,Home,Branch,2,30093,2450.33,0,0.0,4.4,0
C105782,26,East,Auto,Agent,10,68115,1105.15,0,0.0,3.9,1
C105783,69,East,Auto,Branch,1,56315,1948.12,0,0.0,4.4,0
C105784,74,West,Life,Agent,13,84172,1345.61,0,0.0,3.7,0
C105785,51,West,Health,Partner,4,65324,2015.09,0,0.0,3.0,1
C105786,53,North,Home,Partner,13,71005,880.73,0,0.0,4.4,1
C105787,55,West,Health,Branch,11,41590,2418.98,0,0.0,3.8,1
C105788,53,South,Life,Partner,5,56403,1791.6,0,0.0,5.0,1
C105789,49,West,Auto,Agent,12,18000,1608.5,0,0.0,2.9,1
C105790,75,North,Auto,Online,3,61981,1686.25,0,0.0,4.1,0
C105791,60,West,Home,Branch,7,73920,1488.83,0,0.0,3.2,1
C105792,23,West,Auto,Branch,15,77055,1036.77,0,0.0,4.3,1
C105793,40,West,Health,Agent,14,45611,1787.52,0,0.0,4.4,0
C105794,74,North,Auto,Online,14,19353,350.0,0,0.0,3.5,1
C105795,41,West,Auto,Agent,2,42323,943.9,0,0.0,4.7,0
C105796,29,West,Home,Online,5,50599,1455.5,0,0.0,3.0,0
C105797,68,East,Health,Branch,1,59359,1317.05,0,0.0,4.0,0
C105798,54,South,Health,Partner,14,18000,1535.45,0,0.0,4.0,1
C105799,50,North,Auto,Online,12,50118,1479.13,1,4498.46,4.0,1
C105800,42,South,Auto,Branch,14,33325,1014.05,0,0.0,4.3,1
C105801,25,West,Home,Online,1,78037,2244.05,1,1385.21,3.8,0
C105802,40,East,Auto,Agent,5,18000,1514.19,0,0.0,4.0,1
C105803,43,West,Health,Partner,11,70229,2947.97,0,0.0,3.2,1
C105804,72,West,Health,Online,5,49129,1669.96,0,0.0,3.5,0
C105805,35,West,Auto,Online,4,18000,964.34,0,0.0,3.7,0
C105806,26,West,Auto,Partner,14,82194,832.69,0,0.0,4.4,0
C105807,42,West,Home,Online,8,76304,1723.23,0,0.0,4.2,0
C105808,75,East,Health,Agent,11,74500,1366.9,0,0.0,3.9,1
C105809,45,South,Auto,Agent,12,53676,659.96,0,0.0,2.4,1
C105810,39,Central,Life,Online,9,39912,1545.98,0,0.0,3.2,1
C105811,56,Central,Auto,Online,11,53172,1326.3,0,0.0,4.1,1
C105812,55,East,Home,Branch,15,61829,1786.7,1,1193.2,3.3,0
C105813,35,Central,Auto,Agent,7,42236,1206.87,1,693.04,3.4,0
C105814,74,Central,Health,Agent,13,36559,1482.21,0,0.0,4.3,1
C105815,52,East,Health,Branch,1,60877,2414.61,0,0.0,3.8,1
C105816,21,West,Auto,Online,1,55518,1411.14,0,0.0,3.0,1
C105817,41,West,Home,Agent,6,68667,1528.63,0,0.0,3.5,1
C105818,71,South,Auto,Partner,7,79415,1152.77,0,0.0,4.0,1
C105819,40,North,Health,Branch,5,67414,1012.53,0,0.0,4.2,1
C105820,50,East,Home,Agent,14,31259,1599.64,0,0.0,3.4,0
C105821,53,West,Health,Agent,0,51766,1207.7,0,0.0,4.2,1
C105822,58,South,Health,Branch,1,58966,2496.46,0,0.0,2.5,1
C105823,68,West,Auto,Agent,10,66565,1400.13,0,0.0,3.7,1
C105824,26,West,Auto,Online,1,67446,387.08,0,0.0,3.0,1
C105825,47,West,Life,Agent,3,50955,1360.74,0,0.0,3.2,1
C105826,48,South,Health,Online,13,43172,1446.06,0,0.0,4.3,1
C105827,26,East,Health,Partner,13,70156,1904.0,0,0.0,3.5,1
C105828,57,North,Health,Branch,12,58797,2254.83,0,0.0,3.3,1
C105829,24,South,Health,Agent,5,57067,3603.25,0,0.0,3.3,1
C105830,44,North,Auto,Agent,2,39316,855.84,0,0.0,4.4,1
C105831,37,North,Auto,Partner,5,89797,1178.74,0,0.0,4.2,1
C105832,26,South,Health,Agent,2,56483,2279.36,0,0.0,3.7,1
C105833,65,East,Auto,Branch,3,50437,1399.78,0,0.0,2.8,0
C105834,32,East,Auto,Branch,13,56484,1544.05,0,0.0,2.8,1
C105835,32,South,Health,Partner,3,49631,1845.57,0,0.0,3.3,1
C105836,67,Central,Health,Agent,3,28802,2383.05,0,0.0,3.5,1
C105837,68,East,Health,Branch,4,57376,1761.6,0,0.0,5.0,0
C105838,19,Central,Home,Online,2,25871,816.96,0,0.0,3.4,1
C105839,34,West,Health,Partner,13,53856,2011.62,0,0.0,3.6,0
C105840,59,North,Auto,Online,14,23322,1651.06,0,0.0,3.8,1
C105841,63,Central,Home,Agent,3,18000,1000.28,0,0.0,3.2,0
C105842,75,Central,Health,Agent,12,63034,2514.03,0,0.0,4.8,1
C105843,50,West,Health,Partner,4,32134,2657.26,0,0.0,3.5,0
C105844,18,East,Life,Online,6,59816,1100.84,0,0.0,2.9,1
C105845,68,East,Auto,Online,15,55048,1197.86,1,623.3,4.0,1
C105846,27,East,Health,Branch,10,54644,2025.6,0,0.0,4.1,1
C105847,25,West,Auto,Agent,12,40713,1777.46,0,0.0,4.3,1
C105848,57,East,Auto,Online,6,49642,1285.02,0,0.0,3.7,0
C105849,53,North,Health,Online,9,40186,2387.74,0,0.0,3.2,1
C105850,21,North,Auto,Partner,4,69007,1415.08,1,2185.04,3.5,0
C105851,27,North,Auto,Agent,11,43306,1123.01,0,0.0,3.8,1
C105852,52,South,Health,Branch,15,47529,1267.66,0,0.0,3.5,0
C105853,32,South,Auto,Partner,2,65405,1281.98,0,0.0,3.3,1
C105854,57,Central,Health,Branch,8,40813,2608.94,0,0.0,4.0,1
C105855,41,South,Auto,Agent,4,19758,1051.03,0,0.0,3.3,1
C105856,52,South,Health,Online,10,32903,1666.97,0,0.0,4.7,1
C105857,45,South,Health,Branch,7,71004,1651.68,0,0.0,4.2,1
C105858,39,East,Health,Branch,6,53487,1652.17,0,0.0,4.4,1
C105859,37,West,Home,Online,6,57259,2150.72,0,0.0,3.4,0
C105860,58,East,Life,Partner,8,57323,1642.08,1,296.33,3.5,1
C105861,47,Central,Auto,Online,3,84189,1374.63,0,0.0,3.5,1
C105862,52,Central,Health,Agent,4,18000,1472.03,0,0.0,3.3,1
C105863,51,Central,Life,Agent,1,49699,1487.84,0,0.0,4.6,1
C105864,30,Central,Health,Partner,6,52541,1500.69,0,0.0,4.4,1
C105865,70,South,Life,Online,9,51635,1332.64,1,2638.79,3.8,1
C105866,50,East,Home,Agent,10,66391,1010.05,0,0.0,4.6,1
C105867,59,South,Home,Agent,3,66848,985.38,1,1394.5,4.1,1
C105868,69,West,Auto,Partner,12,48109,1536.74,0,0.0,3.5,0
C105869,71,North,Auto,Agent,6,21589,1517.59,0,0.0,2.9,0
C105870,56,South,Health,Agent,12,97152,2118.73,0,0.0,2.4,1
C105871,63,North,Health,Partner,13,51888,2082.93,0,0.0,3.1,1
C105872,45,West,Home,Branch,0,53575,1916.94,0,0.0,4.5,0
C105873,60,West,Life,Online,0,74721,1860.41,0,0.0,3.7,1
C105874,36,North,Auto,Online,8,44921,1398.31,0,0.0,4.3,1
C105875,59,East,Health,Agent,13,75251,2603.37,0,0.0,4.0,1
C105876,22,South,Life,Agent,5,46482,2375.4,0,0.0,3.7,1
C105877,71,West,Home,Online,9,84924,2011.02,0,0.0,3.6,1
C105878,32,North,Home,Agent,9,60196,2428.22,0,0.0,4.0,0
C105879,56,North,Health,Partner,12,39842,1442.02,0,0.0,4.8,0
C105880,18,West,Life,Branch,14,91247,1749.79,0,0.0,3.9,1
C105881,27,East,Auto,Agent,9,62843,1585.97,0,0.0,2.9,0
C105882,75,Central,Auto,Online,12,41040,1765.07,0,0.0,2.9,1
C105883,66,East,Auto,Online,9,26672,1673.69,0,0.0,4.0,1
C105884,30,Central,Health,Partner,5,64556,350.0,0,0.0,3.6,0
C105885,25,South,Home,Branch,9,76913,1756.1,0,0.0,3.0,1
C105886,65,South,Health,Online,11,58967,1088.96,0,0.0,4.5,1
C105887,75,Central,Health,Branch,14,57941,2204.14,0,0.0,3.5,0
C105888,27,North,Auto,Online,1,80055,1669.53,1,2948.25,3.9,1
C105889,56,West,Home,Agent,5,62770,1417.31,0,0.0,4.3,1
C105890,34,North,Auto,Online,2,40158,1527.72,0,0.0,3.0,0
C105891,61,East,Health,Partner,2,40931,2014.83,0,0.0,3.6,1
C105892,42,North,Auto,Branch,3,62000,795.37,0,0.0,3.2,1
C105893,25,East,Health,Agent,14,61038,1025.39,0,0.0,4.1,1
C105894,36,West,Health,Agent,6,71583,2015.64,0,0.0,4.5,1
C105895,49,North,Health,Partner,14,58635,1171.73,0,0.0,3.9,1
C105896,64,North,Health,Online,8,64238,2110.78,0,0.0,4.1,1
C105897,19,South,Life,Online,0,58266,1769.23,0,0.0,3.7,0
C105898,73,South,Life,Partner,6,69356,1391.6,0,0.0,4.1,0
C105899,55,South,Auto,Partner,11,65425,350.0,1,3166.54,3.0,0
C105900,68,Central,Auto,Online,10,47350,1669.54,1,416.21,2.6,0
C105901,71,North,Auto,Online,5,48609,436.3,0,0.0,4.3,1
C105902,26,East,Auto,Branch,1,57830,1227.91,0,0.0,4.0,1
C105903,23,East,Auto,Online,12,54017,764.98,0,0.0,4.4,1
C105904,63,South,Life,Agent,8,75656,1960.4,0,0.0,4.1,0
C105905,28,South,Life,Branch,12,55815,1395.83,0,0.0,3.1,1
C105906,26,West,Auto,Agent,4,26379,1435.77,1,1816.21,2.8,1
C105907,45,West,Home,Agent,2,30724,939.54,1,1667.99,4.0,1
C105908,70,Central,Home,Branch,5,47696,1589.69,0,0.0,3.2,0
C105909,64,East,Health,Partner,3,64992,2053.73,0,0.0,3.6,1
C105910,48,West,Life,Branch,8,38945,1517.44,1,9142.39,3.0,0
C105911,29,Central,Life,Agent,8,63724,759.44,0,0.0,4.5,1
C105912,37,Central,Life,Partner,2,38193,2060.89,0,0.0,2.9,1
C105913,57,Central,Home,Agent,7,54858,1606.77,0,0.0,4.1,1
C105914,27,South,Health,Online,6,59462,1708.27,0,0.0,3.4,1
C105915,48,Central,Auto,Online,8,31421,1222.58,0,0.0,4.3,1
C105916,18,Central,Life,Agent,12,59121,1407.01,1,3217.05,3.8,0
C105917,36,West,Auto,Online,7,81080,1097.88,1,1197.28,3.9,1
C105918,32,West,Health,Branch,4,48444,2079.3,0,0.0,4.5,1
C105919,57,Central,Auto,Online,14,53376,1412.13,0,0.0,5.0,0
C105920,71,East,Health,Agent,12,56561,1525.17,0,0.0,1.7,0
C105921,26,West,Auto,Partner,15,53631,1172.39,0,0.0,3.7,1
C105922,64,West,Home,Online,3,52433,1079.87,0,0.0,3.5,1
C105923,56,West,Health,Agent,9,51042,1800.79,0,0.0,4.3,1
C105924,74,West,Health,Partner,12,23786,1974.46,0,0.0,4.4,1
C105925,70,South,Health,Online,14,60153,1655.45,0,0.0,3.1,0
C105926,23,South,Health,Agent,3,32650,511.24,0,0.0,3.7,1
C105927,61,South,Home,Online,4,58777,1767.99,0,0.0,3.5,1
C105928,52,West,Life,Branch,15,64621,1476.74,0,0.0,4.1,0
C105929,24,West,Life,Agent,9,59324,1136.67,1,3722.39,4.2,1
C105930,32,Central,Health,Partner,2,36094,1206.85,0,0.0,3.1,1
C105931,71,West,Home,Branch,3,57677,689.82,0,0.0,3.7,1
C105932,49,East,Health,Agent,15,48154,1352.21,0,0.0,3.2,0
C105933,37,North,Health,Partner,14,41382,1937.58,0,0.0,2.9,0
C105934,36,West,Home,Online,3,89145,1810.59,0,0.0,4.5,0
C105935,66,Central,Health,Branch,8,35833,2072.1,0,0.0,4.4,1
C105936,34,West,Health,Branch,11,60905,1089.79,0,0.0,3.2,1
C105937,27,Central,Home,Branch,7,79464,1361.59,1,3415.95,4.2,0
C105938,51,Central,Auto,Agent,4,58890,374.28,0,0.0,3.0,0
C105939,75,South,Home,Online,11,40928,915.18,0,0.0,4.4,1
C105940,28,West,Auto,Branch,1,42077,2030.13,0,0.0,3.1,1
C105941,32,East,Health,Agent,3,26855,1530.23,0,0.0,3.7,1
C105942,45,East,Home,Branch,0,53682,962.65,0,0.0,3.6,1
C105943,29,South,Auto,Partner,14,54344,1396.03,0,0.0,2.4,0
C105944,55,South,Auto,Agent,2,47488,852.2,0,0.0,3.5,0
C105945,32,North,Health,Partner,13,77629,1856.52,0,0.0,3.7,0
C105946,25,West,Auto,Online,6,51328,1413.71,0,0.0,3.3,0
C105947,33,North,Auto,Online,1,24099,1309.15,0,0.0,3.6,1
C105948,71,East,Home,Online,9,79297,2319.14,0,0.0,4.5,0
C105949,72,East,Auto,Online,5,31328,1146.27,0,0.0,3.9,1
C105950,47,East,Health,Agent,7,61856,1673.91,0,0.0,3.5,1
C105951,41,Central,Auto,Online,15,64216,1486.59,0,0.0,3.2,1
C105952,65,East,Auto,Branch,10,51311,1866.13,0,0.0,3.3,0
C105953,29,North,Health,Partner,0,69552,1823.88,0,0.0,3.6,0
C105954,55,Central,Life,Branch,1,54142,2122.09,1,3110.14,3.3,1
C105955,57,Central,Health,Agent,12,46289,2173.22,0,0.0,3.2,1
C105956,59,West,Auto,Partner,10,18000,1095.58,0,0.0,3.4,1
C105957,30,West,Health,Branch,7,21593,2896.88,0,0.0,3.3,1
C105958,59,North,Health,Branch,12,102336,1928.74,0,0.0,4.6,1
C105959,53,West,Health,Online,3,66010,1941.04,0,0.0,4.6,0
C105960,68,South,Auto,Branch,3,75391,1201.47,0,0.0,3.7,0
C105961,28,East,Auto,Online,6,98068,1695.25,0,0.0,4.2,1
C105962,53,North,Health,Online,12,46339,860.59,0,0.0,4.8,1
C105963,66,West,Home,Online,15,50331,1353.87,0,0.0,4.5,0
C105964,34,South,Home,Branch,4,23171,2283.88,0,0.0,3.2,1
C105965,61,South,Health,Online,9,47659,2393.09,0,0.0,4.1,1
C105966,23,North,Home,Agent,7,47187,1345.3,0,0.0,3.6,1
C105967,59,West,Health,Agent,14,45839,2059.59,0,0.0,4.3,0
C105968,53,South,Health,Online,12,71802,2145.17,0,0.0,2.6,0
C105969,29,East,Health,Agent,2,65758,2735.17,0,0.0,2.2,0
C105970,21,South,Auto,Partner,10,69447,505.97,0,0.0,4.0,1
C105971,61,West,Life,Partner,0,30925,1539.86,0,0.0,3.8,0
C105972,31,South,Auto,Partner,8,53396,1072.19,0,0.0,4.1,0
C105973,46,Central,Health,Branch,4,59061,1444.13,0,0.0,3.2,1
C105974,21,South,Health,Online,5,86501,1002.8,0,0.0,3.1,1
C105975,73,North,Life,Online,5,54977,1523.41,0,0.0,3.6,0
C105976,49,South,Auto,Agent,9,49929,1314.84,0,0.0,2.8,1
C105977,72,North,Life,Partner,13,72435,1753.18,0,0.0,3.1,0
C105978,27,East,Auto,Online,8,48227,843.71,0,0.0,4.4,0
C105979,29,South,Auto,Online,13,61336,1280.85,0,0.0,3.7,1
C105980,53,Central,Life,Branch,15,60803,2490.3,0,0.0,3.5,1
C105981,53,East,Auto,Agent,3,43514,973.5,0,0.0,3.1,0
C105982,63,South,Health,Agent,13,40430,1910.61,0,0.0,3.5,1
C105983,71,East,Health,Partner,3,51432,2913.04,0,0.0,3.8,1
C105984,65,South,Life,Agent,1,44209,832.14,0,0.0,4.0,0
C105985,26,North,Home,Partner,3,25030,1056.61,0,0.0,3.0,1
C105986,35,South,Auto,Agent,6,64987,1128.5,0,0.0,3.8,0
C105987,71,North,Home,Agent,2,62266,1214.14,0,0.0,4.7,1
C105988,49,North,Auto,Online,9,38630,1513.01,0,0.0,3.5,1
C105989,68,Central,Health,Agent,9,36884,2124.05,0,0.0,4.0,1
C105990,50,West,Home,Online,11,60795,1329.64,0,0.0,3.8,1
C105991,20,Central,Home,Online,14,83538,1577.55,0,0.0,3.9,0
C105992,45,South,Home,Online,2,70374,1138.24,0,0.0,4.3,1
C105993,65,Central,Home,Agent,15,73611,1584.55,0,0.0,4.0,1
C105994,55,South,Health,Online,13,46520,3322.89,1,1674.98,4.0,1
C105995,25,North,Life,Online,0,59478,1553.06,0,0.0,3.3,1
C105996,30,Central,Auto,Agent,10,49617,1351.1,0,0.0,3.5,1
C105997,67,North,Auto,Online,4,38931,1785.62,0,0.0,4.4,1
C105998,74,East,Home,Online,1,55522,1587.33,0,0.0,3.3,0
C105999,61,Central,Auto,Partner,10,36380,1242.21,0,0.0,3.9,1
C106000,23,West,Health,Agent,0,38588,721.91,0,0.0,4.2,0
C106001,53,East,Home,Branch,2,43988,895.25,0,0.0,4.1,1
C106002,66,South,Health,Online,10,45907,1899.19,0,0.0,3.6,0
C106003,55,North,Auto,Agent,1,51469,1122.51,0,0.0,3.6,0
C106004,52,Central,Auto,Online,12,18000,1344.76,1,150.0,3.8,1
C106005,45,North,Auto,Agent,0,35218,1502.67,0,0.0,3.3,1
C106006,32,South,Auto,Branch,4,80276,1222.26,0,0.0,3.2,1
C106007,34,South,Auto,Partner,4,51841,1404.05,0,0.0,3.4,1
C106008,61,Central,Home,Agent,2,62105,1507.42,0,0.0,4.4,1
C106009,22,West,Auto,Online,8,59491,1309.66,0,0.0,3.2,1
C106010,22,East,Home,Branch,3,50051,2223.53,0,0.0,3.9,0
C106011,41,Central,Life,Agent,2,36107,1387.48,0,0.0,3.9,1
C106012,62,North,Auto,Agent,6,42102,1408.9,0,0.0,4.7,1
C106013,56,Central,Life,Agent,7,87251,1180.14,0,0.0,4.9,0
C106014,52,North,Auto,Agent,10,42401,1245.2,0,0.0,3.2,1
C106015,48,South,Home,Online,1,82990,1787.28,0,0.0,4.2,1
C106016,24,North,Life,Agent,3,44524,1932.9,0,0.0,3.4,1
C106017,37,Central,Home,Online,0,46255,1423.24,0,0.0,4.1,1
C106018,22,Central,Auto,Agent,12,53376,698.33,0,0.0,3.2,1
C106019,61,East,Auto,Agent,8,48830,1214.7,0,0.0,4.0,1
C106020,61,South,Auto,Agent,3,35106,1513.0,0,0.0,4.7,1
C106021,32,South,Life,Online,8,51744,1752.02,1,5762.3,3.1,0
C106022,34,East,Auto,Agent,12,25501,1731.75,0,0.0,4.3,1
C106023,36,South,Health,Agent,12,58559,2458.15,0,0.0,4.1,1
C106024,69,North,Auto,Online,14,56046,1211.08,0,0.0,4.7,1
C106025,46,West,Health,Agent,3,65112,1703.23,0,0.0,3.8,1
C106026,62,West,Health,Online,2,43057,2039.03,0,0.0,4.0,1
C106027,44,Central,Auto,Agent,12,65289,695.97,1,2798.81,4.0,0
C106028,58,East,Health,Agent,14,59752,2519.49,0,0.0,4.9,1
C106029,48,South,Health,Agent,2,54295,1180.13,0,0.0,3.7,0
C106030,34,East,Health,Agent,11,87588,2437.54,0,0.0,4.0,1
C106031,68,South,Health,Online,9,60475,1892.47,1,5198.32,3.8,0
C106032,59,West,Auto,Agent,14,43650,1289.02,0,0.0,3.1,0
C106033,62,West,Home,Online,3,79653,1882.91,1,5415.21,3.2,0
C106034,72,North,Health,Partner,5,61184,2156.78,0,0.0,3.2,1
C106035,32,South,Health,Agent,9,84019,1231.94,0,0.0,4.1,1
C106036,23,Central,Auto,Agent,13,18611,415.46,0,0.0,3.7,1
C106037,51,East,Auto,Online,13,46589,1529.09,0,0.0,3.8,1
C106038,36,East,Home,Partner,7,46634,1833.89,0,0.0,4.1,0
C106039,43,West,Life,Agent,5,18009,1258.29,0,0.0,3.3,1
C106040,31,East,Auto,Agent,3,54986,1089.52,0,0.0,3.6,0
C106041,41,North,Health,Branch,6,45309,1733.58,0,0.0,4.3,1
C106042,40,Central,Auto,Online,15,18000,570.58,0,0.0,4.0,1
C106043,38,Central,Home,Partner,3,38207,1312.56,0,0.0,4.2,1
C106044,61,North,Auto,Online,15,76955,1517.79,0,0.0,3.0,1
C106045,52,North,Life,Branch,4,68357,1257.66,0,0.0,3.8,1
C106046,45,West,Auto,Partner,1,39189,1498.45,0,0.0,3.7,1
C106047,24,West,Life,Agent,11,38664,1429.51,0,0.0,4.0,1
C106048,51,South,Auto,Partner,7,67495,621.48,0,0.0,3.1,0
C106049,28,East,Auto,Online,11,18000,1337.26,0,0.0,3.6,0
C106050,36,West,Auto,Agent,15,62685,1165.05,0,0.0,3.1,1
C106051,42,East,Auto,Agent,2,19028,1401.29,0,0.0,3.5,0
C106052,26,North,Life,Agent,8,81556,1114.43,1,5411.35,4.6,1
C106053,40,North,Health,Agent,4,63851,1674.7,0,0.0,3.5,1
C106054,33,East,Auto,Agent,7,18807,696.0,0,0.0,3.2,1
C106055,67,Central,Life,Agent,4,45151,1040.25,0,0.0,3.0,0
C106056,67,East,Auto,Online,3,57711,1066.72,0,0.0,3.4,0
C106057,18,South,Auto,Agent,8,18000,1203.01,0,0.0,3.7,1
C106058,52,Central,Auto,Online,6,51216,634.16,0,0.0,4.3,1
C106059,55,South,Health,Agent,12,60669,2049.01,1,1418.91,3.8,1
C106060,39,East,Life,Online,7,18000,1106.3,0,0.0,4.3,1
C106061,45,North,Auto,Agent,9,65430,1222.07,0,0.0,4.4,1
C106062,63,West,Home,Partner,11,49755,2332.44,0,0.0,4.2,0
C106063,39,West,Auto,Partner,0,68503,823.13,0,0.0,4.2,1
C106064,21,West,Auto,Agent,7,47779,1474.46,0,0.0,5.0,0
C106065,39,South,Home,Online,8,32973,1318.91,1,3212.09,4.0,1
C106066,32,East,Home,Agent,10,31215,1787.46,1,4707.59,3.6,1
C106067,40,North,Health,Agent,0,46382,1784.14,0,0.0,3.7,1
C106068,31,Central,Auto,Online,1,48603,2025.87,0,0.0,3.6,1
C106069,26,North,Auto,Partner,13,71153,870.75,0,0.0,3.3,1
C106070,75,West,Home,Online,12,46973,1943.29,0,0.0,3.1,0
C106071,25,West,Health,Agent,6,23914,2243.44,1,1138.24,5.0,0
C106072,58,North,Health,Agent,0,43759,2054.03,0,0.0,3.3,0
C106073,59,South,Auto,Partner,4,24565,1387.56,0,0.0,4.2,1
C106074,53,North,Home,Branch,10,58299,1273.33,1,1549.15,3.6,1
C106075,70,East,Auto,Online,10,62438,931.36,0,0.0,3.9,1
C106076,18,Central,Home,Branch,13,65505,1900.73,0,0.0,4.0,1
C106077,35,East,Home,Partner,8,46555,1451.41,0,0.0,3.9,1
C106078,28,Central,Auto,Branch,12,39403,1241.49,1,2650.38,2.5,0
C106079,51,North,Health,Online,3,42807,2325.03,0,0.0,4.0,1
C106080,54,South,Health,Agent,2,50356,1544.18,0,0.0,4.1,0
C106081,70,Central,Health,Branch,5,42835,2665.38,0,0.0,4.2,0
C106082,40,Central,Life,Online,13,80973,1484.38,0,0.0,3.4,0
C106083,31,South,Health,Agent,14,45411,2291.1,0,0.0,4.1,1
C106084,71,West,Auto,Branch,1,50158,965.53,0,0.0,3.2,0
C106085,57,Central,Auto,Agent,3,38475,1230.91,0,0.0,2.1,1
C106086,62,West,Health,Online,1,38881,1661.89,0,0.0,2.9,0
C106087,43,West,Auto,Online,12,29085,2162.76,1,6401.99,2.7,1
C106088,43,North,Home,Agent,13,33487,610.63,0,0.0,4.7,0
C106089,40,North,Auto,Online,14,85699,1338.66,0,0.0,4.0,1
C106090,61,West,Auto,Online,2,61789,1405.78,0,0.0,2.9,0
C106091,30,East,Auto,Agent,8,45900,1017.13,0,0.0,4.2,1
C106092,74,South,Life,Online,7,40182,2003.43,0,0.0,4.4,1
C106093,28,South,Home,Agent,15,74235,1660.42,0,0.0,4.1,1
C106094,44,South,Health,Partner,14,36958,1826.54,0,0.0,3.8,1
C106095,36,East,Auto,Agent,13,21342,1315.95,0,0.0,4.0,1
C106096,55,South,Life,Online,3,60554,2146.02,0,0.0,3.4,1
C106097,57,South,Life,Online,5,35319,2728.21,0,0.0,4.2,1
C106098,71,North,Health,Agent,12,28897,1825.05,0,0.0,3.8,0
C106099,63,Central,Home,Agent,9,32337,909.56,0,0.0,2.7,1
C106100,32,West,Life,Partner,9,59470,1268.06,0,0.0,3.4,0
C106101,29,North,Auto,Agent,1,50124,1600.23,1,4098.84,3.4,0
C106102,69,East,Auto,Agent,6,34280,603.28,0,0.0,2.9,1
C106103,46,East,Health,Agent,15,60452,2665.8,0,0.0,3.6,0
C106104,23,West,Health,Agent,7,37104,2623.05,0,0.0,3.3,0
C106105,65,West,Home,Online,14,22558,1656.58,1,3997.46,2.7,1
C106106,55,West,Health,Agent,6,28459,2293.58,0,0.0,4.4,1
C106107,19,West,Auto,Online,13,52396,924.48,0,0.0,4.2,1
C106108,63,North,Auto,Agent,13,37896,1449.92,0,0.0,3.5,1
C106109,53,South,Home,Agent,9,53895,1299.56,0,0.0,4.3,1
C106110,53,North,Auto,Branch,13,72023,1527.6,0,0.0,4.6,1
C106111,68,East,Auto,Online,0,40660,1049.99,0,0.0,3.2,1
C106112,46,East,Auto,Partner,5,99994,1488.74,0,0.0,4.5,0
C106113,44,West,Home,Agent,1,56972,1011.79,0,0.0,4.2,1
C106114,53,North,Auto,Branch,11,48827,1148.05,0,0.0,4.2,1
C106115,29,West,Auto,Agent,4,27975,1192.51,0,0.0,4.5,1
C106116,26,South,Home,Branch,8,45727,2527.49,0,0.0,5.0,1
C106117,66,South,Auto,Branch,13,47526,350.0,0,0.0,4.2,0
C106118,30,West,Home,Online,11,65675,682.58,0,0.0,4.3,1
C106119,47,North,Health,Agent,10,41276,1184.37,1,993.92,3.4,1
C106120,33,South,Home,Partner,0,59783,1922.35,0,0.0,3.4,0
C106121,31,South,Auto,Agent,9,52756,1174.58,0,0.0,4.3,1
C106122,52,West,Auto,Branch,5,69546,920.44,0,0.0,3.4,0
C106123,64,South,Auto,Partner,15,70965,1259.31,0,0.0,4.5,1
C106124,43,Central,Life,Online,5,58005,1325.5,0,0.0,3.6,1
C106125,26,Central,Home,Partner,11,65770,1594.96,0,0.0,4.9,0
C106126,32,Central,Auto,Agent,9,72224,1705.92,0,0.0,4.2,1
C106127,27,South,Auto,Online,5,61672,1006.79,0,0.0,3.9,1
C106128,69,West,Auto,Branch,3,57000,1154.86,0,0.0,3.0,0
C106129,36,North,Auto,Branch,4,59366,625.9,0,0.0,3.0,1
C106130,39,Central,Auto,Agent,8,81010,1062.71,0,0.0,4.1,1
C106131,22,East,Life,Online,14,54027,1375.67,0,0.0,4.7,1
C106132,43,North,Auto,Agent,15,65121,1575.83,0,0.0,3.0,0
C106133,71,South,Life,Branch,5,39827,1663.18,1,1287.73,4.0,1
C106134,41,Central,Auto,Branch,0,79016,1031.31,0,0.0,4.0,0
C106135,55,Central,Home,Agent,3,60091,1565.1,0,0.0,4.5,1
C106136,28,East,Health,Agent,8,45784,2144.91,0,0.0,4.3,1
C106137,26,East,Auto,Agent,6,50738,726.06,0,0.0,4.2,1
C106138,60,West,Home,Online,2,48069,1863.19,0,0.0,4.0,1
C106139,21,Central,Auto,Branch,2,52090,1518.27,0,0.0,3.9,1
C106140,44,West,Life,Online,9,55776,2385.77,0,0.0,3.8,1
C106141,36,South,Home,Agent,4,48458,1793.75,0,0.0,3.4,0
C106142,18,West,Life,Partner,3,23415,1755.56,0,0.0,3.6,1
C106143,48,Central,Home,Agent,6,83939,724.6,0,0.0,3.4,1
C106144,73,North,Auto,Branch,14,56793,1812.89,0,0.0,3.6,0
C106145,22,South,Health,Online,13,56882,1495.0,1,2121.18,4.2,1
C106146,65,North,Home,Agent,5,51136,1937.4,0,0.0,3.3,1
C106147,49,East,Auto,Branch,12,68345,1118.91,0,0.0,3.7,0
C106148,59,West,Health,Partner,15,52868,1320.74,0,0.0,3.0,1
C106149,23,South,Auto,Agent,4,46403,1458.25,1,5014.59,3.3,0
C106150,68,East,Home,Online,0,47554,489.36,1,441.11,4.3,1
C106151,18,North,Auto,Online,3,74524,617.11,0,0.0,3.9,0
C106152,70,Central,Auto,Branch,13,55643,1570.19,0,0.0,3.2,1
C106153,56,Central,Life,Agent,1,51368,2347.48,1,4761.87,3.4,0
C106154,37,East,Life,Online,4,44162,1987.56,0,0.0,3.7,0
C106155,18,West,Auto,Agent,15,46231,1003.1,0,0.0,3.5,1
C106156,53,North,Auto,Online,3,71451,1827.36,0,0.0,4.1,1
C106157,23,Central,Home,Online,7,35506,1151.44,0,0.0,3.7,1
C106158,53,West,Auto,Partner,14,64055,1933.38,1,1373.92,3.6,0
C106159,62,North,Health,Agent,13,64719,1449.91,1,3883.71,3.1,0
C106160,33,Central,Home,Online,4,55881,1250.21,0,0.0,4.3,1
C106161,31,North,Auto,Partner,3,48582,940.93,0,0.0,4.6,1
C106162,30,West,Auto,Partner,9,25324,1067.04,0,0.0,3.6,1
C106163,31,North,Auto,Partner,5,63955,1178.84,0,0.0,3.8,1
C106164,24,West,Auto,Branch,11,23289,1297.17,0,0.0,3.9,1
C106165,32,North,Health,Partner,10,55003,1566.21,0,0.0,3.8,1
C106166,56,North,Auto,Online,6,52938,1176.99,0,0.0,4.3,1
C106167,35,East,Life,Partner,6,65825,2077.22,0,0.0,4.3,1
C106168,63,Central,Home,Agent,1,35877,1289.12,0,0.0,2.9,0
C106169,65,South,Auto,Online,11,34987,1620.55,1,4295.96,3.9,1
C106170,62,West,Health,Online,14,61623,2012.26,0,0.0,4.1,1
C106171,49,East,Health,Online,14,48925,1468.99,1,1550.28,4.5,1
C106172,36,Central,Health,Branch,10,18000,934.29,0,0.0,3.8,0
C106173,71,South,Health,Partner,11,51888,2105.56,0,0.0,3.3,1
C106174,29,East,Auto,Online,14,84539,870.34,1,2685.87,4.5,1
C106175,44,Central,Auto,Branch,3,61875,1605.95,0,0.0,4.4,1
C106176,44,South,Auto,Branch,12,30659,1351.0,0,0.0,4.4,0
C106177,61,East,Auto,Online,1,60454,1645.39,0,0.0,4.6,1
C106178,49,Central,Home,Branch,12,69690,1298.17,1,820.01,3.1,1
C106179,64,South,Life,Online,3,20950,2043.96,0,0.0,3.4,1
C106180,71,South,Home,Online,9,46826,1670.54,0,0.0,4.2,1
C106181,40,South,Life,Agent,0,75392,1993.58,0,0.0,3.7,1
C106182,68,Central,Health,Partner,0,24564,2482.25,0,0.0,3.1,1
C106183,27,Central,Auto,Online,10,46961,1191.17,0,0.0,3.9,1
C106184,71,West,Life,Agent,14,48127,1328.14,0,0.0,4.3,1
C106185,28,West,Auto,Agent,1,44520,1494.4,1,4437.21,2.2,1
C106186,67,South,Auto,Branch,13,76765,1459.44,0,0.0,4.2,1
C106187,40,North,Life,Partner,12,74001,1219.02,1,2777.16,2.6,1
C106188,73,North,Home,Agent,11,46556,1730.45,0,0.0,3.7,1
C106189,25,North,Life,Branch,4,33692,1321.05,0,0.0,3.6,1
C106190,44,North,Auto,Agent,14,74913,810.05,0,0.0,3.5,1
C106191,70,West,Home,Online,9,65949,1216.64,0,0.0,4.0,1
C106192,20,North,Auto,Agent,2,51697,1134.33,0,0.0,4.6,0
C106193,33,North,Auto,Online,14,63788,1256.42,1,4742.91,3.5,0
C106194,22,South,Life,Branch,4,63656,2004.44,0,0.0,3.8,1
C106195,36,South,Health,Online,7,36258,1356.62,0,0.0,4.0,1
C106196,40,North,Home,Online,2,41308,1567.84,0,0.0,3.9,1
C106197,53,North,Life,Partner,6,52101,2969.27,0,0.0,3.6,1
C106198,32,South,Life,Partner,10,18000,2313.78,1,2089.95,2.9,1
C106199,27,East,Auto,Agent,14,45832,516.18,0,0.0,3.6,1
C106200,27,West,Auto,Branch,7,37738,889.18,0,0.0,4.8,1
C106201,72,Central,Life,Partner,9,55085,1482.8,0,0.0,4.3,0
C106202,73,West,Health,Online,1,31729,2131.71,0,0.0,3.6,1
C106203,30,West,Health,Agent,3,59729,1768.5,0,0.0,4.6,0
C106204,29,Central,Auto,Online,9,56006,966.9,0,0.0,3.0,1
C106205,21,East,Auto,Branch,0,50167,350.0,1,9503.26,3.5,1
C106206,73,West,Life,Online,5,60445,1443.06,0,0.0,3.0,1
C106207,58,East,Health,Branch,0,62662,1470.12,0,0.0,4.5,1
C106208,62,South,Home,Online,7,47718,1595.8,0,0.0,3.4,1
C106209,34,South,Auto,Agent,4,52637,1515.24,0,0.0,4.2,0
C106210,55,North,Auto,Branch,4,39784,746.46,0,0.0,4.2,1
C106211,21,West,Health,Online,7,39574,2026.9,0,0.0,4.5,1
C106212,57,North,Life,Partner,2,80450,2306.67,0,0.0,3.6,1
C106213,51,West,Auto,Online,12,48359,1250.98,0,0.0,2.7,1
C106214,37,Central,Auto,Agent,7,51789,490.79,1,1454.96,3.6,1
C106215,59,East,Health,Branch,14,50610,1235.64,0,0.0,3.6,0
C106216,55,North,Auto,Online,3,58687,1414.99,1,1150.1,3.5,1
C106217,43,East,Health,Agent,0,42209,2332.05,0,0.0,3.3,1
C106218,28,South,Health,Agent,6,43940,2035.89,0,0.0,3.2,0
C106219,19,Central,Auto,Agent,1,68866,1140.1,0,0.0,3.0,1
C106220,72,West,Health,Branch,6,25228,2430.66,0,0.0,3.9,1
C106221,34,West,Auto,Agent,12,55364,1067.44,0,0.0,3.6,0
C106222,35,East,Home,Online,15,37223,1100.54,0,0.0,3.4,1
C106223,57,West,Home,Online,7,18000,1388.11,0,0.0,3.4,0
C106224,32,West,Home,Partner,2,50539,785.25,0,0.0,3.3,1
C106225,39,North,Home,Agent,6,31220,1683.4,0,0.0,2.8,0
C106226,59,South,Health,Online,4,28000,1206.51,0,0.0,3.8,0
C106227,52,North,Auto,Online,1,98724,1364.3,0,0.0,3.7,0
C106228,56,East,Health,Branch,12,61757,1635.09,0,0.0,3.0,1
C106229,18,Central,Auto,Agent,11,62199,1136.89,0,0.0,3.9,1
C106230,44,West,Home,Online,4,51041,1640.91,0,0.0,3.6,1
C106231,45,East,Auto,Partner,7,30505,1111.35,1,3261.36,3.8,1
C106232,54,Central,Health,Partner,7,49021,1899.75,0,0.0,4.5,0
C106233,26,North,Health,Partner,6,45606,2257.71,0,0.0,3.5,1
C106234,27,North,Home,Agent,12,18000,1530.43,1,2496.59,4.3,1
C106235,62,Central,Auto,Agent,11,84243,1341.88,0,0.0,3.7,1
C106236,57,Central,Health,Online,0,50390,2048.53,1,258.1,4.0,1
C106237,65,West,Health,Agent,3,37010,1019.04,0,0.0,4.0,1
C106238,33,South,Life,Agent,15,54217,1385.27,0,0.0,3.2,1
C106239,75,Central,Home,Online,6,27185,1155.33,0,0.0,4.0,1
C106240,33,West,Auto,Agent,7,35119,1630.75,0,0.0,3.9,1
C106241,55,West,Life,Agent,12,79656,851.49,0,0.0,4.2,1
C106242,27,South,Auto,Branch,12,42645,1316.46,1,10771.05,3.5,1
C106243,71,East,Auto,Online,9,51673,1316.65,0,0.0,3.9,1
C106244,37,Central,Auto,Partner,14,53863,1010.51,0,0.0,3.2,1
C106245,64,Central,Health,Agent,9,48866,2204.84,0,0.0,3.9,1
C106246,37,East,Health,Agent,14,42304,2025.23,0,0.0,3.1,1
C106247,63,East,Health,Partner,7,92844,865.97,1,4476.21,3.5,0
C106248,44,West,Home,Online,3,38662,1045.64,0,0.0,4.0,0
C106249,21,East,Health,Partner,1,35910,2207.37,0,0.0,4.5,1
C106250,29,East,Auto,Branch,8,60831,1213.85,0,0.0,2.7,1
C106251,57,North,Health,Partner,14,28872,1639.31,0,0.0,4.3,1
C106252,29,North,Home,Agent,6,70382,1328.31,0,0.0,4.5,0
C106253,33,West,Health,Online,11,48381,2539.83,0,0.0,3.9,1
C106254,49,North,Health,Online,8,54323,2673.18,0,0.0,4.3,1
C106255,32,North,Health,Branch,12,57319,2081.98,1,3059.7,3.3,0
C106256,25,Central,Health,Online,12,45888,2388.81,0,0.0,3.2,0
C106257,54,West,Auto,Online,11,68482,1489.3,0,0.0,4.7,0
C106258,57,North,Life,Partner,5,63696,1472.17,0,0.0,3.8,0
C106259,60,South,Auto,Agent,6,61296,735.96,0,0.0,4.1,1
C106260,72,West,Auto,Online,7,24742,1036.8,0,0.0,2.8,1
C106261,25,East,Home,Branch,13,45724,1402.91,0,0.0,3.8,0
C106262,42,East,Life,Online,9,49997,2007.08,0,0.0,3.2,1
C106263,31,East,Home,Agent,2,83278,1522.6,0,0.0,4.6,1
C106264,70,South,Health,Online,4,26548,2117.99,0,0.0,4.1,1
C106265,49,West,Life,Agent,4,40513,1311.17,0,0.0,4.1,0
C106266,23,North,Health,Online,9,71469,1929.34,0,0.0,3.1,1
C106267,58,East,Health,Branch,12,35102,1953.05,0,0.0,4.3,0
C106268,20,North,Health,Agent,2,40162,2545.64,0,0.0,3.8,1
C106269,33,North,Health,Online,11,82132,1312.61,0,0.0,4.5,0
C106270,59,North,Health,Partner,9,58584,1564.47,0,0.0,4.2,1
C106271,47,Central,Life,Branch,3,67443,1269.65,0,0.0,4.6,1
C106272,62,North,Auto,Agent,2,65006,350.0,0,0.0,3.6,1
C106273,51,South,Auto,Partner,2,54108,1405.01,0,0.0,4.2,1
C106274,66,North,Health,Online,12,53646,1960.91,0,0.0,3.9,1
C106275,50,West,Health,Agent,3,67960,2117.73,0,0.0,3.1,1
C106276,21,East,Home,Partner,3,36754,2217.99,0,0.0,3.9,1
C106277,22,Central,Life,Agent,6,83212,894.84,0,0.0,3.2,1
C106278,63,West,Home,Online,10,42387,1456.34,0,0.0,4.1,1
C106279,20,East,Life,Branch,7,70416,1327.99,0,0.0,3.4,1
C106280,39,West,Auto,Online,9,61106,1368.93,1,412.57,3.5,0
C106281,18,North,Auto,Online,5,42148,814.58,0,0.0,3.3,1
C106282,35,Central,Auto,Branch,6,60704,957.63,0,0.0,4.7,0
C106283,52,Central,Home,Online,9,54295,350.0,0,0.0,3.5,1
C106284,28,South,Auto,Online,10,20220,1467.38,0,0.0,3.8,1
C106285,45,West,Auto,Agent,11,50439,2136.06,0,0.0,3.6,1
C106286,75,South,Health,Agent,13,29523,2112.79,0,0.0,3.8,1
C106287,22,East,Auto,Agent,5,61135,1437.0,0,0.0,3.2,1
C106288,21,West,Home,Branch,1,49453,1142.29,0,0.0,3.7,1
C106289,33,Central,Life,Agent,1,67794,2380.7,0,0.0,3.8,0
C106290,65,South,Auto,Branch,10,39458,888.85,0,0.0,3.9,1
C106291,41,West,Health,Online,6,28674,2772.21,0,0.0,4.7,1
C106292,55,West,Auto,Online,6,32628,1303.1,0,0.0,4.3,1
C106293,19,South,Auto,Partner,11,88362,1386.18,0,0.0,4.8,1
C106294,60,West,Auto,Agent,10,106522,1542.84,0,0.0,3.8,1
C106295,21,West,Health,Online,14,88024,1586.29,0,0.0,3.9,1
C106296,59,West,Health,Partner,14,24278,1824.93,0,0.0,3.2,1
C106297,26,Central,Home,Agent,11,27215,1050.75,0,0.0,3.5,0
C106298,67,North,Home,Agent,10,32828,1614.91,0,0.0,3.9,0
C106299,35,South,Auto,Online,14,65935,554.45,0,0.0,3.8,1
C106300,28,North,Home,Branch,2,89942,1206.4,0,0.0,4.5,1
C106301,37,North,Home,Online,15,68286,2355.24,0,0.0,3.9,1
C106302,18,East,Auto,Agent,6,55419,1308.23,0,0.0,3.2,1
C106303,27,Central,Auto,Branch,3,35360,1048.1,0,0.0,3.1,0
C106304,52,East,Auto,Branch,8,46858,1395.2,0,0.0,4.8,1
C106305,35,West,Auto,Online,14,53595,1198.45,0,0.0,4.2,1
C106306,38,South,Auto,Online,2,67888,821.32,0,0.0,3.4,1
C106307,64,South,Auto,Branch,2,43017,569.4,0,0.0,4.7,1
C106308,25,Central,Life,Partner,10,59221,1790.6,0,0.0,3.6,1
C106309,40,West,Life,Online,10,56952,1789.38,0,0.0,3.0,1
C106310,28,South,Health,Agent,11,53806,1774.83,0,0.0,3.3,0
C106311,46,Central,Home,Branch,14,44882,1264.52,0,0.0,3.7,1
C106312,37,East,Life,Branch,12,54177,1970.05,1,1766.05,3.4,1
C106313,20,North,Health,Partner,12,50274,958.17,0,0.0,3.9,1
C106314,22,East,Health,Branch,1,37927,1659.03,0,0.0,4.8,1
C106315,67,West,Home,Online,5,67921,1835.96,1,3902.09,3.5,1
C106316,21,South,Life,Branch,11,80344,1736.58,0,0.0,3.8,1
C106317,63,Central,Home,Partner,13,55062,1087.04,1,1364.26,3.2,1
C106318,71,East,Auto,Agent,5,51172,1428.26,0,0.0,3.8,0
C106319,45,East,Home,Agent,9,65658,1431.15,0,0.0,5.0,1
C106320,36,Central,Auto,Online,3,55335,1612.95,0,0.0,3.1,1
C106321,63,East,Auto,Online,13,72526,1720.86,1,4088.18,2.5,0
C106322,74,East,Health,Partner,8,53914,1864.48,0,0.0,3.2,1
C106323,24,North,Home,Online,1,62551,457.21,1,2738.25,2.9,0
C106324,73,South,Auto,Branch,9,83203,1512.12,0,0.0,3.9,0
C106325,72,South,Auto,Online,4,74818,1651.58,0,0.0,4.5,0
C106326,26,North,Home,Online,7,49177,1106.09,0,0.0,4.0,1
C106327,21,East,Auto,Agent,5,71465,1204.64,0,0.0,4.1,0
C106328,59,North,Life,Online,13,32779,1324.39,1,2973.62,3.7,1
C106329,22,South,Health,Branch,13,48383,1581.46,1,2135.47,3.3,1
C106330,52,East,Health,Online,2,67004,2113.87,1,1056.8,3.7,1
C106331,21,South,Auto,Branch,5,79536,826.88,0,0.0,3.0,1
C106332,58,West,Life,Partner,6,38474,1738.52,1,7504.2,4.8,1
C106333,31,West,Life,Agent,13,51508,1503.26,0,0.0,3.7,0
C106334,23,South,Auto,Online,4,52055,1666.98,0,0.0,3.6,1
C106335,21,North,Home,Branch,11,50341,1659.05,0,0.0,3.3,1
C106336,28,East,Home,Online,0,30109,1364.53,0,0.0,3.8,1
C106337,49,North,Auto,Online,15,61013,1343.85,0,0.0,4.2,0
C106338,22,East,Health,Partner,5,29039,2447.85,1,1620.96,3.6,0
C106339,64,West,Life,Online,4,72480,1846.04,0,0.0,3.9,0
C106340,53,West,Health,Agent,11,76296,2240.24,0,0.0,3.4,1
C106341,35,East,Life,Online,9,40507,1876.73,0,0.0,4.0,1
C106342,75,Central,Auto,Branch,8,29156,1054.58,0,0.0,4.8,0
C106343,56,North,Life,Agent,14,51420,1845.39,1,4045.77,3.3,1
C106344,56,Central,Life,Agent,6,42641,1767.62,0,0.0,4.4,1
C106345,28,Central,Auto,Agent,8,48226,1328.72,0,0.0,3.6,0
C106346,59,East,Health,Online,7,53648,1714.93,0,0.0,3.9,1
C106347,50,North,Health,Online,2,35255,1626.87,0,0.0,4.4,0
C106348,75,North,Life,Branch,5,81863,2668.1,0,0.0,2.4,1
C106349,45,Central,Auto,Partner,9,40459,1236.49,1,2292.24,3.9,0
C106350,57,South,Auto,Branch,1,68838,1892.86,0,0.0,3.2,1
C106351,37,Central,Home,Branch,11,35983,1876.99,1,998.03,3.5,1
C106352,20,East,Health,Agent,9,53105,1356.68,0,0.0,3.9,1
C106353,25,East,Health,Agent,10,60106,1502.21,0,0.0,4.5,1
C106354,68,West,Health,Branch,13,54441,1716.94,0,0.0,3.9,1
C106355,60,South,Life,Online,7,47429,1300.63,0,0.0,4.1,0
C106356,39,East,Auto,Agent,12,43126,1178.62,0,0.0,3.2,1
C106357,58,Central,Life,Online,11,44678,1288.58,0,0.0,3.3,1
C106358,18,South,Health,Agent,3,39847,1584.57,0,0.0,3.8,1
C106359,20,Central,Life,Branch,4,57995,1092.79,1,788.82,3.8,1
C106360,47,Central,Auto,Agent,6,84963,1820.89,1,1621.42,4.2,1
C106361,54,North,Home,Branch,1,58467,967.7,0,0.0,3.9,1
C106362,72,East,Life,Partner,8,62724,2047.75,0,0.0,3.4,0
C106363,62,North,Home,Partner,14,71481,1710.79,1,1062.59,3.6,0
C106364,32,West,Auto,Branch,12,43881,1306.89,0,0.0,3.5,1
C106365,65,Central,Health,Partner,11,19522,2327.88,0,0.0,3.3,1
C106366,46,Central,Auto,Agent,3,52053,1214.98,0,0.0,3.3,0
C106367,65,Central,Auto,Branch,12,67389,1710.15,0,0.0,3.0,0
C106368,28,South,Home,Branch,2,88185,875.5,0,0.0,3.1,1
C106369,19,East,Life,Partner,6,34356,2295.1,0,0.0,2.9,1
C106370,21,South,Health,Agent,14,71796,1874.26,0,0.0,4.2,1
C106371,75,Central,Auto,Agent,12,56698,1219.25,0,0.0,3.0,0
C106372,22,South,Auto,Branch,2,45001,1403.14,0,0.0,3.3,0
C106373,72,North,Health,Branch,8,33172,2291.97,0,0.0,3.4,1
C106374,60,North,Auto,Online,15,41490,1001.71,0,0.0,4.2,1
C106375,26,North,Life,Agent,7,62319,1156.34,0,0.0,3.9,1
C106376,68,North,Auto,Agent,9,74010,1819.25,0,0.0,3.9,1
C106377,26,North,Auto,Agent,6,18000,1201.8,0,0.0,2.8,0
C106378,26,Central,Home,Partner,7,61225,2261.58,1,4001.08,3.6,0
C106379,51,West,Auto,Agent,8,41676,1361.62,0,0.0,3.5,1
C106380,34,South,Health,Partner,3,43357,2220.19,0,0.0,3.1,1
C106381,34,West,Health,Agent,15,59497,2136.06,0,0.0,3.6,1
C106382,29,East,Auto,Online,13,86580,1527.16,0,0.0,3.5,1
C106383,53,West,Health,Agent,1,39079,1704.77,0,0.0,2.5,0
C106384,19,South,Health,Agent,2,50279,1211.0,0,0.0,4.0,1
C106385,32,East,Home,Branch,10,23641,1767.27,0,0.0,2.9,1
C106386,50,South,Auto,Agent,6,59893,1340.66,0,0.0,4.6,1
C106387,46,North,Auto,Agent,10,39580,1731.15,0,0.0,2.7,1
C106388,58,East,Home,Agent,0,80369,1327.7,0,0.0,4.1,1
C106389,30,West,Auto,Partner,12,58486,1430.64,1,4877.23,3.4,1
C106390,55,West,Auto,Online,0,46902,892.07,0,0.0,4.8,1
C106391,62,South,Auto,Online,3,47027,1315.39,1,1336.47,2.7,0
C106392,40,East,Auto,Agent,11,58565,858.26,0,0.0,4.4,1
C106393,32,West,Auto,Branch,5,64440,1570.4,0,0.0,4.3,1
C106394,50,North,Life,Agent,3,30961,1178.86,0,0.0,3.6,1
C106395,51,North,Health,Online,14,49325,663.42,0,0.0,4.6,1
C106396,23,South,Health,Agent,9,51952,1389.85,0,0.0,3.2,1
C106397,50,South,Auto,Online,4,55811,1078.28,0,0.0,4.1,0
C106398,26,South,Auto,Online,11,75505,1080.24,0,0.0,3.6,0
C106399,50,North,Home,Agent,2,26341,1960.39,0,0.0,3.6,0
C106400,72,East,Home,Online,7,69207,1582.09,0,0.0,4.3,1
C106401,49,West,Life,Agent,3,58559,350.0,0,0.0,3.5,0
C106402,62,West,Auto,Branch,10,43040,1139.4,1,4430.89,3.2,1
C106403,35,West,Auto,Online,4,66513,1492.81,1,2805.05,3.4,1
C106404,71,South,Home,Agent,3,45104,1158.95,0,0.0,3.5,1
C106405,65,Central,Auto,Agent,4,19378,437.41,1,3720.49,3.4,1
C106406,71,West,Auto,Online,13,18000,1957.97,0,0.0,4.2,1
C106407,61,East,Auto,Branch,13,30105,1082.12,0,0.0,3.9,1
C106408,55,South,Auto,Online,3,42205,956.1,0,0.0,4.3,1
C106409,48,West,Home,Partner,2,55091,946.81,0,0.0,3.7,1
C106410,71,East,Life,Agent,9,62751,1227.58,0,0.0,2.7,1
C106411,67,West,Health,Online,10,47355,1493.41,1,1442.99,3.6,0
C106412,42,West,Health,Partner,13,26618,1001.36,0,0.0,4.2,0
C106413,22,Central,Home,Agent,13,45151,1577.58,1,1772.54,4.6,1
C106414,18,Central,Health,Online,12,48071,1919.43,1,1826.46,2.4,0
C106415,31,West,Home,Agent,0,83276,1472.6,0,0.0,3.6,1
C106416,21,Central,Health,Agent,0,62023,1178.67,0,0.0,4.1,0
C106417,30,Central,Life,Branch,2,22184,1543.32,0,0.0,3.5,1
C106418,24,North,Auto,Branch,5,46329,950.4,0,0.0,3.0,1
C106419,74,West,Health,Partner,11,64537,2389.22,0,0.0,3.6,1
C106420,23,North,Home,Partner,13,52378,2023.1,1,7125.55,3.6,0
C106421,54,South,Life,Online,11,22772,1921.42,0,0.0,4.2,1
C106422,38,South,Life,Partner,13,66731,1919.8,0,0.0,2.6,1
C106423,28,East,Health,Online,5,58542,2429.02,0,0.0,4.3,1
C106424,58,North,Home,Partner,10,49174,1589.65,1,1749.68,3.9,1
C106425,74,South,Auto,Online,2,37485,1421.31,0,0.0,3.9,1
C106426,63,North,Home,Online,1,70240,1838.88,0,0.0,3.4,0
C106427,74,West,Auto,Agent,13,19348,953.96,0,0.0,4.6,1
C106428,52,Central,Health,Online,6,24023,2251.6,1,4476.81,3.5,1
C106429,57,Central,Life,Branch,11,38773,1310.87,0,0.0,3.9,0
C106430,26,East,Home,Online,15,57440,1761.82,0,0.0,4.1,1
C106431,67,South,Health,Agent,9,27446,2315.5,0,0.0,4.2,1
C106432,61,Central,Auto,Partner,1,42195,808.81,0,0.0,3.7,0
C106433,32,North,Health,Agent,10,45855,2161.61,0,0.0,3.8,1
C106434,38,Central,Auto,Agent,12,58177,612.51,0,0.0,3.7,1
C106435,53,West,Auto,Partner,4,47017,1358.44,1,2235.43,2.7,1
C106436,18,East,Life,Online,6,47085,1328.14,0,0.0,3.1,1
C106437,65,North,Health,Online,10,39295,1005.72,0,0.0,4.3,0
C106438,34,North,Auto,Online,11,71602,1445.08,0,0.0,3.9,0
C106439,22,East,Home,Online,2,63875,1185.99,1,1924.44,3.6,1
C106440,37,East,Auto,Online,0,63228,768.01,0,0.0,4.4,0
C106441,66,Central,Health,Agent,10,37996,2174.94,1,3988.09,3.4,1
C106442,33,West,Auto,Online,0,42773,1123.28,0,0.0,4.3,0
C106443,49,East,Auto,Branch,7,60575,1198.0,0,0.0,3.3,1
C106444,65,South,Health,Branch,4,41425,2585.26,0,0.0,4.8,0
C106445,19,East,Home,Agent,7,35323,1358.44,0,0.0,5.0,1
C106446,62,North,Health,Agent,13,57197,1984.09,0,0.0,4.3,0
C106447,34,West,Home,Online,14,28458,1598.77,1,5458.75,4.4,1
C106448,58,West,Life,Branch,10,48230,955.38,0,0.0,3.8,0
C106449,28,Central,Home,Agent,5,68061,740.28,0,0.0,4.4,1
C106450,26,East,Life,Branch,9,54615,1931.25,0,0.0,3.6,0
C106451,63,South,Life,Agent,2,33152,1806.21,0,0.0,4.4,0
C106452,64,Central,Home,Branch,15,60507,1501.79,0,0.0,3.0,0
C106453,74,West,Auto,Agent,13,41182,1609.76,0,0.0,3.2,0
C106454,57,West,Auto,Agent,5,67222,1472.87,0,0.0,4.5,1
C106455,45,East,Home,Agent,0,61165,1391.5,1,1551.38,3.1,1
C106456,29,Central,Life,Agent,13,45752,2230.79,0,0.0,3.8,0
C106457,35,South,Home,Agent,0,38502,1455.7,0,0.0,2.7,1
C106458,55,East,Home,Branch,1,36713,1665.76,0,0.0,3.9,1
C106459,38,West,Home,Online,0,98614,1307.03,0,0.0,3.3,1
C106460,46,North,Home,Partner,2,18000,1302.99,1,1847.99,2.9,0
C106461,27,Central,Home,Partner,14,20315,1478.29,0,0.0,3.4,1
C106462,43,South,Auto,Online,7,71845,1002.03,0,0.0,3.5,1
C106463,31,North,Health,Online,2,67959,1336.43,0,0.0,3.8,0
C106464,24,North,Auto,Agent,15,58486,1534.69,0,0.0,3.7,1
C106465,25,Central,Auto,Online,6,18000,1684.11,0,0.0,3.2,1
C106466,48,West,Health,Online,11,61699,1970.41,0,0.0,4.3,1
C106467,39,South,Auto,Agent,8,34366,1754.3,0,0.0,3.4,1
C106468,23,North,Life,Agent,1,50221,1215.58,0,0.0,3.7,1
C106469,47,South,Health,Online,11,59324,3009.79,0,0.0,4.6,1
C106470,27,South,Home,Partner,15,61119,771.35,0,0.0,3.3,1
C106471,18,West,Auto,Online,15,40288,1244.15,1,2180.17,4.2,1
C106472,25,South,Life,Online,12,75129,1032.01,0,0.0,3.5,1
C106473,44,South,Health,Online,10,66632,2699.15,0,0.0,4.3,0
C106474,73,North,Health,Partner,11,34717,2326.74,0,0.0,3.1,1
C106475,32,East,Home,Partner,15,43364,1376.88,0,0.0,4.0,1
C106476,34,West,Health,Online,8,38344,2325.11,0,0.0,3.1,1
C106477,32,West,Health,Branch,14,50873,2129.59,0,0.0,3.5,1
C106478,38,East,Home,Online,6,63325,444.81,0,0.0,3.5,1
C106479,59,Central,Home,Online,5,18687,2315.81,0,0.0,4.1,0
C106480,36,East,Auto,Online,1,18000,1170.93,0,0.0,3.9,1
C106481,56,Central,Life,Branch,7,37023,2321.18,0,0.0,3.9,0
C106482,70,West,Auto,Agent,9,76349,1515.6,0,0.0,4.1,0
C106483,72,North,Auto,Agent,6,56276,873.73,0,0.0,3.7,0
C106484,50,Central,Auto,Online,2,80389,1618.03,0,0.0,4.7,1
C106485,59,East,Auto,Partner,7,49196,1129.7,0,0.0,3.2,1
C106486,71,West,Auto,Partner,9,36843,1556.51,0,0.0,3.6,0
C106487,63,North,Life,Online,1,21824,1415.87,0,0.0,3.9,1
C106488,35,East,Health,Branch,8,37075,1019.26,0,0.0,4.1,0
C106489,25,Central,Life,Branch,6,40837,1576.71,1,6650.61,3.7,1
C106490,24,South,Auto,Partner,9,18000,1470.62,0,0.0,3.7,1
C106491,69,North,Health,Agent,0,36861,2320.77,0,0.0,3.7,1
C106492,50,South,Auto,Online,13,36702,1460.95,0,0.0,4.0,1
C106493,35,East,Health,Agent,6,52391,1214.17,0,0.0,4.0,1
C106494,38,Central,Health,Agent,6,51241,2888.09,0,0.0,3.8,1
C106495,34,West,Home,Agent,1,57760,1520.78,0,0.0,3.7,0
C106496,64,Central,Home,Online,6,22791,1519.28,0,0.0,3.7,0
C106497,53,East,Auto,Branch,6,31570,1098.1,0,0.0,4.0,0
C106498,69,South,Auto,Partner,0,68667,1560.63,0,0.0,4.1,1
C106499,35,South,Health,Agent,9,47337,2592.14,0,0.0,2.9,1
C106500,45,South,Auto,Agent,4,67245,1912.2,0,0.0,4.3,1
C106501,25,West,Home,Agent,5,49458,1819.01,0,0.0,3.8,1
C106502,74,North,Health,Agent,1,55369,2184.84,0,0.0,3.7,1
C106503,47,South,Home,Online,10,61516,1421.22,0,0.0,4.4,1
C106504,50,Central,Life,Agent,2,41983,2425.37,0,0.0,4.3,1
C106505,41,East,Health,Agent,9,39992,2396.28,0,0.0,3.5,1
C106506,33,North,Life,Partner,6,39760,989.16,0,0.0,4.4,1
C106507,73,West,Home,Online,11,50597,1502.06,0,0.0,4.0,1
C106508,46,East,Auto,Online,6,62336,1503.91,0,0.0,3.4,1
C106509,57,Central,Home,Agent,10,44681,1136.98,0,0.0,3.4,1
C106510,20,West,Health,Branch,14,72791,1467.98,0,0.0,4.2,0
C106511,34,North,Home,Agent,4,83493,1854.66,0,0.0,3.7,1
C106512,64,South,Home,Online,1,36187,1523.63,0,0.0,2.9,1
C106513,23,South,Life,Agent,9,73392,2409.3,0,0.0,4.6,1
C106514,23,West,Home,Online,2,51678,2264.99,0,0.0,4.4,1
C106515,64,East,Home,Agent,3,58854,1537.1,0,0.0,4.1,1
C106516,35,West,Auto,Branch,12,49589,1738.48,1,2821.57,3.4,1
C106517,33,East,Life,Agent,10,73944,350.0,0,0.0,4.3,1
C106518,50,South,Home,Agent,0,58253,1512.78,0,0.0,2.9,1
C106519,29,North,Home,Online,9,45741,1571.43,0,0.0,3.2,1
C106520,20,South,Life,Branch,10,44487,2641.69,0,0.0,3.7,1
C106521,18,East,Auto,Partner,5,30377,1589.28,0,0.0,3.7,1
C106522,22,East,Auto,Agent,11,41711,1357.59,0,0.0,3.8,0
C106523,27,Central,Home,Branch,11,73966,2137.43,0,0.0,2.5,1
C106524,58,South,Life,Agent,10,71494,1694.68,0,0.0,3.8,0
C106525,35,West,Home,Branch,4,40479,2164.33,0,0.0,2.5,1
C106526,22,North,Health,Online,4,32236,1338.34,0,0.0,4.1,1
C106527,18,West,Auto,Partner,8,69132,914.53,0,0.0,2.6,1
C106528,45,North,Health,Online,1,59724,1733.42,0,0.0,4.5,0
C106529,66,West,Health,Online,6,18000,2676.01,0,0.0,4.2,1
C106530,37,North,Life,Online,15,103835,1107.77,0,0.0,4.2,1
C106531,21,North,Health,Agent,10,52210,1540.68,0,0.0,3.8,1
C106532,31,East,Health,Agent,13,82630,2423.03,0,0.0,4.2,1
C106533,46,South,Health,Agent,5,55136,2858.99,0,0.0,4.4,1
C106534,28,East,Life,Online,11,33267,1425.35,0,0.0,3.1,1
C106535,74,South,Health,Branch,11,55493,2617.03,0,0.0,2.8,1
C106536,62,Central,Auto,Online,2,25584,892.41,0,0.0,4.4,1
C106537,37,South,Health,Branch,3,49733,2855.62,0,0.0,3.4,1
C106538,73,East,Health,Online,6,32415,2055.56,0,0.0,3.8,1
C106539,36,Central,Auto,Agent,10,48320,823.36,1,713.0,3.8,0
C106540,26,West,Home,Agent,11,56464,350.0,0,0.0,4.5,1
C106541,72,South,Auto,Agent,15,57319,1089.4,0,0.0,4.1,0
C106542,73,East,Health,Branch,1,25723,2165.27,0,0.0,4.3,1
C106543,36,North,Health,Partner,10,40393,2069.77,1,3707.08,3.7,1
C106544,52,East,Health,Agent,15,18000,2181.37,0,0.0,3.4,0
C106545,28,East,Health,Agent,2,63175,698.66,0,0.0,4.2,0
C106546,55,West,Home,Online,15,55651,1212.49,0,0.0,2.9,1
C106547,58,Central,Auto,Agent,13,30852,580.07,0,0.0,4.5,1
C106548,59,South,Auto,Agent,2,77306,1062.1,1,4314.1,3.2,1
C106549,50,North,Home,Branch,3,60398,1532.33,0,0.0,4.1,1
C106550,58,South,Life,Agent,3,50106,1784.29,0,0.0,3.5,0
C106551,50,East,Auto,Agent,1,43480,782.36,0,0.0,2.9,1
C106552,65,South,Auto,Partner,5,40524,681.92,1,1795.25,3.8,1
C106553,28,West,Life,Online,7,37794,1566.04,0,0.0,4.2,1
C106554,46,East,Auto,Branch,7,73131,1058.61,0,0.0,3.4,1
C106555,42,Central,Life,Agent,13,56940,1748.91,0,0.0,4.2,1
C106556,48,East,Home,Online,7,33119,1112.06,0,0.0,4.1,1
C106557,26,North,Auto,Online,3,75344,1108.68,0,0.0,3.6,1
C106558,36,South,Auto,Agent,11,50373,1319.68,0,0.0,4.0,1
C106559,73,West,Life,Online,10,35458,1055.59,0,0.0,4.0,1
C106560,24,South,Auto,Partner,7,87558,1255.73,1,4753.72,3.3,0
C106561,54,South,Health,Online,10,32290,1916.43,0,0.0,4.1,1
C106562,56,South,Auto,Agent,2,37146,1406.51,0,0.0,3.5,0
C106563,45,West,Health,Branch,12,52004,1925.64,0,0.0,3.5,0
C106564,19,Central,Life,Online,4,57800,1109.38,1,2398.37,2.9,0
C106565,19,South,Home,Online,0,38448,1725.82,0,0.0,4.0,0
C106566,33,South,Auto,Agent,6,18000,1695.74,0,0.0,3.4,1
C106567,23,East,Health,Agent,3,52585,1694.5,0,0.0,4.0,1
C106568,23,South,Home,Agent,8,33172,1501.29,0,0.0,3.8,1
C106569,27,Central,Auto,Agent,7,45537,1535.9,0,0.0,3.8,0
C106570,29,East,Home,Branch,14,37416,1726.85,0,0.0,4.3,1
C106571,66,West,Health,Branch,6,32495,1567.5,0,0.0,3.8,1
C106572,55,Central,Auto,Agent,1,47204,1167.85,0,0.0,3.4,1
C106573,19,West,Life,Branch,8,40622,2002.72,1,3437.09,3.6,1
C106574,54,South,Health,Online,12,36879,1171.65,0,0.0,4.2,1
C106575,25,West,Auto,Agent,4,69381,1487.09,0,0.0,4.1,0
C106576,42,East,Auto,Agent,4,34091,1920.01,0,0.0,3.5,1
C106577,20,East,Health,Agent,2,47455,1573.68,0,0.0,5.0,1
C106578,23,Central,Auto,Online,11,51325,1662.6,0,0.0,3.3,0
C106579,25,South,Auto,Online,2,21569,1334.7,1,2169.4,3.4,1
C106580,43,East,Home,Online,4,31881,1628.47,1,2824.97,3.6,1
C106581,44,North,Home,Online,1,51288,1310.14,0,0.0,4.3,1
C106582,38,North,Auto,Agent,6,50614,1186.52,1,1884.65,3.9,1
C106583,53,West,Home,Agent,13,37813,1018.69,0,0.0,4.7,1
C106584,59,West,Home,Online,7,51531,1601.32,0,0.0,4.4,1
C106585,60,West,Health,Agent,1,56818,1584.16,0,0.0,3.7,1
C106586,51,South,Life,Agent,12,62563,583.52,0,0.0,4.4,1
C106587,49,North,Auto,Online,5,63996,1180.59,0,0.0,3.9,1
C106588,46,East,Auto,Online,2,73763,1428.26,0,0.0,3.3,0
C106589,31,East,Auto,Agent,0,53938,1391.63,0,0.0,4.6,1
C106590,46,West,Auto,Agent,5,26999,1539.41,0,0.0,3.8,1
C106591,18,West,Health,Branch,2,46677,1408.02,0,0.0,3.2,0
C106592,74,Central,Auto,Online,8,29157,1249.99,0,0.0,5.0,1
C106593,39,West,Health,Agent,6,67211,1746.51,0,0.0,4.1,1
C106594,61,South,Life,Agent,10,76716,1329.95,0,0.0,4.1,0
C106595,73,West,Home,Branch,4,51890,1711.35,0,0.0,2.9,1
C106596,46,West,Home,Branch,1,72922,1931.74,0,0.0,4.5,1
C106597,67,Central,Home,Online,1,71692,1446.14,0,0.0,3.1,0
C106598,45,East,Home,Partner,1,57466,1725.25,0,0.0,4.7,0
C106599,25,West,Health,Agent,4,61480,2405.99,0,0.0,3.3,1
C106600,19,South,Health,Partner,11,69077,1762.3,0,0.0,3.1,1
C106601,25,West,Auto,Online,8,26872,1187.86,0,0.0,4.8,1
C106602,72,Central,Auto,Agent,5,56461,630.78,0,0.0,2.7,0
C106603,45,Central,Health,Agent,3,61974,1724.45,0,0.0,4.0,0
C106604,36,North,Health,Online,2,26179,1201.5,0,0.0,3.5,1
C106605,43,South,Auto,Branch,2,86420,1235.35,0,0.0,4.6,1
C106606,32,West,Auto,Online,4,71665,1049.67,0,0.0,3.6,0
C106607,68,West,Home,Online,7,71813,1603.59,0,0.0,4.1,1
C106608,75,Central,Auto,Online,9,59360,1314.85,0,0.0,3.0,0
C106609,22,South,Health,Partner,15,34926,1527.86,0,0.0,3.9,1
C106610,59,Central,Auto,Partner,15,29167,1210.64,0,0.0,4.6,1
C106611,37,West,Auto,Agent,4,50214,887.73,0,0.0,4.8,1
C106612,20,South,Home,Agent,11,64543,1342.67,0,0.0,4.6,1
C106613,71,North,Auto,Online,2,61765,1488.97,0,0.0,4.8,1
C106614,21,West,Auto,Agent,12,82784,1317.44,0,0.0,3.9,1
C106615,29,North,Life,Partner,14,46407,1450.23,1,10435.92,3.5,1
C106616,19,West,Health,Branch,9,45520,1066.79,0,0.0,3.5,1
C106617,45,East,Health,Branch,8,52140,1929.75,0,0.0,3.2,1
C106618,52,East,Home,Online,5,31188,1340.74,0,0.0,4.2,1
C106619,36,South,Auto,Branch,14,79034,620.06,0,0.0,4.1,0
C106620,22,Central,Health,Partner,15,47499,2026.63,0,0.0,3.9,1
C106621,24,West,Health,Partner,11,56558,1868.35,0,0.0,4.2,0
C106622,72,West,Auto,Agent,1,66658,1478.9,0,0.0,3.1,1
C106623,64,West,Auto,Online,14,38453,1411.47,0,0.0,3.8,1
C106624,72,East,Health,Partner,12,56993,1934.31,0,0.0,4.3,1
C106625,48,Central,Auto,Agent,5,51862,1074.5,0,0.0,3.0,1
C106626,49,East,Auto,Online,4,69557,1388.81,0,0.0,3.5,1
C106627,63,East,Health,Online,12,52151,1657.8,0,0.0,4.4,1
C106628,53,South,Health,Agent,9,18000,2690.03,0,0.0,3.3,1
C106629,43,South,Health,Branch,12,35180,1590.07,1,2634.73,3.5,1
C106630,34,West,Auto,Partner,15,25005,1233.18,0,0.0,3.0,0
C106631,46,South,Home,Partner,5,86690,1585.63,1,1243.1,3.1,1
C106632,21,West,Life,Agent,13,77462,2032.07,0,0.0,5.0,0
C106633,29,Central,Health,Partner,7,18000,2147.55,1,2191.91,3.1,1
C106634,60,East,Life,Online,13,33810,1118.45,0,0.0,4.2,1
C106635,68,North,Health,Online,3,27071,1628.63,0,0.0,4.1,0
C106636,23,West,Auto,Online,13,55896,2167.67,0,0.0,3.6,1
C106637,23,North,Health,Branch,11,34794,1420.89,0,0.0,4.1,1
C106638,22,West,Health,Partner,7,47221,1347.04,0,0.0,2.5,1
C106639,63,East,Life,Branch,14,27211,2234.41,0,0.0,4.8,1
C106640,36,East,Auto,Partner,6,59746,1362.69,0,0.0,3.4,0
C106641,36,East,Auto,Agent,11,21773,820.33,0,0.0,3.1,1
C106642,18,East,Life,Branch,8,97056,2731.79,0,0.0,3.3,1
C106643,74,South,Auto,Online,2,79078,1311.76,0,0.0,3.1,0
C106644,43,South,Home,Branch,4,96670,920.35,0,0.0,3.6,1
C106645,64,East,Auto,Branch,12,62915,784.61,0,0.0,4.0,1
C106646,59,Central,Life,Agent,7,80026,2031.77,0,0.0,3.4,1
C106647,26,North,Auto,Online,13,68070,1496.45,0,0.0,3.7,1
C106648,64,South,Home,Online,2,33919,1893.9,0,0.0,4.6,0
C106649,49,South,Health,Partner,12,45299,2085.93,0,0.0,3.6,1
C106650,53,East,Life,Agent,14,59633,2403.15,1,2634.09,3.9,1
C106651,29,North,Life,Agent,15,72740,2398.09,0,0.0,2.7,1
C106652,67,West,Home,Partner,11,51881,637.8,0,0.0,4.0,1
C106653,72,North,Auto,Agent,7,61983,1513.22,0,0.0,3.7,1
C106654,41,West,Health,Online,0,46012,2385.49,0,0.0,3.8,0
C106655,23,South,Life,Branch,3,44577,1724.02,0,0.0,2.8,1
C106656,67,East,Health,Agent,10,25512,1543.68,0,0.0,3.9,1
C106657,69,South,Life,Agent,14,59969,2379.15,0,0.0,3.9,1
C106658,47,West,Home,Branch,12,43141,1415.82,0,0.0,4.1,1
C106659,51,Central,Auto,Agent,9,28872,1287.89,0,0.0,4.5,1
C106660,30,South,Auto,Online,13,41327,595.74,0,0.0,3.1,0
C106661,21,Central,Auto,Online,4,57135,1270.12,0,0.0,3.9,0
C106662,72,South,Home,Partner,5,64026,2270.26,0,0.0,3.4,1
C106663,46,East,Health,Agent,1,48680,2537.29,0,0.0,4.7,1
C106664,33,West,Auto,Partner,10,71227,1587.58,0,0.0,3.7,0
C106665,58,South,Home,Agent,2,78825,1333.96,0,0.0,4.4,1
C106666,19,East,Auto,Online,4,46839,1777.49,1,956.19,3.2,0
C106667,22,North,Health,Agent,1,69527,1756.27,0,0.0,3.6,1
C106668,32,West,Health,Agent,13,39987,3232.71,0,0.0,2.8,1
C106669,44,East,Health,Branch,3,28594,2885.89,0,0.0,4.1,1
C106670,39,Central,Auto,Agent,14,34994,1144.59,1,1741.46,2.6,1
C106671,28,South,Home,Agent,3,36438,1503.92,0,0.0,3.7,1
C106672,38,Central,Life,Branch,1,44121,778.87,0,0.0,4.2,1
C106673,37,North,Home,Online,15,87680,1854.4,0,0.0,4.1,1
C106674,48,West,Life,Partner,4,42575,1423.72,0,0.0,2.5,0
C106675,50,South,Auto,Agent,11,45224,1010.89,0,0.0,3.6,0
C106676,69,North,Auto,Branch,1,54765,1880.27,0,0.0,4.4,1
C106677,64,North,Auto,Online,2,28228,1559.06,0,0.0,4.2,1
C106678,34,West,Home,Online,6,54626,1575.75,0,0.0,3.8,1
C106679,70,South,Auto,Branch,12,63821,1455.99,0,0.0,3.2,0
C106680,48,East,Life,Agent,0,78687,1908.67,0,0.0,3.9,0
C106681,28,Central,Health,Partner,10,75649,2268.15,1,10986.01,3.3,1
C106682,37,South,Home,Branch,12,58536,350.0,0,0.0,3.3,1
C106683,61,North,Health,Branch,1,47979,1155.85,0,0.0,3.6,1
C106684,65,North,Home,Agent,6,49020,1426.64,0,0.0,4.2,1
C106685,39,North,Health,Partner,15,59335,1064.09,1,1912.55,3.2,1
C106686,27,East,Health,Partner,8,51161,2061.15,0,0.0,3.8,1
C106687,29,West,Home,Online,12,50367,1255.82,0,0.0,3.8,0
C106688,24,South,Auto,Agent,11,35178,1809.36,0,0.0,3.1,1
C106689,58,North,Life,Partner,6,64072,1356.97,0,0.0,3.6,0
C106690,47,West,Home,Online,11,57360,1424.28,0,0.0,4.0,1
C106691,44,South,Home,Online,15,38387,1427.55,0,0.0,4.0,1
C106692,56,East,Auto,Partner,5,78802,931.74,0,0.0,4.4,1
C106693,66,Central,Auto,Agent,0,55754,1159.3,0,0.0,3.8,1
C106694,64,South,Auto,Partner,12,26366,1314.9,0,0.0,3.2,1
C106695,25,East,Home,Agent,5,69008,1309.96,0,0.0,4.1,1
C106696,52,Central,Auto,Agent,10,39892,1741.81,0,0.0,3.4,1
C106697,69,West,Life,Agent,2,44624,1459.21,0,0.0,3.2,0
C106698,62,West,Life,Agent,3,48635,1816.06,1,2341.19,4.4,1
C106699,37,West,Auto,Partner,12,67538,1488.65,0,0.0,4.0,0
C106700,40,East,Home,Branch,0,50961,1574.2,0,0.0,3.6,1
C106701,69,East,Auto,Partner,7,63130,1189.47,0,0.0,3.5,1
C106702,19,West,Auto,Online,12,23675,1245.09,0,0.0,4.4,0
C106703,48,West,Auto,Partner,7,32140,1297.28,0,0.0,4.6,1
C106704,24,West,Home,Branch,2,52575,1133.13,0,0.0,4.3,0
C106705,69,South,Life,Online,10,38947,2300.47,0,0.0,4.4,1
C106706,20,Central,Auto,Agent,1,48322,835.07,0,0.0,3.9,0
C106707,19,South,Auto,Online,9,65426,724.26,0,0.0,3.1,1
C106708,37,North,Health,Online,6,37543,1498.0,0,0.0,3.7,1
C106709,29,South,Health,Partner,8,38764,1853.54,0,0.0,4.1,0
C106710,46,South,Auto,Partner,14,53975,1691.39,0,0.0,3.5,0
C106711,35,West,Home,Online,14,18000,2066.78,0,0.0,3.5,1
C106712,38,South,Life,Online,11,70136,1530.65,0,0.0,3.8,1
C106713,50,West,Health,Online,7,54342,2278.11,0,0.0,3.3,1
C106714,50,East,Life,Branch,12,53675,1828.63,0,0.0,2.8,1
C106715,72,North,Home,Agent,1,42292,350.0,0,0.0,3.6,1
C106716,45,South,Health,Agent,4,64403,2494.64,0,0.0,4.0,1
C106717,50,East,Home,Agent,7,49094,1586.58,0,0.0,3.8,1
C106718,57,West,Health,Partner,13,74070,589.8,0,0.0,4.8,1
C106719,28,South,Health,Online,6,21204,1152.02,0,0.0,4.4,1
C106720,56,South,Auto,Online,6,53139,1144.86,0,0.0,4.2,1
C106721,67,South,Home,Agent,15,52763,1281.71,0,0.0,4.3,1
C106722,36,North,Auto,Partner,15,57603,775.2,1,3440.7,2.4,1
C106723,28,North,Auto,Branch,0,77266,1431.33,0,0.0,2.7,1
C106724,38,Central,Health,Partner,9,27452,1784.39,0,0.0,4.0,1
C106725,33,North,Health,Partner,11,26898,2030.28,0,0.0,4.5,1
C106726,51,North,Auto,Online,9,45645,1358.03,0,0.0,3.0,1
C106727,68,Central,Auto,Branch,15,18000,1019.4,0,0.0,2.9,0
C106728,52,West,Life,Partner,14,93518,1275.7,0,0.0,4.2,1
C106729,25,East,Health,Online,4,68802,1172.34,0,0.0,3.9,1
C106730,36,West,Health,Branch,15,61311,1920.73,0,0.0,3.9,1
C106731,57,Central,Life,Online,6,66092,869.47,0,0.0,3.7,1
C106732,37,North,Home,Branch,0,74878,1752.57,0,0.0,3.2,1
C106733,52,South,Auto,Online,5,40936,1187.75,0,0.0,3.7,1
C106734,58,Central,Health,Agent,3,45502,1889.32,0,0.0,3.6,1
C106735,37,West,Auto,Branch,14,58161,1229.52,0,0.0,3.0,1
C106736,55,Central,Health,Agent,9,42924,1755.7,0,0.0,3.0,1
C106737,41,South,Home,Online,4,35304,1293.32,0,0.0,3.6,1
C106738,25,Central,Auto,Online,0,42469,1182.68,0,0.0,4.8,1
C106739,39,South,Health,Partner,5,58871,1788.95,1,4103.23,2.9,1
C106740,43,West,Auto,Partner,5,68406,898.24,1,6676.24,3.6,1
C106741,18,Central,Health,Branch,7,29126,1872.45,0,0.0,3.7,1
C106742,69,North,Auto,Online,3,48584,1602.44,1,1468.4,3.0,1
C106743,48,South,Home,Branch,8,51028,1202.31,0,0.0,3.6,0
C106744,20,East,Health,Agent,8,26968,2133.81,0,0.0,3.8,1
C106745,68,Central,Auto,Agent,11,60079,1152.27,1,1205.87,3.7,0
C106746,67,North,Home,Online,9,50073,1521.8,0,0.0,3.7,0
C106747,18,Central,Auto,Online,11,35106,1251.0,1,1493.43,4.2,1
C106748,27,South,Health,Online,3,43318,1282.93,0,0.0,3.6,1
C106749,39,East,Health,Agent,2,61635,1887.72,0,0.0,3.1,1
C106750,47,South,Auto,Online,8,69602,965.29,0,0.0,5.0,0
C106751,60,Central,Auto,Agent,15,58112,876.6,0,0.0,3.8,1
C106752,42,North,Auto,Agent,6,86310,796.26,0,0.0,3.3,1
C106753,53,East,Home,Agent,11,72077,1582.88,0,0.0,4.5,0
C106754,18,North,Home,Agent,15,61924,1627.62,1,1974.93,2.6,1
C106755,56,Central,Auto,Agent,1,39351,1033.42,0,0.0,3.9,1
C106756,71,West,Auto,Online,1,72361,1279.31,1,406.42,2.6,1
C106757,48,South,Life,Online,10,38165,1657.84,0,0.0,2.7,1
C106758,44,South,Auto,Agent,13,65442,1509.8,1,659.44,3.2,1
C106759,35,South,Auto,Agent,10,18000,866.04,0,0.0,3.0,1
C106760,73,East,Home,Agent,15,43112,1233.79,0,0.0,4.8,1
C106761,19,Central,Auto,Agent,0,26841,1024.71,0,0.0,3.4,0
C106762,34,East,Life,Online,8,46848,1769.66,0,0.0,3.7,1
C106763,26,East,Auto,Online,11,24295,1551.19,0,0.0,3.9,1
C106764,68,West,Life,Branch,10,52514,1086.23,0,0.0,3.8,0
C106765,45,East,Health,Agent,0,60407,1686.2,0,0.0,3.7,1
C106766,71,North,Auto,Agent,2,40298,1420.64,0,0.0,4.1,1
C106767,56,North,Health,Online,15,46239,1281.3,0,0.0,4.5,1
C106768,50,South,Life,Branch,5,55951,1724.92,0,0.0,3.7,1
C106769,48,West,Health,Agent,2,51152,2322.91,0,0.0,3.8,0
C106770,29,North,Auto,Agent,2,76263,1752.11,0,0.0,4.4,0
C106771,50,East,Life,Agent,2,39663,870.79,0,0.0,3.6,0
C106772,57,South,Auto,Agent,9,61670,1586.17,0,0.0,3.6,0
C106773,73,West,Auto,Branch,8,56684,1692.94,0,0.0,3.5,1
C106774,49,North,Auto,Online,15,23403,1311.54,0,0.0,3.5,1
C106775,72,East,Home,Online,7,53571,2857.61,0,0.0,4.1,1
C106776,72,North,Auto,Online,0,50436,1707.42,0,0.0,4.6,0
C106777,48,South,Auto,Partner,8,43137,1570.6,0,0.0,3.6,1
C106778,43,North,Life,Partner,7,83938,2710.21,0,0.0,4.1,0
C106779,26,East,Health,Branch,5,75130,2472.99,0,0.0,4.4,1
C106780,33,West,Auto,Agent,11,38273,1655.08,0,0.0,4.6,1
C106781,68,North,Health,Online,15,63436,1246.3,0,0.0,4.4,0
C106782,26,West,Auto,Branch,6,65390,1549.99,1,402.38,3.7,1
C106783,41,East,Health,Online,11,54626,2028.86,0,0.0,3.7,1
C106784,58,East,Auto,Online,8,32234,663.25,0,0.0,3.5,0
C106785,31,East,Health,Branch,11,34858,1325.51,0,0.0,3.9,1
C106786,74,South,Home,Online,7,61502,350.0,0,0.0,4.2,1
C106787,55,West,Auto,Branch,4,61123,1327.77,0,0.0,2.8,0
C106788,19,West,Auto,Branch,9,46863,1405.14,0,0.0,4.2,1
C106789,32,West,Auto,Branch,6,75684,1121.53,1,916.58,2.9,1
C106790,60,South,Home,Branch,1,78882,1666.7,0,0.0,4.2,1
C106791,68,West,Home,Agent,11,78669,1090.76,0,0.0,3.7,0
C106792,71,North,Home,Branch,8,78746,1659.5,1,941.09,3.8,0
C106793,67,East,Life,Branch,9,51715,1870.32,0,0.0,4.3,1
C106794,22,North,Home,Branch,8,27973,1243.9,0,0.0,4.0,1
C106795,60,South,Life,Partner,14,46197,1613.44,0,0.0,3.5,0
C106796,24,West,Health,Partner,2,49933,1739.78,0,0.0,4.5,0
C106797,22,Central,Auto,Branch,1,40665,794.53,0,0.0,3.6,1
C106798,58,North,Health,Partner,8,45145,1495.0,0,0.0,3.4,0
C106799,45,East,Auto,Online,13,31202,1337.09,1,1603.03,3.9,1
C106800,55,West,Auto,Partner,7,64860,1043.19,0,0.0,3.3,1
C106801,67,Central,Auto,Partner,6,81309,940.46,1,1172.82,2.8,0
C106802,21,West,Health,Online,9,94876,2169.68,0,0.0,3.6,0
C106803,48,North,Home,Agent,5,56468,1604.97,1,4980.75,3.5,1
C106804,66,North,Health,Agent,9,48911,2041.13,0,0.0,3.4,0
C106805,43,West,Auto,Branch,15,51335,1043.02,0,0.0,3.6,0
C106806,48,South,Life,Online,6,76501,1404.78,0,0.0,2.7,1
C106807,46,Central,Health,Agent,7,76197,979.48,0,0.0,4.5,1
C106808,70,Central,Auto,Agent,12,47669,1138.81,0,0.0,3.8,1
C106809,20,Central,Auto,Agent,10,73662,1175.6,0,0.0,3.3,1
C106810,68,South,Auto,Partner,5,54909,1287.89,1,5979.9,4.3,1
C106811,65,West,Life,Agent,8,38761,1816.78,0,0.0,3.0,1
C106812,65,West,Auto,Agent,7,49217,1044.47,0,0.0,3.2,1
C106813,41,North,Life,Partner,6,82656,1330.28,0,0.0,3.5,1
C106814,47,South,Auto,Online,6,64990,1350.81,0,0.0,3.5,0
C106815,39,South,Home,Online,0,42878,1494.44,0,0.0,3.6,1
C106816,32,South,Auto,Online,7,68872,814.01,0,0.0,4.3,1
C106817,68,Central,Health,Partner,5,64851,2309.96,0,0.0,4.3,0
C106818,47,Central,Health,Partner,12,46421,2583.96,0,0.0,4.3,1
C106819,59,South,Auto,Agent,10,38561,1190.58,1,1650.5,4.3,1
C106820,23,East,Life,Online,11,31997,1442.55,0,0.0,3.5,1
C106821,63,South,Home,Agent,4,22403,1265.9,0,0.0,3.9,0
C106822,56,South,Auto,Agent,0,40223,400.95,1,2762.52,3.0,0
C106823,75,North,Home,Agent,6,48802,1696.49,0,0.0,3.4,1
C106824,25,West,Auto,Online,7,74683,1631.5,0,0.0,3.1,1
C106825,49,West,Life,Online,6,66837,993.14,0,0.0,4.8,1
C106826,47,Central,Health,Partner,1,55537,1930.54,0,0.0,4.4,1
C106827,49,Central,Auto,Agent,3,18271,1357.32,0,0.0,5.0,1
C106828,21,North,Auto,Online,11,57315,1418.77,0,0.0,4.4,0
C106829,45,West,Auto,Partner,14,22382,597.92,0,0.0,4.0,0
C106830,35,North,Life,Agent,15,67718,1635.6,0,0.0,3.5,1
C106831,53,South,Auto,Branch,8,68226,1445.85,0,0.0,4.4,1
C106832,31,East,Auto,Online,9,52916,1079.23,0,0.0,4.2,1
C106833,43,North,Home,Partner,9,66703,2586.27,0,0.0,3.1,1
C106834,53,North,Auto,Online,6,70256,1681.27,1,4783.1,3.7,0
C106835,21,South,Auto,Partner,5,53972,1759.86,1,1222.88,2.8,1
C106836,63,North,Home,Branch,1,49392,1303.27,0,0.0,3.9,0
C106837,59,Central,Auto,Online,0,28083,1232.2,0,0.0,4.4,1
C106838,21,South,Home,Online,5,45609,1226.43,0,0.0,3.8,1
C106839,21,East,Health,Branch,5,34061,1561.08,0,0.0,3.4,1
C106840,67,Central,Auto,Online,8,33880,1615.42,1,3706.22,4.8,0
C106841,34,East,Health,Online,15,38807,2357.48,0,0.0,4.1,1
C106842,67,East,Auto,Branch,14,18000,1512.5,0,0.0,4.1,1
C106843,46,Central,Health,Online,3,69628,1748.98,0,0.0,4.1,0
C106844,37,South,Health,Agent,8,55942,607.88,0,0.0,4.3,1
C106845,33,North,Home,Agent,8,72896,1360.74,0,0.0,4.2,0
C106846,56,East,Health,Online,15,66435,1007.26,0,0.0,3.8,0
C106847,24,East,Home,Agent,6,60979,966.63,0,0.0,2.9,1
C106848,41,West,Auto,Online,5,66296,901.99,0,0.0,3.6,1
C106849,38,North,Life,Partner,12,54715,1498.59,0,0.0,3.8,1
C106850,26,West,Auto,Online,0,75491,993.77,0,0.0,4.5,1
C106851,38,West,Home,Branch,1,42824,1091.96,0,0.0,4.6,0
C106852,48,Central,Health,Branch,10,51638,2182.38,0,0.0,3.7,1
C106853,57,North,Auto,Branch,5,46975,1234.32,0,0.0,4.9,1
C106854,23,South,Auto,Online,3,88307,1244.65,0,0.0,4.2,1
C106855,68,Central,Life,Online,13,40627,927.65,0,0.0,4.1,1
C106856,68,West,Home,Agent,3,75179,1252.97,0,0.0,3.9,1
C106857,58,North,Home,Branch,0,27460,697.67,0,0.0,4.1,0
C106858,71,North,Health,Branch,0,53805,2097.33,0,0.0,3.8,0
C106859,42,West,Health,Online,14,48731,2017.98,0,0.0,4.0,1
C106860,65,East,Auto,Branch,8,33624,1303.55,0,0.0,4.3,0
C106861,60,East,Home,Online,0,40040,1288.27,0,0.0,4.5,1
C106862,50,Central,Auto,Agent,3,61055,1535.23,0,0.0,3.7,0
C106863,28,South,Home,Agent,5,45944,1594.43,0,0.0,3.8,1
C106864,50,North,Home,Online,15,34627,1508.42,0,0.0,3.5,1
C106865,70,West,Health,Partner,8,68160,3067.07,0,0.0,3.6,1
C106866,75,Central,Home,Agent,13,51619,2620.62,0,0.0,4.4,1
C106867,43,South,Auto,Online,7,57962,1274.66,0,0.0,4.0,0
C106868,32,West,Auto,Online,11,71677,803.97,0,0.0,4.5,1
C106869,61,North,Auto,Branch,0,79825,1261.42,0,0.0,3.3,0
C106870,22,North,Auto,Branch,5,18000,1157.19,0,0.0,4.0,1
C106871,26,Central,Auto,Online,7,50066,1678.38,1,1296.18,4.0,1
C106872,50,North,Home,Online,1,21815,945.17,0,0.0,4.8,1
C106873,75,North,Home,Agent,4,101069,973.12,0,0.0,2.7,1
C106874,37,West,Health,Agent,10,54714,788.92,0,0.0,4.3,1
C106875,43,South,Life,Agent,10,69517,2180.61,0,0.0,3.9,0
C106876,36,South,Life,Agent,0,40712,1955.85,0,0.0,3.8,1
C106877,43,West,Auto,Agent,4,45602,1392.6,1,559.25,2.4,0
C106878,18,North,Health,Online,7,71789,1918.03,0,0.0,3.1,1
C106879,52,West,Life,Agent,4,61272,2494.91,0,0.0,4.0,0
C106880,52,South,Auto,Online,0,82199,1123.8,0,0.0,4.7,0
C106881,36,North,Health,Online,0,36981,2168.27,0,0.0,4.0,1
C106882,33,West,Life,Partner,8,48075,1754.21,0,0.0,4.6,0
C106883,62,South,Home,Online,5,61236,580.48,0,0.0,2.4,1
C106884,28,Central,Home,Online,8,63982,849.78,0,0.0,3.0,1
C106885,20,Central,Life,Partner,11,59547,1403.0,0,0.0,2.8,1
C106886,20,Central,Auto,Partner,8,28184,1461.51,0,0.0,4.4,1
C106887,69,South,Home,Branch,8,35033,2109.55,0,0.0,4.1,0
C106888,39,South,Home,Online,11,58149,1629.12,0,0.0,3.9,1
C106889,23,Central,Auto,Agent,2,24220,1132.74,0,0.0,4.2,1
C106890,68,East,Auto,Branch,3,36051,1030.1,0,0.0,3.6,0
C106891,26,West,Auto,Branch,11,52672,1307.49,0,0.0,4.5,1
C106892,37,Central,Home,Online,3,38030,1187.8,0,0.0,4.8,1
C106893,19,South,Home,Agent,13,56127,1520.14,0,0.0,2.8,0
C106894,57,North,Life,Online,6,50387,834.34,0,0.0,4.3,1
C106895,58,West,Auto,Branch,1,37813,911.29,0,0.0,4.1,1
C106896,61,East,Health,Agent,11,38239,1784.83,1,3386.76,2.9,0
C106897,33,South,Auto,Agent,6,75002,827.84,0,0.0,3.0,1
C106898,37,East,Life,Agent,1,58914,1379.05,0,0.0,3.7,0
C106899,72,West,Health,Partner,3,56452,1042.68,0,0.0,3.9,1
C106900,65,South,Home,Partner,14,52988,1734.05,0,0.0,4.2,0
C106901,20,South,Auto,Branch,7,35666,1031.25,0,0.0,4.5,1
C106902,58,West,Auto,Online,4,41841,1105.7,0,0.0,3.9,1
C106903,65,West,Auto,Partner,8,18000,915.49,0,0.0,3.9,0
C106904,50,Central,Home,Online,2,40543,2185.23,0,0.0,5.0,1
C106905,55,North,Auto,Online,6,40846,1537.03,0,0.0,4.1,1
C106906,18,Central,Home,Agent,9,61875,1057.56,0,0.0,3.5,1
C106907,19,West,Auto,Branch,15,41144,1444.55,0,0.0,4.2,1
C106908,20,West,Health,Online,4,66146,1147.62,0,0.0,3.6,0
C106909,27,South,Auto,Online,13,47325,1217.45,0,0.0,3.7,1
C106910,75,North,Auto,Online,6,54674,877.31,1,4254.19,3.1,1
C106911,54,East,Health,Agent,14,51439,1682.6,0,0.0,4.0,1
C106912,63,South,Health,Branch,0,64596,1971.88,0,0.0,4.5,0
C106913,35,South,Health,Agent,2,73712,2542.23,0,0.0,4.0,1
C106914,72,Central,Health,Agent,7,34234,2739.39,0,0.0,4.2,1
C106915,29,North,Auto,Branch,12,83670,929.8,0,0.0,4.2,0
C106916,70,Central,Health,Agent,4,36578,1441.81,0,0.0,4.5,1
C106917,19,East,Home,Agent,1,48683,971.72,0,0.0,3.3,0
C106918,19,Central,Auto,Agent,2,42479,1242.47,0,0.0,3.4,0
C106919,22,South,Auto,Branch,4,79140,1572.13,0,0.0,3.9,1
C106920,63,West,Auto,Branch,6,32904,1374.24,0,0.0,3.8,1
C106921,32,East,Auto,Online,9,64916,1189.76,0,0.0,3.5,1
C106922,44,Central,Auto,Partner,12,18000,1205.1,0,0.0,3.9,1
C106923,45,North,Health,Agent,2,66649,2325.31,0,0.0,2.6,0
C106924,63,South,Auto,Partner,12,48557,1122.06,0,0.0,4.4,1
C106925,38,Central,Life,Agent,15,45259,1622.06,0,0.0,3.4,0
C106926,18,North,Home,Agent,5,39549,1430.14,0,0.0,2.7,1
C106927,40,West,Auto,Online,3,50801,1175.89,0,0.0,4.4,1
C106928,34,North,Health,Agent,15,45611,2187.29,0,0.0,3.9,0
C106929,60,North,Auto,Agent,14,25164,1284.9,0,0.0,4.1,1
C106930,61,East,Auto,Partner,2,37872,955.57,0,0.0,4.7,1
C106931,23,East,Life,Partner,13,66371,1814.96,0,0.0,4.3,1
C106932,63,East,Health,Agent,13,44752,1697.01,0,0.0,4.5,1
C106933,22,East,Auto,Partner,4,37769,1443.98,1,550.66,3.7,1
C106934,53,West,Life,Partner,15,52837,1724.84,0,0.0,5.0,1
C106935,40,Central,Life,Partner,3,60795,909.44,0,0.0,4.0,1
C106936,35,South,Health,Agent,9,63703,2522.86,0,0.0,3.0,1
C106937,46,South,Home,Online,11,58082,1666.1,0,0.0,3.1,1
C106938,36,South,Home,Partner,0,73761,1459.54,1,3804.02,3.9,0
C106939,64,West,Home,Agent,14,52885,1204.02,0,0.0,3.3,1
C106940,74,South,Health,Agent,14,47750,1766.31,1,3862.24,3.7,0
C106941,65,West,Home,Agent,6,67722,1458.22,0,0.0,4.1,1
C106942,43,East,Health,Online,6,39247,562.75,0,0.0,3.8,1
C106943,47,West,Auto,Online,5,44725,1510.73,0,0.0,3.3,1
C106944,43,Central,Auto,Online,2,23324,1450.57,0,0.0,3.3,0
C106945,64,East,Auto,Agent,14,84650,1247.29,0,0.0,3.6,0
C106946,50,East,Auto,Agent,14,89537,1360.45,0,0.0,4.1,1
C106947,45,South,Auto,Agent,9,48850,1628.23,0,0.0,3.1,1
C106948,41,East,Health,Online,6,65742,350.0,0,0.0,5.0,0
C106949,39,South,Life,Online,10,64592,1997.02,0,0.0,4.2,1
C106950,50,Central,Auto,Agent,7,55409,1247.28,0,0.0,4.0,1
C106951,57,South,Auto,Online,12,73879,1256.53,0,0.0,3.9,0
C106952,43,North,Home,Partner,9,29233,1205.3,0,0.0,3.9,1
C106953,64,South,Health,Agent,2,48673,1885.67,0,0.0,3.9,1
C106954,65,East,Home,Agent,14,18000,1279.29,1,4657.88,3.6,1
C106955,42,Central,Health,Agent,6,33801,2902.13,0,0.0,4.6,1
C106956,70,South,Health,Agent,8,22738,1902.73,0,0.0,4.5,0
C106957,28,South,Auto,Online,10,18919,970.11,0,0.0,4.1,0
C106958,72,East,Auto,Branch,14,43083,1394.65,0,0.0,3.4,0
C106959,35,Central,Health,Online,6,58568,1477.25,0,0.0,3.5,1
C106960,50,Central,Auto,Agent,2,40026,1928.45,0,0.0,3.7,1
C106961,34,North,Auto,Agent,1,42188,1062.22,0,0.0,3.6,1
C106962,43,West,Health,Agent,9,38775,3405.04,0,0.0,4.1,1
C106963,37,West,Home,Branch,6,54527,2233.07,0,0.0,4.8,0
C106964,58,West,Health,Branch,8,41119,1609.27,0,0.0,4.0,1
C106965,22,East,Home,Agent,13,33882,2185.84,0,0.0,3.4,1
C106966,66,West,Home,Online,5,68782,1098.17,0,0.0,3.3,1
C106967,70,East,Auto,Branch,10,36298,1405.36,0,0.0,3.7,1
C106968,50,South,Life,Agent,3,29107,1536.41,0,0.0,3.9,1
C106969,49,North,Home,Agent,11,65318,2053.58,0,0.0,3.3,0
C106970,58,South,Auto,Agent,1,21692,1828.43,0,0.0,3.7,1
C106971,29,North,Health,Agent,3,74128,2056.48,0,0.0,4.4,1
C106972,61,South,Auto,Branch,4,33532,1363.46,0,0.0,3.5,1
C106973,30,Central,Life,Agent,3,53443,1294.01,0,0.0,3.6,1
C106974,57,Central,Health,Partner,10,34097,1627.09,0,0.0,4.2,0
C106975,35,North,Health,Branch,6,52233,944.26,0,0.0,4.7,1
C106976,61,North,Life,Agent,4,42622,1787.7,1,515.08,3.9,1
C106977,63,West,Health,Online,4,34315,2164.88,0,0.0,3.1,1
C106978,30,East,Auto,Online,11,23135,1981.51,0,0.0,4.8,1
C106979,53,North,Health,Online,8,42266,1746.03,0,0.0,3.6,0
C106980,46,Central,Home,Online,14,60551,2561.03,0,0.0,3.7,1
C106981,35,South,Auto,Online,8,64139,1474.54,1,1842.73,3.0,1
C106982,52,North,Health,Branch,11,39065,1238.1,0,0.0,3.5,0
C106983,75,West,Health,Online,14,39108,933.49,0,0.0,4.1,0
C106984,18,West,Health,Online,12,48862,1982.3,1,2928.35,3.1,1
C106985,73,South,Life,Agent,12,52025,1448.72,0,0.0,3.7,1
C106986,67,West,Health,Branch,9,51941,2340.47,0,0.0,2.9,1
C106987,48,Central,Home,Online,13,44190,887.44,0,0.0,4.3,1
C106988,53,North,Home,Partner,15,45420,1633.22,0,0.0,3.6,1
C106989,39,West,Auto,Partner,1,46829,1507.97,0,0.0,3.8,1
C106990,25,South,Auto,Partner,12,18000,1771.53,0,0.0,3.5,1
C106991,51,East,Life,Branch,0,44699,1663.34,1,1557.21,3.6,1
C106992,65,East,Home,Branch,5,66078,681.55,1,10175.34,3.1,1
C106993,31,South,Health,Agent,12,77078,2049.06,0,0.0,3.2,1
C106994,59,South,Auto,Branch,11,73176,1335.04,0,0.0,3.8,0
C106995,61,Central,Auto,Online,9,53621,1784.08,1,2826.42,4.4,0
C106996,61,South,Auto,Online,10,30600,817.6,0,0.0,3.0,1
C106997,37,Central,Health,Partner,2,42142,566.99,0,0.0,3.1,1
C106998,40,South,Health,Agent,12,38287,1758.84,1,5175.28,4.1,1
C106999,42,Central,Auto,Online,1,26637,1618.47,0,0.0,3.9,1
C107000,67,East,Health,Online,5,35043,1486.47,0,0.0,4.0,0
C107001,70,South,Life,Agent,1,38880,1256.8,0,0.0,4.9,0
C107002,42,West,Life,Branch,8,26894,1076.85,0,0.0,3.6,0
C107003,74,West,Home,Partner,13,68790,1326.01,0,0.0,3.2,0
C107004,51,East,Health,Online,14,62963,1950.54,0,0.0,3.5,1
C107005,40,East,Health,Online,0,51115,2305.14,0,0.0,4.5,1
C107006,18,East,Health,Online,15,58870,1631.12,0,0.0,3.0,0
C107007,53,East,Auto,Branch,3,57506,1153.16,0,0.0,3.1,0
C107008,55,East,Life,Agent,5,38797,1688.8,0,0.0,3.5,1
C107009,74,West,Home,Branch,4,84381,2203.54,0,0.0,2.8,1
C107010,59,South,Health,Agent,7,38165,2649.07,0,0.0,3.3,1
C107011,19,East,Auto,Online,0,21976,1653.47,0,0.0,4.5,1
C107012,50,West,Auto,Online,5,54903,884.93,0,0.0,3.4,1
C107013,61,Central,Life,Online,4,62157,1627.8,0,0.0,2.8,0
C107014,46,South,Auto,Branch,11,46566,1257.53,0,0.0,3.8,1
C107015,42,South,Auto,Agent,13,74404,585.22,0,0.0,2.6,1
C107016,64,North,Health,Partner,0,55251,1584.57,0,0.0,4.4,1
C107017,53,West,Home,Online,6,37229,1253.13,0,0.0,3.6,1
C107018,57,East,Auto,Partner,15,41312,1681.55,0,0.0,3.5,0
C107019,44,South,Auto,Online,14,54675,983.25,0,0.0,3.8,0
C107020,34,South,Home,Agent,8,53449,1704.93,0,0.0,4.2,1
C107021,48,Central,Life,Online,12,73842,2511.01,0,0.0,3.6,1
C107022,73,East,Health,Online,4,67026,2041.48,1,4590.46,2.3,1
C107023,52,West,Home,Online,12,23782,1589.45,0,0.0,3.4,1
C107024,59,North,Auto,Online,0,48963,1327.28,1,11245.77,3.9,1
C107025,25,North,Home,Agent,8,29628,683.27,0,0.0,3.1,1
C107026,75,North,Health,Branch,8,78255,2272.18,0,0.0,3.5,1
C107027,32,South,Life,Branch,2,34477,1979.65,0,0.0,3.7,0
C107028,74,East,Home,Branch,9,55638,1635.29,0,0.0,3.3,1
C107029,43,South,Auto,Branch,15,39439,1068.42,0,0.0,4.0,1
C107030,71,South,Auto,Partner,11,18000,1176.52,0,0.0,3.4,0
C107031,69,North,Home,Online,2,29404,1675.19,0,0.0,4.7,0
C107032,61,South,Auto,Partner,8,47511,530.01,0,0.0,4.3,0
C107033,71,North,Home,Agent,11,62234,1212.39,0,0.0,3.7,1
C107034,53,North,Health,Agent,8,61558,2373.58,0,0.0,4.6,1
C107035,67,North,Auto,Agent,2,28047,350.0,1,1606.81,3.6,0
C107036,27,West,Home,Online,4,57639,978.45,0,0.0,4.0,1
C107037,22,Central,Health,Online,7,69096,1716.41,0,0.0,4.2,0
C107038,49,West,Life,Agent,3,61229,2231.91,0,0.0,3.8,0
C107039,64,North,Auto,Branch,6,45489,1935.22,0,0.0,4.2,0
C107040,62,Central,Auto,Partner,4,52865,1542.95,1,3231.24,3.6,0
C107041,48,Central,Auto,Online,2,54744,1194.72,0,0.0,4.0,1
C107042,48,East,Auto,Online,5,77147,1269.06,0,0.0,4.9,1
C107043,53,North,Home,Agent,0,82624,1550.12,0,0.0,4.5,1
C107044,68,West,Health,Agent,12,63608,1846.7,0,0.0,3.1,1
C107045,66,Central,Auto,Online,0,52962,2170.09,0,0.0,3.8,0
C107046,24,West,Life,Agent,1,51441,1427.79,0,0.0,3.6,1
C107047,52,West,Auto,Branch,4,53307,1882.97,0,0.0,2.7,0
C107048,40,West,Auto,Online,10,55697,953.17,0,0.0,4.9,1
C107049,64,Central,Life,Online,7,42708,2372.49,0,0.0,3.4,1
C107050,47,North,Home,Online,0,87426,938.0,1,4624.52,4.1,1
C107051,75,North,Auto,Agent,5,37745,350.0,0,0.0,2.9,1
C107052,43,Central,Life,Online,0,75320,1684.42,0,0.0,3.7,1
C107053,57,North,Health,Agent,6,18000,1605.42,1,6993.17,3.3,1
C107054,24,South,Auto,Partner,4,47044,1064.41,0,0.0,4.1,1
C107055,72,South,Auto,Online,14,45901,350.0,1,2980.62,3.7,1
C107056,26,South,Life,Online,5,56117,708.69,0,0.0,4.4,0
C107057,39,North,Auto,Online,9,45442,1345.76,0,0.0,4.0,1
C107058,66,East,Home,Partner,3,76948,1836.11,0,0.0,3.4,1
C107059,74,East,Auto,Agent,7,47638,1296.16,0,0.0,3.3,1
C107060,46,East,Auto,Branch,14,33473,1027.85,0,0.0,4.2,1
C107061,46,South,Life,Partner,0,34613,2409.54,0,0.0,3.1,1
C107062,20,Central,Life,Partner,4,43487,1261.37,0,0.0,3.6,1
C107063,74,East,Auto,Partner,5,65038,490.56,1,2814.14,2.9,1
C107064,18,Central,Auto,Online,7,68299,1425.5,0,0.0,4.0,1
C107065,19,South,Home,Agent,6,30359,694.44,1,1716.08,3.8,1
C107066,45,North,Health,Partner,15,37598,1500.19,0,0.0,3.7,0
C107067,18,West,Health,Agent,2,32820,1829.86,0,0.0,2.7,1
C107068,27,Central,Auto,Branch,4,46862,1161.56,0,0.0,4.1,1
C107069,54,North,Life,Partner,7,69316,1889.64,0,0.0,3.5,1
C107070,58,West,Auto,Agent,9,55086,1160.14,0,0.0,4.8,1
C107071,35,West,Auto,Branch,1,61902,849.24,1,4044.21,3.7,1
C107072,64,North,Auto,Agent,11,65444,1751.44,0,0.0,4.3,1
C107073,53,East,Auto,Online,8,41438,1120.22,0,0.0,2.8,1
C107074,31,South,Health,Online,4,28943,2007.38,0,0.0,3.5,1
C107075,59,North,Auto,Agent,6,41427,1761.35,1,3117.47,3.9,1
C107076,52,Central,Health,Partner,0,66785,1901.52,0,0.0,3.7,1
C107077,65,East,Health,Partner,10,62852,2013.31,0,0.0,2.9,1
C107078,26,West,Auto,Online,12,53424,1263.73,0,0.0,3.3,1
C107079,31,West,Life,Branch,15,69080,1719.51,0,0.0,3.8,0
C107080,35,Central,Health,Online,4,54622,2603.96,0,0.0,3.8,1
C107081,37,East,Auto,Agent,4,46027,877.52,1,3560.17,2.3,0
C107082,69,East,Auto,Partner,5,23762,1036.27,0,0.0,4.7,1
C107083,60,South,Health,Partner,2,74884,1813.07,0,0.0,3.7,1
C107084,49,West,Home,Agent,6,50271,1721.43,0,0.0,4.3,1
C107085,49,East,Home,Agent,1,43875,1779.82,0,0.0,4.4,0
C107086,69,West,Home,Agent,0,50152,1222.73,0,0.0,3.3,0
C107087,43,South,Auto,Branch,5,78977,1262.72,1,5291.03,3.6,0
C107088,31,North,Life,Online,13,69868,1592.07,0,0.0,3.7,0
C107089,25,Central,Auto,Online,15,45520,1653.8,1,3412.86,4.1,0
C107090,37,Central,Auto,Branch,13,60456,983.38,0,0.0,4.3,0
C107091,55,South,Health,Online,15,74088,1536.13,0,0.0,3.5,0
C107092,45,West,Auto,Branch,13,58254,1077.36,0,0.0,3.4,1
C107093,42,East,Health,Agent,10,54173,783.49,0,0.0,3.2,1
C107094,45,West,Auto,Online,2,18000,1765.66,0,0.0,4.2,1
C107095,74,South,Home,Online,12,74424,921.23,0,0.0,3.7,1
C107096,75,East,Home,Online,15,33490,1019.37,0,0.0,3.3,1
C107097,27,North,Health,Online,7,18327,1512.0,0,0.0,4.2,1
C107098,24,North,Health,Agent,10,19523,2090.98,0,0.0,3.1,0
C107099,32,West,Auto,Agent,6,36608,951.61,0,0.0,3.3,0
C107100,67,South,Home,Agent,9,60747,1222.98,0,0.0,3.6,1
C107101,44,North,Health,Branch,0,72891,1923.95,0,0.0,3.8,1
C107102,68,North,Health,Branch,11,58150,2350.08,0,0.0,3.9,1
C107103,55,East,Auto,Branch,8,83239,1389.4,0,0.0,4.0,1
C107104,50,West,Auto,Agent,12,44743,1050.94,0,0.0,3.2,1
C107105,34,South,Health,Branch,5,47823,1068.63,0,0.0,4.3,1
C107106,37,West,Home,Online,6,18398,849.6,0,0.0,3.9,1
C107107,26,Central,Life,Online,2,41636,1494.7,0,0.0,4.2,1
C107108,48,South,Life,Online,9,18000,1543.99,0,0.0,3.7,1
C107109,34,Central,Health,Branch,14,27849,1438.53,0,0.0,2.8,1
C107110,34,North,Health,Agent,9,63342,1914.12,0,0.0,4.6,0
C107111,20,East,Home,Partner,14,21633,1650.41,0,0.0,3.1,0
C107112,64,North,Auto,Online,0,23413,1430.79,1,1989.97,3.2,0
C107113,72,North,Health,Agent,11,20359,1077.21,1,4231.86,4.0,1
C107114,46,North,Home,Online,0,65975,1717.75,0,0.0,4.3,1
C107115,49,North,Auto,Branch,6,81500,1070.01,0,0.0,4.1,1
C107116,71,Central,Auto,Agent,7,50655,1421.24,0,0.0,2.5,1
C107117,47,East,Auto,Agent,7,68972,1358.25,0,0.0,3.4,0
C107118,54,Central,Health,Agent,8,31047,2674.59,0,0.0,3.6,1
C107119,42,East,Auto,Online,12,74138,1243.96,0,0.0,3.5,1
C107120,47,West,Auto,Branch,11,39118,1602.39,0,0.0,3.3,1
C107121,48,North,Auto,Branch,0,64016,1439.32,0,0.0,4.3,1
C107122,59,East,Home,Agent,12,51510,1930.7,1,948.35,4.1,0
C107123,53,South,Life,Online,6,18000,1685.21,0,0.0,3.5,1
C107124,47,Central,Life,Branch,9,36067,1272.67,0,0.0,3.8,0
C107125,22,Central,Home,Branch,14,55080,995.06,0,0.0,3.1,1
C107126,70,South,Auto,Partner,4,18706,967.82,0,0.0,4.4,1
C107127,69,West,Auto,Online,9,57338,1124.7,0,0.0,3.5,0
C107128,28,West,Health,Partner,9,26507,1420.48,0,0.0,3.3,1
C107129,35,East,Health,Partner,8,61731,1013.26,1,5587.35,4.4,1
C107130,74,North,Home,Online,4,27509,1457.43,0,0.0,4.1,1
C107131,36,West,Auto,Branch,11,59977,1833.84,0,0.0,2.8,1
C107132,65,West,Life,Online,13,66699,1359.27,0,0.0,3.7,1
C107133,63,South,Auto,Online,15,48975,1407.15,0,0.0,3.8,1
C107134,67,East,Health,Agent,6,50558,2556.64,0,0.0,2.7,1
C107135,18,North,Life,Online,2,78740,1209.19,0,0.0,2.9,0
C107136,46,Central,Health,Online,14,37902,1492.78,0,0.0,3.8,0
C107137,50,North,Home,Branch,9,42384,1165.29,0,0.0,4.3,1
C107138,66,South,Home,Partner,2,63532,1280.53,0,0.0,4.4,0
C107139,31,South,Home,Online,12,59602,1534.16,0,0.0,5.0,1
C107140,35,Central,Home,Online,11,47629,1795.51,0,0.0,4.1,1
C107141,28,West,Health,Online,13,30130,1436.48,0,0.0,3.8,1
C107142,62,North,Health,Online,6,69525,1772.7,0,0.0,4.2,1
C107143,75,North,Home,Partner,7,29712,709.96,0,0.0,4.0,0
C107144,26,West,Health,Agent,2,93008,1871.17,0,0.0,3.2,1
C107145,31,East,Health,Branch,6,30480,1567.36,0,0.0,4.0,1
C107146,35,North,Health,Agent,8,32106,1316.09,0,0.0,3.9,1
C107147,69,Central,Auto,Partner,13,58151,1078.49,0,0.0,4.8,1
C107148,43,North,Health,Agent,3,61884,2410.91,1,440.38,3.2,0
C107149,34,East,Life,Partner,0,34469,1450.69,0,0.0,3.6,1
C107150,36,South,Auto,Agent,4,82464,1239.82,0,0.0,3.0,0
C107151,52,West,Auto,Partner,3,57935,1522.7,0,0.0,2.8,1
C107152,40,West,Auto,Agent,7,47538,1083.49,0,0.0,3.6,1
C107153,26,South,Health,Partner,11,58948,1747.29,0,0.0,4.6,1
C107154,65,West,Auto,Online,5,73792,1598.03,0,0.0,3.7,1
C107155,42,Central,Home,Branch,5,80966,819.3,0,0.0,3.7,1
C107156,32,Central,Auto,Agent,6,55472,1095.83,0,0.0,4.2,1
C107157,60,East,Auto,Agent,15,29067,921.74,0,0.0,4.3,1
C107158,61,East,Auto,Agent,6,29347,1199.3,0,0.0,3.5,0
C107159,26,Central,Auto,Online,11,26531,1348.3,0,0.0,4.1,0
C107160,22,North,Home,Partner,0,40435,1535.05,1,4392.3,3.3,0
C107161,20,North,Life,Agent,1,52680,1772.67,1,4817.67,2.8,1
C107162,62,South,Home,Online,5,55851,819.08,0,0.0,3.2,1
C107163,54,Central,Life,Branch,8,72280,2467.78,0,0.0,4.2,1
C107164,63,North,Auto,Branch,6,18000,1792.1,0,0.0,4.3,1
C107165,54,South,Life,Online,4,51806,1351.47,0,0.0,3.0,1
C107166,41,West,Health,Online,9,60295,1692.4,0,0.0,4.2,0
C107167,52,North,Home,Agent,4,18000,1814.84,0,0.0,4.4,1
C107168,59,South,Health,Branch,7,60164,2205.78,0,0.0,4.3,1
C107169,41,East,Auto,Online,1,101141,1074.92,0,0.0,3.5,1
C107170,71,South,Auto,Online,2,65921,1888.49,0,0.0,4.0,1
C107171,70,Central,Auto,Branch,14,57542,1184.34,0,0.0,3.9,0
C107172,64,North,Health,Online,9,47075,1905.34,0,0.0,3.5,1
C107173,75,Central,Health,Partner,4,56190,1391.68,0,0.0,4.4,1
C107174,40,East,Life,Branch,0,79668,2454.96,0,0.0,4.0,1
C107175,24,North,Auto,Partner,12,45759,1494.63,0,0.0,5.0,0
C107176,46,North,Health,Agent,5,73484,1828.12,0,0.0,3.3,1
C107177,61,East,Health,Online,7,60354,2344.06,0,0.0,4.0,1
C107178,63,South,Auto,Agent,9,81279,1320.35,1,2811.09,4.1,0
C107179,40,South,Auto,Online,1,71603,1315.18,0,0.0,2.7,0
C107180,34,Central,Health,Online,9,55412,2013.27,0,0.0,4.1,0
C107181,43,East,Health,Agent,15,54251,1900.81,0,0.0,2.7,1
C107182,64,Central,Auto,Agent,2,46361,1291.85,1,9782.22,2.5,0
C107183,21,North,Auto,Online,14,69585,1125.83,0,0.0,3.7,1
C107184,37,North,Auto,Online,5,41376,1438.27,0,0.0,4.4,1
C107185,31,East,Home,Online,0,54047,1588.99,0,0.0,3.6,1
C107186,64,South,Home,Branch,7,48518,1191.78,0,0.0,3.3,1
C107187,45,North,Auto,Online,3,27858,1579.76,0,0.0,4.0,1
C107188,23,North,Home,Branch,6,55967,692.28,0,0.0,4.1,0
C107189,33,North,Life,Branch,2,24544,1656.11,0,0.0,4.0,1
C107190,20,West,Auto,Branch,10,43932,785.85,0,0.0,2.9,1
C107191,45,South,Auto,Partner,5,64009,1569.76,1,2073.72,3.7,0
C107192,75,Central,Auto,Partner,11,55040,998.68,0,0.0,4.4,1
C107193,50,North,Auto,Online,3,54753,1486.4,1,1254.61,3.6,1
C107194,68,South,Home,Online,0,36435,498.59,1,1181.71,3.9,1
C107195,61,South,Home,Branch,5,70880,1579.69,0,0.0,4.5,0
C107196,69,East,Health,Branch,11,36049,2438.95,0,0.0,3.2,1
C107197,36,Central,Auto,Online,15,64714,872.56,0,0.0,3.9,0
C107198,73,Central,Home,Partner,14,75379,1069.8,0,0.0,3.2,0
C107199,31,North,Auto,Partner,0,24450,1023.28,0,0.0,3.5,0
C107200,43,East,Auto,Partner,14,44683,1018.72,0,0.0,3.2,1
C107201,57,Central,Auto,Online,6,43029,697.68,0,0.0,4.0,0
C107202,34,North,Life,Agent,0,56912,2269.53,0,0.0,4.6,1
C107203,33,East,Home,Agent,3,35018,915.96,0,0.0,3.5,0
C107204,25,South,Health,Agent,14,31023,2426.29,0,0.0,3.9,1
C107205,18,East,Home,Online,9,51035,1271.86,0,0.0,4.8,1
C107206,47,East,Auto,Online,2,41900,1082.09,0,0.0,3.4,1
C107207,75,South,Health,Partner,12,49373,1797.58,0,0.0,3.6,0
C107208,30,Central,Home,Agent,5,68069,1731.95,0,0.0,3.8,1
C107209,43,East,Life,Agent,1,22887,604.64,0,0.0,3.5,1
C107210,72,Central,Health,Online,6,49952,1264.75,0,0.0,4.7,1
C107211,62,West,Auto,Partner,12,41363,1148.46,1,315.44,3.0,1
C107212,18,South,Life,Partner,4,52426,1141.03,0,0.0,3.6,0
C107213,47,East,Health,Branch,2,41434,2058.46,0,0.0,4.3,1
C107214,26,South,Auto,Online,4,30757,1312.3,0,0.0,3.9,1
C107215,32,Central,Auto,Online,12,59075,1387.75,0,0.0,3.5,0
C107216,32,North,Auto,Agent,2,101886,1407.93,0,0.0,3.4,1
C107217,53,Central,Health,Branch,7,50189,2766.92,0,0.0,4.0,1
C107218,29,East,Health,Partner,10,38930,2108.21,0,0.0,2.9,0
C107219,32,West,Auto,Online,1,38875,958.36,0,0.0,4.6,1
C107220,31,East,Auto,Online,9,68825,1780.35,0,0.0,4.0,1
C107221,38,East,Health,Agent,12,36215,1865.53,1,571.83,3.8,1
C107222,56,West,Health,Agent,9,75393,1528.42,1,5538.09,3.4,1
C107223,41,West,Auto,Branch,2,22538,940.8,0,0.0,3.6,1
C107224,36,South,Auto,Agent,8,55462,1946.47,1,4074.72,3.7,1
C107225,48,East,Life,Partner,14,63940,2016.96,0,0.0,4.0,0
C107226,53,South,Life,Online,3,65724,1653.79,0,0.0,4.8,1
C107227,18,West,Auto,Agent,2,64461,1064.37,0,0.0,4.0,0
C107228,69,East,Home,Agent,9,56788,1719.22,0,0.0,4.0,1
C107229,71,North,Life,Branch,6,72765,1908.83,0,0.0,3.7,1
C107230,52,West,Auto,Branch,10,34163,1296.67,0,0.0,4.2,1
C107231,51,East,Life,Partner,9,40406,1639.75,1,1815.42,3.3,1
C107232,58,East,Health,Agent,0,44745,1355.21,0,0.0,4.0,0
C107233,43,West,Health,Online,11,78703,2030.79,0,0.0,4.0,0
C107234,39,West,Health,Branch,15,60392,1424.38,0,0.0,3.2,1
C107235,38,West,Auto,Partner,2,64275,632.61,0,0.0,4.1,1
C107236,27,South,Home,Online,9,48776,1325.49,0,0.0,3.5,1
C107237,66,North,Home,Online,5,66703,1905.08,0,0.0,5.0,1
C107238,36,West,Auto,Online,10,24064,764.05,0,0.0,4.2,0
C107239,34,South,Health,Branch,9,44640,1080.11,0,0.0,4.1,1
C107240,73,North,Life,Agent,9,48087,1814.6,0,0.0,2.9,1
C107241,47,North,Life,Online,2,43462,644.89,0,0.0,4.9,1
C107242,54,South,Health,Online,11,46217,2046.48,0,0.0,3.3,0
C107243,32,Central,Auto,Branch,10,61843,990.55,0,0.0,2.6,0
C107244,34,North,Auto,Agent,10,56290,1438.09,0,0.0,3.9,1
C107245,60,South,Auto,Online,3,73486,1205.38,0,0.0,2.8,1
C107246,44,Central,Home,Agent,12,18000,2329.43,0,0.0,3.9,1
C107247,26,Central,Home,Online,3,78788,1741.7,1,1915.56,3.4,1
C107248,66,South,Life,Online,2,40305,2082.69,0,0.0,2.9,1
C107249,41,Central,Auto,Online,5,75688,1253.37,0,0.0,3.7,1
C107250,56,North,Life,Online,2,44484,1429.62,0,0.0,4.0,1
C107251,37,West,Life,Online,5,58651,1570.26,0,0.0,4.6,0
C107252,50,North,Home,Online,3,32617,1821.53,0,0.0,3.4,1
C107253,62,East,Life,Online,1,30110,2077.19,0,0.0,4.5,1
C107254,69,South,Health,Branch,15,62460,1504.85,0,0.0,4.3,1
C107255,30,West,Auto,Branch,10,18000,1593.44,1,4661.03,3.3,0
C107256,57,North,Auto,Online,5,30127,1486.02,0,0.0,3.5,1
C107257,71,East,Auto,Branch,6,65800,978.44,0,0.0,3.2,1
C107258,55,West,Auto,Online,5,44541,916.28,0,0.0,4.0,1
C107259,26,North,Home,Partner,11,36120,1161.2,0,0.0,3.5,0
C107260,29,Central,Auto,Online,3,79410,828.54,0,0.0,3.7,0
C107261,29,South,Auto,Online,1,85739,1010.11,0,0.0,4.1,1
C107262,24,North,Auto,Agent,7,52008,2001.15,0,0.0,4.3,0
C107263,61,South,Home,Online,3,74927,1892.86,0,0.0,3.9,0
C107264,73,South,Life,Online,14,79307,1577.94,0,0.0,3.5,1
C107265,47,South,Health,Online,5,51706,1639.79,0,0.0,3.4,1
C107266,52,East,Home,Branch,10,42780,1330.48,0,0.0,3.1,1
C107267,62,West,Life,Online,6,53597,2171.26,0,0.0,4.6,1
C107268,42,East,Home,Online,3,25819,1607.45,0,0.0,3.8,1
C107269,45,East,Home,Partner,5,62223,1592.08,0,0.0,4.3,0
C107270,52,West,Health,Online,13,46070,2809.95,0,0.0,4.7,1
C107271,35,South,Life,Online,1,53017,1495.28,0,0.0,3.2,1
C107272,21,West,Auto,Agent,15,52756,699.3,0,0.0,4.8,1
C107273,50,Central,Home,Online,0,36745,2137.03,0,0.0,4.4,0
C107274,65,South,Health,Branch,11,51355,1986.04,0,0.0,4.2,1
C107275,22,West,Auto,Online,11,27531,1220.68,0,0.0,4.4,1
C107276,30,Central,Home,Online,9,43317,1368.42,0,0.0,4.5,1
C107277,33,East,Home,Branch,1,31960,1289.82,0,0.0,3.8,0
C107278,64,Central,Life,Branch,10,36221,1506.43,0,0.0,3.2,1
C107279,47,South,Life,Branch,1,18000,1376.91,0,0.0,3.8,0
C107280,48,East,Home,Online,11,44273,1890.34,0,0.0,3.1,1
C107281,55,South,Health,Agent,12,60740,1028.35,1,1365.01,3.0,1
C107282,34,North,Life,Partner,13,55200,2800.89,0,0.0,3.2,1
C107283,59,Central,Auto,Agent,6,71510,867.87,0,0.0,3.5,0
C107284,19,South,Auto,Partner,10,34851,1111.41,0,0.0,3.5,1
C107285,24,Central,Health,Branch,2,43383,1992.43,0,0.0,2.6,0
C107286,65,West,Health,Branch,8,68509,2188.04,0,0.0,3.4,0
C107287,56,Central,Home,Online,11,50441,1675.73,0,0.0,3.9,1
C107288,28,Central,Home,Partner,2,55330,1549.4,0,0.0,2.9,1
C107289,43,East,Auto,Partner,13,90055,993.83,0,0.0,3.4,1
C107290,21,Central,Home,Branch,5,47424,1322.07,0,0.0,4.0,1
C107291,56,West,Health,Partner,14,43285,2204.41,1,473.64,2.5,0
C107292,61,East,Life,Branch,1,34126,1478.53,0,0.0,3.4,0
C107293,34,West,Auto,Agent,3,46794,1563.4,0,0.0,3.7,0
C107294,38,South,Health,Agent,11,70392,1822.8,1,12371.69,4.1,1
C107295,31,North,Home,Branch,3,62324,1054.8,0,0.0,4.6,1
C107296,40,South,Health,Branch,15,77786,2164.82,0,0.0,4.1,0
C107297,33,East,Auto,Agent,15,58495,1277.03,0,0.0,4.7,1
C107298,32,South,Auto,Agent,1,18000,1416.65,0,0.0,4.8,1
C107299,42,East,Auto,Partner,13,63324,1449.51,1,9236.57,3.8,1
C107300,67,West,Health,Online,7,53877,2278.32,0,0.0,3.6,0
C107301,62,West,Health,Branch,13,52031,1631.36,0,0.0,3.7,1
C107302,35,Central,Health,Agent,11,73928,1992.69,0,0.0,3.8,1
C107303,72,Central,Home,Branch,5,47061,993.72,0,0.0,4.1,0
C107304,30,Central,Auto,Online,0,62434,1567.93,0,0.0,2.9,1
C107305,70,West,Auto,Agent,5,32619,1943.5,0,0.0,3.6,1
C107306,35,South,Home,Online,7,24671,1428.49,0,0.0,4.1,0
C107307,49,Central,Home,Branch,8,41222,1339.3,0,0.0,4.0,1
C107308,29,North,Home,Branch,12,46354,2138.84,0,0.0,3.8,0
C107309,62,North,Home,Agent,13,61865,1425.86,0,0.0,3.1,1
C107310,36,South,Life,Agent,4,32246,1904.54,0,0.0,3.7,1
C107311,68,East,Life,Agent,3,79125,1014.17,0,0.0,3.2,1
C107312,22,West,Home,Agent,10,34619,1061.64,0,0.0,3.2,1
C107313,47,North,Auto,Partner,11,50414,1084.46,0,0.0,4.8,1
C107314,27,West,Auto,Branch,9,52209,983.78,0,0.0,2.8,1
C107315,69,North,Health,Online,9,57387,2058.62,0,0.0,4.0,1
C107316,42,South,Health,Agent,11,60114,2108.19,0,0.0,4.2,1
C107317,57,South,Auto,Branch,6,92717,1484.03,0,0.0,4.3,1
C107318,69,South,Auto,Agent,3,41153,1701.6,0,0.0,3.8,0
C107319,49,West,Life,Agent,12,57629,1714.07,0,0.0,3.7,0
C107320,21,North,Auto,Partner,2,50496,1421.51,1,3192.24,4.1,1
C107321,30,South,Home,Partner,0,69692,1689.74,0,0.0,3.7,1
C107322,30,North,Life,Online,0,60080,1369.87,0,0.0,4.5,1
C107323,71,West,Home,Agent,6,55956,688.05,0,0.0,4.5,1
C107324,70,Central,Auto,Agent,7,25111,1119.39,0,0.0,3.7,1
C107325,45,West,Life,Partner,8,43844,1486.39,0,0.0,4.5,1
C107326,69,East,Home,Online,2,34422,1853.93,0,0.0,3.1,0
C107327,32,Central,Auto,Online,6,43951,761.78,1,4141.6,4.1,0
C107328,57,South,Health,Agent,10,37134,2236.32,1,1873.33,2.5,1
C107329,40,North,Auto,Agent,4,42673,1382.23,0,0.0,4.3,1
C107330,31,East,Home,Online,8,44602,1478.34,0,0.0,5.0,1
C107331,32,South,Life,Partner,4,44916,1530.02,0,0.0,3.8,0
C107332,42,East,Health,Online,13,46704,1988.16,1,3960.75,3.8,0
C107333,37,East,Life,Online,7,35295,1176.29,1,1973.13,4.6,1
C107334,30,South,Health,Online,12,52667,1452.55,0,0.0,3.9,1
C107335,37,East,Life,Online,5,35766,2012.03,0,0.0,2.6,1
C107336,25,South,Home,Online,5,41221,1271.35,0,0.0,4.1,1
C107337,74,North,Auto,Agent,12,51097,1420.29,0,0.0,3.3,0
C107338,40,Central,Life,Online,4,18000,935.83,0,0.0,3.8,0
C107339,24,West,Life,Agent,11,96848,1412.23,1,1612.95,2.9,1
C107340,51,North,Auto,Agent,1,61446,1411.85,1,3517.12,4.3,0
C107341,69,North,Home,Agent,13,57757,1892.03,0,0.0,4.1,1
C107342,38,North,Auto,Partner,12,42607,1307.8,1,3235.08,3.3,1
C107343,67,North,Auto,Partner,9,53691,1171.69,0,0.0,4.1,1
C107344,53,North,Auto,Agent,7,30222,1305.74,0,0.0,3.7,0
C107345,60,North,Health,Agent,5,60824,2789.89,0,0.0,4.6,1
C107346,35,Central,Auto,Branch,5,21692,1685.46,1,422.02,3.8,1
C107347,20,Central,Auto,Agent,4,29160,782.33,1,7580.3,4.2,0
C107348,38,West,Life,Branch,11,39221,1653.47,0,0.0,3.5,1
C107349,71,West,Health,Agent,3,79178,956.59,0,0.0,3.8,0
C107350,63,West,Home,Online,4,32166,1183.92,0,0.0,4.4,0
C107351,63,West,Auto,Agent,6,58006,1391.79,0,0.0,3.9,1
C107352,68,Central,Auto,Partner,7,18000,1345.0,0,0.0,2.5,1
C107353,39,West,Home,Agent,4,52447,1073.82,0,0.0,3.6,1
C107354,36,West,Auto,Branch,6,83233,1376.65,0,0.0,3.2,1
C107355,71,Central,Health,Branch,12,61005,802.96,0,0.0,4.5,1
C107356,51,East,Life,Agent,4,18000,1800.42,0,0.0,4.1,1
C107357,35,South,Auto,Online,2,52783,1453.8,0,0.0,4.4,1
C107358,34,North,Health,Agent,12,43648,2361.25,0,0.0,3.3,1
C107359,68,East,Health,Online,4,74075,1308.25,0,0.0,3.4,0
C107360,21,North,Auto,Agent,11,50197,656.88,0,0.0,3.1,1
C107361,21,North,Home,Online,15,26078,1582.72,0,0.0,3.8,1
C107362,60,North,Health,Partner,8,49546,1917.96,0,0.0,3.7,1
C107363,18,South,Auto,Branch,8,39469,1235.66,0,0.0,4.3,0
C107364,27,Central,Health,Online,11,18000,914.7,0,0.0,3.8,1
C107365,75,South,Health,Branch,2,48864,2249.57,0,0.0,3.2,1
C107366,42,South,Home,Branch,1,52080,968.57,0,0.0,4.2,0
C107367,60,East,Life,Branch,2,58864,2340.31,0,0.0,3.2,0
C107368,46,South,Home,Online,6,70315,578.48,0,0.0,4.6,1
C107369,23,West,Health,Agent,13,46947,2208.64,0,0.0,5.0,1
C107370,28,West,Life,Agent,9,24977,2423.59,0,0.0,3.5,1
C107371,62,North,Home,Agent,13,36940,1322.26,0,0.0,2.4,1
C107372,23,East,Auto,Agent,6,51665,1274.99,0,0.0,3.9,1
C107373,52,North,Auto,Online,12,73874,1439.73,0,0.0,4.2,1
C107374,38,West,Auto,Partner,11,52071,1272.61,0,0.0,3.8,1
C107375,39,Central,Auto,Partner,1,49620,1397.56,0,0.0,4.2,0
C107376,73,Central,Health,Online,8,47745,1977.81,0,0.0,3.9,1
C107377,53,South,Auto,Agent,10,51853,1020.36,0,0.0,3.2,0
C107378,53,West,Life,Online,6,86388,2293.48,0,0.0,3.4,0
C107379,38,West,Health,Partner,12,50481,2980.49,0,0.0,3.5,1
C107380,40,Central,Auto,Online,6,47255,893.62,0,0.0,3.8,1
C107381,57,South,Life,Branch,11,52689,1432.9,0,0.0,3.5,1
C107382,20,East,Health,Branch,11,39826,1651.7,0,0.0,3.7,1
C107383,31,South,Auto,Online,3,23897,1751.41,0,0.0,3.2,0
C107384,52,North,Auto,Branch,1,20680,780.16,0,0.0,4.7,1
C107385,54,West,Home,Agent,14,38918,2001.73,0,0.0,3.5,1
C107386,23,East,Health,Agent,13,73262,1642.08,0,0.0,3.2,0
C107387,63,South,Health,Partner,15,73008,946.24,0,0.0,3.9,0
C107388,49,Central,Life,Agent,0,31912,834.97,0,0.0,3.4,1
C107389,31,East,Home,Online,11,49153,1233.71,0,0.0,3.7,1
C107390,61,Central,Life,Agent,2,54368,2393.26,0,0.0,3.8,1
C107391,75,West,Home,Branch,7,38951,501.29,1,2421.92,3.6,0
C107392,42,Central,Home,Agent,12,75556,1493.18,0,0.0,3.1,1
C107393,34,West,Auto,Agent,4,65717,911.58,0,0.0,4.1,1
C107394,35,North,Health,Branch,5,58495,1818.99,0,0.0,3.7,1
C107395,52,North,Health,Online,7,53233,651.88,0,0.0,3.6,1
C107396,20,Central,Health,Agent,7,23866,1643.07,0,0.0,4.6,1
C107397,46,North,Health,Online,0,76425,1493.73,0,0.0,4.1,1
C107398,19,South,Health,Agent,5,62449,1386.19,0,0.0,3.2,1
C107399,20,West,Health,Branch,13,59367,2120.25,0,0.0,3.5,1
C107400,42,South,Health,Online,1,38717,1356.25,0,0.0,3.6,1
C107401,61,South,Health,Online,5,40278,1062.1,0,0.0,4.4,1
C107402,69,East,Life,Branch,9,60902,1389.87,0,0.0,3.4,1
C107403,23,South,Health,Online,6,71840,2309.49,0,0.0,3.6,1
C107404,32,West,Home,Online,11,83047,852.61,0,0.0,3.3,0
C107405,42,North,Health,Agent,4,38763,1351.06,1,1434.09,3.9,1
C107406,51,East,Health,Agent,3,49140,1623.87,0,0.0,3.6,1
C107407,75,North,Home,Online,14,18000,1750.21,0,0.0,3.4,0
C107408,57,West,Life,Branch,12,18000,1788.0,0,0.0,2.7,1
C107409,49,North,Home,Online,4,61439,1889.89,0,0.0,3.7,1
C107410,21,South,Life,Branch,1,36641,1507.22,0,0.0,3.3,1
C107411,22,Central,Health,Branch,7,18000,935.16,0,0.0,3.6,1
C107412,26,South,Life,Online,12,31067,1340.02,0,0.0,4.6,1
C107413,56,West,Life,Branch,9,58171,1341.6,0,0.0,4.6,0
C107414,37,South,Home,Branch,11,58910,1126.15,0,0.0,3.3,1
C107415,31,South,Home,Partner,8,22529,1139.49,0,0.0,3.2,0
C107416,56,South,Home,Branch,14,74256,1626.84,0,0.0,3.8,0
C107417,65,Central,Health,Agent,1,39477,1428.87,0,0.0,4.0,1
C107418,43,South,Health,Agent,13,56948,1861.36,0,0.0,4.2,1
C107419,69,South,Health,Branch,15,52677,1126.09,0,0.0,4.7,1
C107420,60,East,Home,Branch,13,51792,1865.33,0,0.0,3.8,1
C107421,59,South,Auto,Agent,4,35135,742.13,0,0.0,3.6,1
C107422,68,West,Home,Branch,15,51562,1320.16,0,0.0,3.5,1
C107423,28,Central,Health,Online,15,56849,1063.89,0,0.0,3.4,1
C107424,61,East,Auto,Partner,13,48412,1349.1,0,0.0,4.0,0
C107425,73,East,Auto,Online,5,53817,505.79,0,0.0,5.0,0
C107426,75,South,Auto,Online,12,71833,1415.38,0,0.0,4.0,1
C107427,51,Central,Home,Online,13,43517,1237.12,0,0.0,5.0,1
C107428,61,East,Health,Partner,3,63760,1686.49,0,0.0,4.4,1
C107429,69,North,Auto,Branch,4,48213,1376.77,0,0.0,2.5,1
C107430,67,Central,Auto,Agent,12,77642,1424.5,0,0.0,4.1,1
C107431,70,Central,Health,Partner,12,26692,1620.03,0,0.0,2.7,0
C107432,66,East,Auto,Online,10,75468,1476.24,0,0.0,4.3,1
C107433,40,South,Auto,Online,8,42430,771.91,0,0.0,3.6,1
C107434,60,West,Home,Online,15,90012,1672.21,0,0.0,4.0,1
C107435,41,Central,Home,Agent,5,59835,2142.78,0,0.0,3.3,1
C107436,64,East,Life,Agent,11,67304,1240.71,0,0.0,4.1,0
C107437,64,South,Auto,Online,15,49103,813.92,0,0.0,5.0,0
C107438,72,South,Auto,Online,4,64253,1449.72,1,6537.17,5.0,1
C107439,52,South,Auto,Agent,1,64246,1325.17,0,0.0,3.2,1
C107440,45,North,Health,Online,2,49437,2679.07,0,0.0,3.8,1
C107441,27,West,Auto,Agent,10,65757,1395.95,0,0.0,4.3,1
C107442,55,North,Auto,Agent,4,18000,1443.47,1,3352.88,3.5,1
C107443,50,South,Health,Online,11,40405,1039.26,1,1193.78,3.4,0
C107444,47,Central,Auto,Online,7,52385,500.94,0,0.0,4.5,1
C107445,57,East,Health,Agent,13,61034,843.8,0,0.0,3.6,1
C107446,67,South,Home,Branch,10,69496,1070.12,0,0.0,4.0,1
C107447,26,Central,Home,Agent,9,47451,2521.13,0,0.0,4.2,0
C107448,43,North,Health,Agent,3,44972,838.08,0,0.0,3.8,1
C107449,59,Central,Auto,Partner,5,67687,1602.28,0,0.0,3.4,1
C107450,65,North,Health,Branch,3,72728,2365.49,0,0.0,3.7,0
C107451,63,East,Auto,Online,0,65318,1621.81,0,0.0,4.2,0
C107452,64,West,Auto,Partner,4,49245,1453.15,0,0.0,3.6,1
C107453,67,South,Health,Agent,15,97874,2016.0,0,0.0,4.0,1
C107454,73,East,Auto,Agent,12,53428,1348.3,0,0.0,4.1,0
C107455,53,South,Auto,Branch,3,55896,1126.42,0,0.0,4.2,1
C107456,32,East,Home,Agent,5,81393,1638.05,0,0.0,3.7,0
C107457,50,North,Home,Partner,11,79505,1087.21,0,0.0,3.4,0
C107458,59,West,Auto,Online,1,64735,1004.13,0,0.0,4.1,1
C107459,23,East,Health,Agent,11,35770,2593.23,1,3019.37,3.4,0
C107460,61,East,Life,Online,8,54028,2649.4,0,0.0,3.3,1
C107461,49,North,Auto,Branch,11,61314,1268.64,0,0.0,3.0,1
C107462,72,East,Home,Online,0,87137,879.18,1,1676.95,3.8,1
C107463,30,East,Auto,Agent,14,105096,1619.7,0,0.0,3.0,1
C107464,70,South,Life,Partner,10,41218,1731.36,0,0.0,4.5,1
C107465,43,West,Auto,Online,2,67348,1089.23,0,0.0,3.5,1
C107466,51,North,Auto,Online,13,37330,885.16,0,0.0,3.0,1
C107467,56,South,Life,Agent,0,49752,1605.46,0,0.0,4.6,1
C107468,51,West,Home,Agent,2,36385,1973.02,0,0.0,3.6,1
C107469,70,North,Auto,Online,12,82046,979.74,0,0.0,4.0,1
C107470,27,South,Home,Online,13,56281,1670.02,0,0.0,3.4,1
C107471,60,West,Life,Online,1,57282,529.25,0,0.0,4.5,1
C107472,74,West,Health,Online,10,52887,2376.35,0,0.0,3.8,1
C107473,30,North,Auto,Branch,12,58773,1248.0,0,0.0,2.7,1
C107474,32,North,Auto,Online,1,59388,991.05,0,0.0,3.7,1
C107475,45,East,Life,Agent,1,39666,1310.34,0,0.0,4.0,0
C107476,60,East,Auto,Online,3,21619,1528.51,0,0.0,3.4,1
C107477,73,East,Auto,Partner,3,28106,805.32,0,0.0,2.9,0
C107478,64,West,Auto,Branch,3,23007,1033.2,0,0.0,3.6,1
C107479,64,West,Auto,Agent,12,55508,1021.98,0,0.0,4.9,1
C107480,43,Central,Health,Branch,3,37303,2204.78,0,0.0,4.5,1
C107481,55,South,Health,Online,8,69642,2193.59,0,0.0,4.6,1
C107482,30,North,Auto,Online,5,56332,1050.64,0,0.0,4.5,1
C107483,44,South,Auto,Agent,5,18962,1725.74,0,0.0,3.7,1
C107484,28,North,Auto,Agent,14,44611,1820.58,0,0.0,3.5,1
C107485,19,South,Auto,Agent,5,18000,1386.36,0,0.0,3.9,1
C107486,67,Central,Auto,Agent,3,31404,1300.29,0,0.0,4.1,1
C107487,64,South,Home,Branch,3,43175,1262.99,0,0.0,3.0,1
C107488,47,North,Auto,Partner,14,34983,1243.56,0,0.0,3.7,0
C107489,18,East,Auto,Partner,13,85928,828.28,0,0.0,4.5,0
C107490,23,Central,Health,Agent,8,65478,1276.32,0,0.0,4.2,0
C107491,24,North,Home,Agent,8,46099,1100.76,0,0.0,4.3,0
C107492,59,West,Home,Agent,8,77684,476.85,0,0.0,2.4,1
C107493,29,Central,Life,Agent,9,34460,1820.1,0,0.0,3.9,0
C107494,32,East,Auto,Branch,10,46021,1497.21,0,0.0,3.8,1
C107495,67,West,Auto,Online,0,67370,1160.23,0,0.0,3.2,0
C107496,68,East,Auto,Partner,12,31919,974.42,0,0.0,4.0,1
C107497,62,South,Auto,Online,12,64331,518.72,0,0.0,4.6,1
C107498,35,East,Life,Online,15,57270,1777.9,0,0.0,3.8,0
C107499,51,North,Health,Online,6,62585,2816.28,0,0.0,4.2,1
C107500,29,West,Home,Branch,0,84353,1215.98,0,0.0,3.5,1
C107501,67,Central,Life,Online,5,60200,1902.91,0,0.0,4.1,1
C107502,22,South,Life,Agent,6,54269,1438.2,0,0.0,2.7,1
C107503,61,East,Health,Agent,9,25048,1852.1,0,0.0,3.3,1
C107504,47,South,Life,Branch,2,55785,2367.64,0,0.0,3.3,1
C107505,61,North,Health,Agent,1,43361,2368.04,0,0.0,3.6,1
C107506,44,West,Auto,Partner,2,49784,1082.33,0,0.0,3.1,1
C107507,27,North,Health,Online,10,43478,2194.03,0,0.0,4.3,0
C107508,61,West,Life,Agent,2,60847,1733.03,0,0.0,4.4,1
C107509,54,South,Home,Online,10,34169,2038.87,0,0.0,4.2,1
C107510,44,Central,Health,Agent,11,55817,1886.99,0,0.0,4.0,1
C107511,39,South,Life,Branch,9,33252,1247.41,0,0.0,3.9,1
C107512,37,South,Health,Online,0,19623,971.1,0,0.0,4.5,1
C107513,45,West,Home,Partner,1,45849,1448.86,0,0.0,3.0,1
C107514,33,East,Auto,Online,13,60350,865.2,1,7263.47,2.5,0
C107515,34,South,Auto,Branch,9,38014,2190.21,1,160.55,2.8,1
C107516,34,Central,Auto,Branch,12,54459,1215.53,0,0.0,3.4,0
C107517,18,South,Life,Partner,15,45466,2091.91,0,0.0,3.9,1
C107518,71,North,Life,Agent,6,33362,2339.3,0,0.0,4.2,1
C107519,31,East,Auto,Branch,14,62031,1448.67,0,0.0,3.7,1
C107520,27,East,Auto,Online,6,40276,1490.2,0,0.0,3.5,1
C107521,26,West,Auto,Agent,14,58743,1551.03,0,0.0,3.7,1
C107522,75,Central,Home,Branch,10,25717,1450.69,0,0.0,4.3,1
C107523,45,East,Health,Online,3,54463,2368.12,0,0.0,3.7,0
C107524,36,South,Health,Branch,0,63229,1336.28,1,3049.86,3.2,0
C107525,41,South,Auto,Online,14,58332,1233.24,1,4282.45,4.2,0
C107526,23,North,Auto,Agent,6,68066,884.58,0,0.0,4.9,1
C107527,36,West,Life,Agent,13,63619,2450.81,0,0.0,3.9,1
C107528,32,North,Health,Online,2,57386,2163.01,0,0.0,3.4,0
C107529,64,West,Auto,Agent,7,67228,1691.78,0,0.0,3.3,1
C107530,21,East,Auto,Partner,2,45272,1414.76,0,0.0,4.6,0
C107531,42,West,Auto,Online,1,61383,1217.39,0,0.0,4.3,1
C107532,63,North,Auto,Online,8,52392,1157.71,0,0.0,4.2,0
C107533,66,South,Auto,Online,7,85311,841.55,0,0.0,4.2,1
C107534,47,Central,Home,Agent,3,56923,1369.94,1,3053.03,3.2,1
C107535,30,East,Auto,Branch,5,28862,1304.19,0,0.0,4.2,1
C107536,37,East,Health,Partner,6,56555,1938.26,1,2096.67,4.1,0
C107537,30,West,Health,Agent,3,34878,1739.08,0,0.0,3.8,1
C107538,56,Central,Auto,Online,11,65113,1174.23,0,0.0,3.7,1
C107539,34,South,Health,Online,4,65437,1611.0,0,0.0,3.7,1
C107540,54,Central,Life,Online,9,41037,720.23,0,0.0,3.9,1
C107541,56,North,Auto,Agent,11,33319,917.69,0,0.0,4.3,0
C107542,72,Central,Home,Partner,5,54390,1005.07,0,0.0,4.3,1
C107543,39,North,Auto,Online,1,35729,1255.72,0,0.0,4.0,1
C107544,73,South,Auto,Branch,0,36908,1508.19,0,0.0,3.9,1
C107545,41,North,Auto,Agent,9,42891,1661.47,0,0.0,3.8,0
C107546,57,Central,Home,Partner,0,63238,2144.39,0,0.0,2.3,1
C107547,56,Central,Health,Partner,1,25289,2676.78,0,0.0,3.3,0
C107548,65,South,Home,Partner,7,38419,1627.09,0,0.0,3.7,1
C107549,45,South,Auto,Agent,4,95177,1125.32,0,0.0,3.8,1
C107550,63,South,Health,Agent,6,87168,2173.28,0,0.0,2.7,1
C107551,38,North,Auto,Online,11,73776,2261.27,0,0.0,4.6,0
C107552,46,West,Auto,Online,12,52788,794.16,0,0.0,3.4,1
C107553,46,North,Health,Agent,6,65536,2160.32,0,0.0,4.1,1
C107554,58,Central,Auto,Partner,1,45075,1376.07,0,0.0,3.5,1
C107555,53,Central,Health,Agent,3,18000,2655.73,0,0.0,3.9,1
C107556,22,North,Health,Agent,13,41736,2168.45,0,0.0,2.9,0
C107557,64,East,Home,Online,0,43468,786.57,0,0.0,3.5,0
C107558,61,Central,Home,Branch,3,52508,1610.41,0,0.0,4.4,0
C107559,24,Central,Auto,Online,15,60694,1173.81,0,0.0,3.6,1
C107560,73,West,Auto,Online,5,81717,1467.34,0,0.0,3.1,0
C107561,56,North,Health,Online,0,52572,1706.37,0,0.0,4.0,1
C107562,22,North,Auto,Partner,13,33937,814.4,0,0.0,3.7,1
C107563,46,West,Auto,Agent,11,48473,2059.97,1,2629.9,3.2,1
C107564,66,South,Auto,Partner,13,63594,1908.41,0,0.0,4.2,1
C107565,34,West,Health,Agent,10,49980,2225.98,0,0.0,3.4,1
C107566,72,West,Health,Branch,8,37537,2927.75,0,0.0,3.3,1
C107567,42,East,Auto,Branch,11,61442,1108.65,0,0.0,4.1,0
C107568,31,North,Auto,Partner,1,31430,916.3,0,0.0,3.4,1
C107569,38,South,Auto,Online,1,36186,1453.7,0,0.0,3.4,1
C107570,48,Central,Auto,Online,9,59490,1472.24,0,0.0,5.0,1
C107571,57,South,Home,Online,7,37866,1651.39,0,0.0,4.4,1
C107572,71,North,Auto,Agent,12,45654,1380.9,0,0.0,4.7,1
C107573,29,Central,Auto,Online,14,52286,1203.15,0,0.0,3.9,1
C107574,73,West,Life,Branch,4,51245,2058.89,0,0.0,3.3,1
C107575,48,East,Health,Agent,5,34582,1827.65,0,0.0,3.1,0
C107576,25,Central,Auto,Partner,2,57920,414.6,0,0.0,3.6,1
C107577,71,East,Home,Branch,12,35484,1041.01,0,0.0,2.7,1
C107578,38,Central,Home,Branch,7,81712,1765.83,0,0.0,2.6,1
C107579,53,Central,Life,Branch,5,44775,1116.72,0,0.0,3.5,1
C107580,58,South,Life,Online,11,62942,1704.44,0,0.0,3.8,1
C107581,18,South,Home,Online,7,65197,1052.33,0,0.0,3.8,0
C107582,30,South,Auto,Agent,8,45612,1069.32,1,2925.89,3.9,1
C107583,57,West,Health,Partner,13,34593,1717.38,0,0.0,3.4,0
C107584,36,West,Auto,Online,3,65134,730.31,0,0.0,4.2,0
C107585,18,East,Health,Agent,10,26393,2150.01,0,0.0,3.8,1
C107586,19,Central,Life,Branch,13,29144,930.11,0,0.0,3.6,0
C107587,65,East,Auto,Online,14,62926,1340.96,0,0.0,3.3,1
C107588,26,West,Life,Partner,13,48386,2423.59,1,10137.1,4.7,1
C107589,23,West,Health,Partner,3,39276,1944.98,0,0.0,4.6,1
C107590,50,East,Auto,Online,10,43024,1635.82,0,0.0,3.8,1
C107591,24,North,Life,Agent,9,37681,1471.84,1,868.94,4.2,0
C107592,55,West,Health,Online,1,91261,2562.44,1,1267.45,3.9,1
C107593,49,West,Health,Agent,8,70331,2397.28,0,0.0,4.3,1
C107594,55,North,Health,Partner,3,37162,2083.53,0,0.0,3.4,0
C107595,46,West,Auto,Online,8,46372,1593.84,0,0.0,4.7,0
C107596,63,East,Auto,Partner,9,62743,702.03,0,0.0,3.0,1
C107597,55,South,Home,Partner,11,34436,2231.83,0,0.0,2.7,1
C107598,42,Central,Life,Branch,12,41943,1254.3,0,0.0,3.6,1
C107599,18,South,Home,Agent,9,46634,1151.47,0,0.0,3.4,0
C107600,33,West,Life,Online,7,36135,955.04,0,0.0,4.3,0
C107601,25,West,Life,Agent,15,71735,2420.29,0,0.0,2.8,1
C107602,18,North,Auto,Online,4,39142,497.42,0,0.0,3.9,1
C107603,33,East,Home,Online,4,49904,1064.87,0,0.0,3.5,0
C107604,29,South,Home,Online,14,54100,878.32,0,0.0,4.8,1
C107605,22,South,Auto,Branch,15,80551,1237.87,1,3788.44,2.7,1
C107606,36,West,Health,Online,6,50447,1563.39,0,0.0,4.7,0
C107607,47,North,Home,Online,13,90465,1838.24,0,0.0,4.6,1
C107608,28,Central,Life,Branch,14,45472,1897.81,0,0.0,3.7,1
C107609,33,South,Life,Online,13,48026,1932.34,0,0.0,4.2,1
C107610,19,South,Health,Online,8,68865,2251.4,0,0.0,4.4,1
C107611,20,Central,Home,Online,12,86561,1629.13,1,1366.61,3.6,0
C107612,27,East,Health,Online,9,47239,1667.06,0,0.0,4.4,1
C107613,44,West,Life,Online,0,74251,1211.46,0,0.0,3.6,1
C107614,56,West,Home,Online,1,67254,1517.49,0,0.0,4.4,1
C107615,63,Central,Life,Agent,15,38306,422.49,0,0.0,3.5,0
C107616,54,North,Life,Online,4,51674,1767.2,0,0.0,3.7,1
C107617,53,North,Auto,Online,2,51268,1398.38,0,0.0,4.3,1
C107618,72,Central,Life,Branch,15,33433,1695.22,0,0.0,3.1,1
C107619,32,North,Home,Branch,5,54955,2030.45,0,0.0,4.5,1
C107620,64,West,Auto,Agent,11,53440,1604.52,0,0.0,3.6,1
C107621,72,West,Auto,Partner,12,58745,841.94,0,0.0,4.1,1
C107622,50,East,Home,Branch,7,53257,636.4,0,0.0,3.8,0
C107623,66,West,Auto,Agent,10,39989,1370.76,0,0.0,4.1,1
C107624,25,Central,Auto,Agent,8,96031,2075.15,0,0.0,3.5,1
C107625,68,North,Health,Online,7,55905,2343.81,0,0.0,4.2,0
C107626,50,West,Auto,Agent,1,75398,829.64,0,0.0,3.5,1
C107627,30,West,Health,Agent,1,59885,1877.49,0,0.0,5.0,1
C107628,21,South,Home,Partner,12,79126,964.16,0,0.0,3.4,0
C107629,59,Central,Auto,Partner,13,38032,1393.47,0,0.0,4.3,0
C107630,42,East,Health,Online,1,50400,1627.0,0,0.0,3.3,1
C107631,35,North,Auto,Partner,4,43935,1370.91,0,0.0,3.1,0
C107632,40,Central,Life,Branch,6,41705,1127.04,1,1298.09,3.9,0
C107633,75,Central,Health,Branch,0,56815,3147.62,0,0.0,1.9,1
C107634,42,North,Home,Partner,6,47568,2449.67,0,0.0,3.1,0
C107635,22,West,Home,Online,15,26311,1981.1,0,0.0,3.4,1
C107636,34,South,Life,Agent,9,46551,1482.97,0,0.0,4.1,1
C107637,26,North,Health,Partner,14,45052,1088.54,1,3643.33,3.3,1
C107638,57,South,Health,Online,6,67853,1157.78,0,0.0,3.0,1
C107639,64,Central,Auto,Branch,12,25955,740.54,1,4060.56,3.4,1
C107640,66,North,Health,Branch,15,42768,1786.01,0,0.0,3.7,0
C107641,54,North,Health,Partner,8,38493,2114.88,1,4046.17,3.7,1
C107642,62,West,Health,Online,12,65409,2002.04,0,0.0,2.9,1
C107643,42,East,Auto,Branch,3,42182,1446.07,0,0.0,3.7,1
C107644,54,North,Health,Online,15,70829,3357.81,0,0.0,4.0,1
C107645,24,South,Health,Partner,15,51153,2091.19,0,0.0,3.9,0
C107646,49,West,Health,Agent,8,60816,1657.14,0,0.0,4.1,1
C107647,50,West,Home,Agent,1,71903,1690.15,0,0.0,3.9,1
C107648,19,West,Health,Partner,4,30362,2296.7,0,0.0,4.2,1
C107649,49,North,Health,Agent,4,47551,1776.53,0,0.0,4.3,0
C107650,59,East,Health,Agent,15,59580,2424.15,0,0.0,3.1,1
C107651,39,West,Home,Agent,0,55562,520.16,0,0.0,3.8,1
C107652,49,South,Home,Agent,1,28654,1587.44,0,0.0,4.0,0
C107653,34,North,Auto,Branch,13,64537,1623.14,0,0.0,3.5,1
C107654,33,South,Auto,Branch,14,52859,1465.31,0,0.0,3.5,1
C107655,25,South,Home,Online,4,54308,2310.97,0,0.0,5.0,1
C107656,37,North,Home,Agent,1,48016,1589.68,0,0.0,3.6,0
C107657,64,Central,Auto,Agent,15,18000,1582.08,0,0.0,4.4,0
C107658,72,East,Health,Online,12,61818,2373.22,0,0.0,4.6,1
C107659,54,West,Auto,Branch,11,62584,1713.25,0,0.0,4.5,0
C107660,54,North,Home,Agent,12,44414,1638.37,0,0.0,4.5,0
C107661,53,West,Auto,Online,15,25279,1063.07,0,0.0,4.0,1
C107662,45,East,Home,Agent,10,42363,1397.7,0,0.0,3.8,1
C107663,42,Central,Home,Online,1,69910,842.33,0,0.0,3.8,1
C107664,54,East,Life,Branch,12,44659,2229.17,0,0.0,3.9,1
C107665,63,West,Life,Online,1,52405,1583.64,1,1948.4,3.6,1
C107666,41,South,Health,Online,1,45996,1340.07,0,0.0,3.8,0
C107667,50,East,Home,Online,7,57677,1580.35,0,0.0,3.2,1
C107668,45,Central,Home,Agent,5,28297,1622.22,0,0.0,4.2,1
C107669,34,West,Life,Branch,9,48359,1226.76,0,0.0,3.4,0
C107670,34,West,Health,Agent,5,71733,2053.5,0,0.0,3.9,1
C107671,22,Central,Auto,Online,13,35493,1513.03,0,0.0,3.7,0
C107672,43,Central,Life,Agent,15,47053,1148.04,0,0.0,3.2,1
C107673,59,South,Auto,Agent,15,70953,984.1,1,4505.62,3.1,0
C107674,57,South,Life,Branch,7,65441,1008.78,0,0.0,4.4,1
C107675,75,East,Auto,Online,8,60143,1509.54,0,0.0,3.1,0
C107676,20,Central,Health,Branch,0,58999,2190.37,0,0.0,3.6,1
C107677,62,East,Life,Agent,14,58714,1748.78,0,0.0,4.1,1
C107678,64,South,Home,Agent,4,47852,1477.65,0,0.0,3.5,1
C107679,43,East,Health,Agent,3,71838,1361.65,0,0.0,3.4,0
C107680,34,North,Auto,Online,13,43566,1340.32,0,0.0,3.7,1
C107681,38,North,Auto,Online,15,34103,1675.04,0,0.0,3.6,0
C107682,57,North,Auto,Branch,14,27090,899.54,0,0.0,3.0,1
C107683,68,North,Health,Agent,0,40901,618.01,0,0.0,3.6,1
C107684,55,West,Health,Agent,14,40671,2231.11,0,0.0,2.7,1
C107685,47,South,Auto,Agent,6,39195,1049.56,0,0.0,3.7,1
C107686,55,North,Health,Online,2,30839,2392.72,0,0.0,4.3,1
C107687,22,East,Life,Agent,2,58732,1468.98,0,0.0,3.7,1
C107688,53,South,Life,Agent,11,34963,1292.61,0,0.0,4.0,1
C107689,20,South,Health,Online,12,61872,1684.03,0,0.0,3.9,1
C107690,73,South,Life,Partner,6,64978,1984.47,0,0.0,3.6,1
C107691,69,North,Health,Online,9,98314,1196.48,0,0.0,3.8,1
C107692,47,West,Auto,Branch,11,43817,1699.17,0,0.0,4.4,1
C107693,39,North,Health,Online,6,49126,1972.2,0,0.0,4.3,1
C107694,60,South,Life,Partner,13,38566,1510.64,0,0.0,4.1,1
C107695,54,South,Auto,Branch,4,30912,1077.49,0,0.0,4.4,0
C107696,58,South,Auto,Online,4,44436,954.06,0,0.0,4.4,0
C107697,47,North,Life,Agent,7,38032,2519.55,0,0.0,3.5,0
C107698,31,South,Home,Partner,8,30687,1118.36,0,0.0,3.4,1
C107699,22,South,Home,Agent,5,56260,350.0,0,0.0,4.1,0
C107700,34,North,Home,Online,5,32704,946.02,0,0.0,4.1,1
C107701,48,Central,Home,Branch,4,62186,969.71,0,0.0,4.3,1
C107702,42,South,Auto,Agent,7,67405,1332.28,0,0.0,3.8,1
C107703,47,North,Home,Online,11,36435,1012.17,0,0.0,4.2,1
C107704,34,East,Auto,Branch,4,77173,1857.79,0,0.0,4.4,1
C107705,72,North,Auto,Partner,10,59221,861.96,0,0.0,3.1,0
C107706,39,West,Life,Online,5,50688,1410.52,1,268.42,3.5,1
C107707,67,North,Auto,Agent,3,19985,1209.02,0,0.0,4.3,1
C107708,40,East,Auto,Online,4,21163,554.38,1,4717.12,3.6,0
C107709,43,Central,Auto,Partner,13,80308,978.13,0,0.0,3.9,1
C107710,53,North,Life,Partner,4,75753,1893.13,0,0.0,3.4,1
C107711,33,South,Life,Partner,10,80793,1829.18,1,1918.41,3.8,1
C107712,30,West,Auto,Online,9,85431,1180.93,0,0.0,3.9,0
C107713,39,Central,Health,Online,11,76745,2881.43,0,0.0,3.7,1
C107714,64,South,Home,Agent,9,56291,1093.42,1,1151.65,3.9,0
C107715,26,West,Home,Online,15,62077,2019.3,0,0.0,3.6,1
C107716,43,North,Auto,Online,14,39682,1452.56,0,0.0,4.2,1
C107717,56,West,Auto,Online,5,56295,455.72,0,0.0,4.2,1
C107718,58,South,Health,Branch,6,65421,1229.65,0,0.0,3.9,1
C107719,43,West,Auto,Branch,5,65767,499.37,0,0.0,4.3,1
C107720,22,North,Home,Branch,10,49742,1669.74,0,0.0,5.0,1
C107721,18,East,Auto,Online,7,18000,1431.97,0,0.0,3.3,0
C107722,45,South,Home,Branch,15,24762,1527.88,0,0.0,3.4,1
C107723,64,West,Home,Agent,11,60568,1189.24,0,0.0,3.6,1
C107724,19,West,Home,Online,7,42903,2115.69,0,0.0,3.6,1
C107725,69,Central,Home,Agent,5,63974,1798.45,0,0.0,3.1,1
C107726,57,Central,Auto,Branch,12,30090,1733.71,0,0.0,3.3,0
C107727,18,East,Auto,Online,13,76509,1540.95,1,3076.35,4.5,1
C107728,37,West,Health,Branch,15,35123,1563.06,0,0.0,3.3,1
C107729,30,North,Home,Agent,8,78577,1449.2,0,0.0,4.2,0
C107730,73,Central,Life,Agent,12,24073,1549.97,0,0.0,3.5,1
C107731,50,West,Health,Partner,14,62860,1116.76,0,0.0,3.9,0
C107732,36,East,Home,Branch,1,35234,1256.13,0,0.0,3.5,1
C107733,34,East,Auto,Agent,2,51840,1825.25,0,0.0,3.4,0
C107734,50,West,Auto,Online,3,71374,1160.49,0,0.0,3.7,1
C107735,18,Central,Auto,Agent,3,68232,1378.09,0,0.0,4.4,0
C107736,32,Central,Life,Branch,4,37184,1238.2,0,0.0,3.6,0
C107737,27,East,Health,Partner,0,40974,2106.93,0,0.0,3.7,1
C107738,53,South,Health,Branch,10,23690,1967.74,0,0.0,3.9,1
C107739,56,Central,Home,Branch,9,19744,1356.66,0,0.0,4.6,0
C107740,45,West,Auto,Branch,10,36991,603.24,0,0.0,3.6,1
C107741,26,East,Auto,Branch,12,36615,1068.62,0,0.0,3.5,0
C107742,39,East,Auto,Online,2,24887,1587.87,1,4021.87,3.3,0
C107743,66,West,Auto,Agent,5,48305,1005.64,0,0.0,4.0,1
C107744,29,West,Health,Agent,7,51417,1738.67,0,0.0,3.2,1
C107745,27,East,Auto,Agent,4,51761,929.26,0,0.0,3.1,0
C107746,24,Central,Home,Agent,6,37618,1039.48,0,0.0,3.5,1
C107747,65,Central,Home,Partner,7,41577,1376.77,0,0.0,3.9,1
C107748,24,East,Life,Partner,11,46297,1214.91,0,0.0,3.2,0
C107749,51,North,Auto,Branch,3,66707,1388.24,0,0.0,4.3,1
C107750,75,East,Health,Branch,4,39818,1564.4,0,0.0,4.1,1
C107751,55,West,Auto,Branch,4,21783,1983.22,1,1245.84,3.6,1
C107752,41,East,Auto,Branch,3,46219,792.25,1,2590.08,4.0,1
C107753,29,Central,Health,Online,13,44148,1939.61,1,1645.42,3.7,1
C107754,18,North,Health,Partner,9,22929,1488.58,0,0.0,4.7,1
C107755,27,South,Home,Online,12,44813,933.48,0,0.0,3.4,1
C107756,73,Central,Home,Branch,1,36072,883.34,0,0.0,2.7,1
C107757,26,Central,Auto,Online,11,50598,1815.51,0,0.0,3.2,1
C107758,19,East,Life,Agent,10,59556,2094.78,0,0.0,3.9,0
C107759,65,South,Auto,Online,12,42342,866.75,0,0.0,4.4,1
C107760,42,East,Life,Branch,7,61199,2147.55,0,0.0,4.3,1
C107761,38,East,Health,Partner,11,46490,1510.99,0,0.0,4.8,1
C107762,59,East,Auto,Online,8,47239,1681.51,0,0.0,3.6,0
C107763,48,South,Health,Online,12,46435,1719.47,0,0.0,4.1,1
C107764,71,South,Auto,Partner,12,48509,1137.84,1,4532.69,2.3,1
C107765,45,West,Home,Online,13,27223,1595.63,0,0.0,3.4,1
C107766,59,West,Auto,Branch,2,19077,1229.6,0,0.0,4.2,1
C107767,68,West,Home,Branch,11,72123,2089.18,0,0.0,3.6,1
C107768,44,South,Auto,Branch,3,55808,1200.4,1,1899.15,3.5,1
C107769,34,South,Life,Online,7,42233,815.3,0,0.0,3.6,1
C107770,74,South,Auto,Branch,14,71139,1407.81,1,1174.66,3.2,0
C107771,31,Central,Home,Partner,2,103559,1472.41,0,0.0,3.5,1
C107772,20,South,Home,Agent,11,24999,1181.33,0,0.0,4.6,0
C107773,51,West,Auto,Branch,4,51299,1023.87,0,0.0,4.5,0
C107774,75,East,Auto,Online,4,64008,1217.56,0,0.0,3.5,0
C107775,23,Central,Health,Partner,0,22657,2531.44,0,0.0,4.3,1
C107776,67,South,Home,Online,11,24521,1242.4,0,0.0,4.7,0
C107777,66,East,Home,Online,13,69150,1281.68,0,0.0,3.7,1
C107778,71,Central,Auto,Online,7,51024,1694.52,0,0.0,3.1,1
C107779,42,North,Life,Partner,3,39514,2239.91,0,0.0,4.4,1
C107780,32,East,Life,Agent,9,22468,1822.02,0,0.0,3.1,1
C107781,47,South,Home,Online,15,57873,1165.53,0,0.0,3.1,0
C107782,26,Central,Auto,Online,12,26773,1609.27,0,0.0,4.2,1
C107783,66,West,Auto,Partner,12,33659,1468.7,0,0.0,3.5,1
C107784,56,North,Life,Online,0,34797,2071.35,0,0.0,4.6,1
C107785,46,Central,Home,Agent,14,45900,1684.78,0,0.0,3.1,1
C107786,47,West,Health,Agent,9,32180,2438.2,0,0.0,3.5,1
C107787,59,East,Life,Branch,10,34902,1603.08,0,0.0,3.7,0
C107788,48,South,Auto,Branch,5,69010,1036.97,0,0.0,4.4,1
C107789,66,North,Home,Branch,14,55022,1430.03,0,0.0,3.4,1
C107790,71,West,Home,Online,8,52277,1042.84,0,0.0,3.8,0
C107791,73,East,Life,Agent,3,59852,1008.17,0,0.0,2.0,0
C107792,53,Central,Home,Online,5,32938,1090.36,0,0.0,3.9,1
C107793,61,South,Health,Agent,3,58542,1918.98,1,3219.63,2.2,1
C107794,36,West,Auto,Agent,15,59683,1573.3,1,2008.91,4.2,0
C107795,20,South,Life,Agent,12,33574,613.39,0,0.0,3.9,1
C107796,41,West,Home,Partner,9,62741,1771.18,0,0.0,4.7,1
C107797,68,North,Auto,Partner,12,56242,1651.68,1,2854.13,3.2,1
C107798,25,South,Life,Online,13,56722,1091.54,0,0.0,4.0,1
C107799,49,North,Auto,Branch,5,81992,1239.88,0,0.0,3.1,0
C107800,29,West,Health,Branch,4,54202,1156.67,0,0.0,3.6,1
C107801,42,South,Life,Partner,14,35379,1410.98,0,0.0,3.9,1
C107802,26,West,Home,Online,5,54345,828.29,0,0.0,3.8,0
C107803,60,North,Life,Agent,0,52239,951.93,0,0.0,4.1,1
C107804,64,East,Life,Agent,12,32043,2497.26,0,0.0,3.2,0
C107805,61,East,Health,Agent,3,18000,1535.1,0,0.0,4.8,0
C107806,58,North,Auto,Agent,3,50827,1399.56,0,0.0,3.9,0
C107807,31,North,Life,Online,11,68976,1859.6,0,0.0,3.2,1
C107808,48,South,Health,Online,15,69146,1614.17,0,0.0,3.9,1
C107809,24,West,Health,Branch,1,57085,2241.33,0,0.0,3.4,1
C107810,39,Central,Health,Online,10,80261,1360.07,0,0.0,4.2,1
C107811,47,North,Auto,Online,5,55141,359.53,0,0.0,3.0,1
C107812,56,West,Auto,Agent,14,48450,1062.08,1,258.4,3.5,0
C107813,23,West,Health,Agent,14,55673,1779.25,0,0.0,4.8,0
C107814,65,West,Home,Branch,1,38805,1841.59,0,0.0,3.9,1
C107815,44,East,Health,Partner,0,29189,1636.98,0,0.0,2.7,1
C107816,69,Central,Auto,Agent,6,34383,1414.54,0,0.0,3.9,0
C107817,48,East,Health,Online,1,43371,845.3,0,0.0,3.7,0
C107818,49,Central,Home,Online,5,67591,1795.47,0,0.0,4.4,1
C107819,58,South,Auto,Agent,2,25953,1122.51,0,0.0,3.9,1
C107820,65,Central,Health,Agent,15,34467,2247.31,0,0.0,4.0,1
C107821,27,Central,Home,Partner,11,66495,1794.01,0,0.0,3.5,1
C107822,47,Central,Health,Agent,2,45577,2287.76,0,0.0,2.7,1
C107823,19,South,Health,Agent,9,48412,2537.38,0,0.0,3.9,1
C107824,45,Central,Life,Partner,11,45254,2203.79,0,0.0,3.2,0
C107825,65,North,Auto,Branch,12,86787,1202.56,0,0.0,4.2,0
C107826,68,West,Auto,Branch,10,62085,1042.67,0,0.0,3.2,1
C107827,34,South,Auto,Agent,9,56535,943.52,0,0.0,5.0,1
C107828,40,West,Home,Online,13,55554,1970.28,0,0.0,3.3,1
C107829,49,East,Life,Agent,4,59371,1679.04,0,0.0,3.8,1
C107830,40,North,Home,Online,15,85268,1060.2,0,0.0,2.8,1
C107831,28,South,Life,Agent,3,45269,1015.09,0,0.0,4.8,1
C107832,35,North,Home,Partner,12,55037,1102.05,0,0.0,3.3,1
C107833,41,East,Auto,Agent,15,52524,918.03,0,0.0,3.9,0
C107834,48,Central,Auto,Online,4,68261,1376.54,0,0.0,4.1,1
C107835,71,West,Home,Online,10,82688,1314.76,0,0.0,4.4,0
C107836,49,West,Home,Partner,13,41411,1301.72,0,0.0,4.1,1
C107837,40,Central,Health,Online,4,60156,1033.66,0,0.0,3.8,1
C107838,56,South,Health,Agent,8,55172,2808.17,0,0.0,4.3,1
C107839,62,East,Health,Branch,12,26931,1826.11,1,1963.2,3.6,0
C107840,42,East,Auto,Online,10,69463,1694.13,0,0.0,3.0,1
C107841,46,North,Health,Branch,12,80141,2815.33,0,0.0,3.3,0
C107842,30,East,Home,Online,4,66755,1782.23,0,0.0,4.4,1
C107843,68,West,Home,Branch,8,40622,1098.12,0,0.0,4.2,0
C107844,68,West,Auto,Online,13,27579,1136.73,0,0.0,3.0,1
C107845,28,West,Life,Online,3,63540,1304.67,0,0.0,3.6,1
C107846,38,North,Auto,Online,7,32570,1495.44,1,4806.05,3.1,1
C107847,33,West,Auto,Partner,8,34364,1407.06,1,1292.98,3.5,0
C107848,71,South,Home,Agent,12,55768,1153.27,0,0.0,3.6,1
C107849,21,Central,Life,Branch,12,65245,1961.32,0,0.0,3.8,1
C107850,30,South,Life,Agent,6,45949,1539.32,0,0.0,4.3,0
C107851,36,East,Auto,Branch,15,48280,1195.81,0,0.0,3.8,0
C107852,50,East,Auto,Agent,9,49986,1518.81,0,0.0,3.5,1
C107853,32,South,Home,Agent,9,35511,1444.51,0,0.0,4.2,1
C107854,49,South,Home,Branch,1,45158,1465.48,1,2545.9,3.6,0
C107855,61,North,Health,Online,3,22885,1744.8,1,3778.81,3.2,1
C107856,66,East,Auto,Partner,1,65238,593.83,0,0.0,3.2,1
C107857,23,Central,Health,Partner,0,102189,1757.12,0,0.0,3.6,1
C107858,26,South,Auto,Online,15,53081,900.22,0,0.0,3.5,0
C107859,23,East,Auto,Partner,4,73439,1244.09,0,0.0,3.1,1
C107860,70,Central,Home,Online,11,47290,1038.7,1,4435.61,4.1,1
C107861,55,East,Auto,Branch,8,27764,1232.65,0,0.0,4.6,1
C107862,48,Central,Home,Branch,2,92521,1700.95,0,0.0,4.7,0
C107863,63,East,Health,Online,13,36778,1343.27,0,0.0,3.9,1
C107864,51,East,Health,Online,9,69047,2049.32,0,0.0,4.2,0
C107865,31,North,Health,Branch,12,55889,1607.82,0,0.0,3.4,0
C107866,47,North,Life,Agent,12,73369,1827.59,0,0.0,3.7,1
C107867,58,West,Health,Agent,13,50793,2733.92,0,0.0,3.3,1
C107868,20,Central,Life,Branch,9,31051,1736.98,0,0.0,4.3,1
C107869,53,North,Health,Online,2,40035,1932.35,0,0.0,3.7,1
C107870,46,Central,Health,Online,7,94340,1873.09,0,0.0,4.4,1
C107871,22,South,Life,Partner,11,57754,1435.75,0,0.0,4.2,1
C107872,33,East,Auto,Branch,13,91193,1639.5,0,0.0,3.9,0
C107873,44,Central,Auto,Branch,8,45384,1384.02,0,0.0,4.0,1
C107874,37,Central,Life,Online,0,64849,1646.91,0,0.0,3.3,0
C107875,34,East,Health,Partner,15,28890,1672.94,1,1222.68,3.0,1
C107876,55,South,Auto,Online,10,52536,944.3,0,0.0,2.9,1
C107877,41,North,Life,Online,8,92016,767.15,0,0.0,3.5,1
C107878,46,South,Auto,Online,7,37891,1792.92,0,0.0,3.5,0
C107879,64,West,Health,Branch,6,39573,2308.39,0,0.0,4.2,1
C107880,23,South,Home,Online,10,66897,1407.0,0,0.0,4.4,1
C107881,38,West,Home,Online,10,54063,1217.23,0,0.0,3.9,1
C107882,22,South,Health,Agent,4,86130,964.44,0,0.0,3.9,0
C107883,71,East,Auto,Agent,6,47663,832.64,0,0.0,3.2,1
C107884,28,South,Life,Online,2,53238,1624.11,1,6038.01,3.4,1
C107885,65,East,Home,Branch,5,57703,1193.4,0,0.0,2.9,1
C107886,29,East,Auto,Agent,15,32636,2205.72,0,0.0,3.6,1
C107887,36,Central,Auto,Agent,4,28625,742.66,0,0.0,3.6,1
C107888,53,Central,Health,Online,13,26984,2137.91,0,0.0,3.2,1
C107889,66,West,Auto,Partner,7,18000,1054.32,0,0.0,4.1,1
C107890,28,North,Home,Branch,14,50469,1760.65,0,0.0,3.4,0
C107891,30,Central,Life,Online,9,28587,1308.55,0,0.0,2.8,1
C107892,69,Central,Auto,Agent,12,42298,1087.71,0,0.0,3.3,1
C107893,36,Central,Life,Online,6,70361,1624.0,0,0.0,4.3,1
C107894,30,East,Home,Agent,1,34974,2062.24,0,0.0,2.8,1
C107895,61,North,Home,Branch,5,64417,1223.51,0,0.0,3.8,1
C107896,23,West,Life,Online,10,23556,1843.17,0,0.0,3.4,0
C107897,68,South,Auto,Partner,3,39670,1158.33,0,0.0,3.3,0
C107898,68,South,Life,Agent,6,83339,1898.7,0,0.0,3.3,1
C107899,67,South,Auto,Online,0,44299,1555.96,0,0.0,3.5,0
C107900,35,East,Health,Online,5,75181,1948.55,0,0.0,3.6,1
C107901,24,South,Health,Online,1,94397,1821.46,0,0.0,4.3,1
C107902,42,West,Auto,Branch,3,44461,1362.94,0,0.0,4.1,1
C107903,37,West,Home,Agent,6,40017,949.19,0,0.0,4.2,1
C107904,73,East,Health,Branch,2,18000,1631.13,0,0.0,3.7,1
C107905,54,North,Health,Online,1,57252,2185.63,0,0.0,3.8,1
C107906,72,Central,Health,Online,2,58827,1712.51,0,0.0,3.9,0
C107907,61,East,Auto,Agent,10,65873,1224.08,0,0.0,4.0,0
C107908,59,East,Auto,Agent,1,77044,1223.71,0,0.0,3.7,1
C107909,24,East,Auto,Online,0,33534,1572.69,0,0.0,3.8,1
C107910,21,South,Life,Online,11,85680,1677.91,0,0.0,4.5,1
C107911,20,West,Home,Partner,7,46928,1701.78,0,0.0,3.8,1
C107912,52,North,Health,Branch,14,58546,2365.1,0,0.0,3.9,0
C107913,29,Central,Home,Online,6,50787,1665.44,0,0.0,4.5,1
C107914,75,North,Home,Branch,6,38116,1287.56,0,0.0,4.8,1
C107915,25,Central,Auto,Agent,0,30421,1565.3,0,0.0,3.3,1
C107916,72,West,Auto,Branch,1,55785,1498.08,0,0.0,3.6,0
C107917,56,North,Health,Partner,13,34645,1572.5,1,1063.91,4.0,0
C107918,24,East,Auto,Online,3,48033,1265.41,1,2208.99,3.8,1
C107919,21,South,Life,Partner,1,44581,1840.45,0,0.0,3.5,1
C107920,40,Central,Auto,Online,11,45479,980.13,0,0.0,5.0,1
C107921,37,West,Health,Online,15,19612,1626.93,0,0.0,4.4,0
C107922,36,East,Health,Agent,5,18000,1791.85,0,0.0,3.5,1
C107923,48,East,Home,Branch,6,67103,1183.89,0,0.0,3.3,1
C107924,25,Central,Life,Online,10,72259,1766.17,1,1875.1,3.8,1
C107925,25,West,Health,Online,1,18000,2164.04,0,0.0,4.1,1
C107926,58,East,Auto,Online,3,59527,1459.64,0,0.0,3.7,1
C107927,75,South,Home,Online,13,55910,1702.0,1,7753.29,3.7,1
C107928,33,South,Auto,Online,12,28167,849.84,1,433.89,3.9,1
C107929,72,West,Auto,Online,2,68161,1380.46,0,0.0,3.8,0
C107930,38,East,Home,Partner,10,72487,1428.35,0,0.0,3.8,1
C107931,37,Central,Auto,Branch,15,71069,1167.12,1,950.95,3.0,0
C107932,23,East,Auto,Partner,3,83407,1232.18,0,0.0,4.4,0
C107933,42,East,Health,Online,3,70002,1598.57,0,0.0,3.3,0
C107934,46,East,Health,Online,14,37034,2414.26,0,0.0,4.7,1
C107935,56,West,Life,Agent,15,52313,1400.18,0,0.0,4.5,0
C107936,27,East,Auto,Agent,8,58938,1197.02,0,0.0,3.6,0
C107937,28,Central,Health,Agent,7,79341,1504.03,0,0.0,4.6,1
C107938,43,South,Home,Online,3,47480,1216.26,0,0.0,4.0,1
C107939,22,West,Home,Branch,0,40618,1260.03,0,0.0,3.4,1
C107940,26,Central,Auto,Agent,9,22229,1448.37,0,0.0,4.1,1
C107941,54,West,Health,Agent,2,67716,2074.36,0,0.0,3.4,0
C107942,73,South,Health,Agent,6,55765,2216.17,0,0.0,3.6,1
C107943,51,West,Auto,Online,15,36402,1118.38,0,0.0,3.7,1
C107944,26,South,Auto,Online,14,65870,1200.97,0,0.0,4.2,1
C107945,75,North,Home,Partner,7,45877,1794.83,0,0.0,3.9,0
C107946,48,West,Auto,Agent,4,28155,1600.39,0,0.0,4.3,1
C107947,59,Central,Auto,Online,15,75955,1911.88,0,0.0,4.8,0
C107948,29,North,Health,Online,14,18000,1693.85,0,0.0,4.2,1
C107949,51,Central,Auto,Online,9,54588,1647.59,0,0.0,4.5,1
C107950,22,East,Auto,Partner,11,50005,1221.82,1,3016.66,3.6,1
C107951,54,Central,Health,Branch,7,22502,2900.06,0,0.0,3.5,1
C107952,29,West,Life,Agent,10,57857,1669.56,0,0.0,3.8,1
C107953,70,Central,Home,Partner,8,39518,2110.67,1,8584.34,3.7,1
C107954,21,Central,Auto,Agent,2,82304,1066.33,0,0.0,4.5,0
C107955,55,Central,Auto,Partner,1,70072,1212.56,0,0.0,3.3,0
C107956,26,West,Life,Agent,1,55981,1420.2,0,0.0,3.6,1
C107957,57,South,Home,Branch,12,18000,1074.27,0,0.0,3.9,0
C107958,46,South,Home,Partner,13,41998,1417.33,0,0.0,4.2,1
C107959,74,West,Auto,Agent,8,40610,1479.88,0,0.0,3.7,1
C107960,55,North,Auto,Online,9,73787,835.33,0,0.0,3.7,1
C107961,39,Central,Auto,Online,14,55203,1730.16,1,1201.28,3.2,0
C107962,23,South,Life,Online,15,57704,1810.55,0,0.0,3.6,1
C107963,52,Central,Life,Online,11,70313,1377.97,0,0.0,5.0,0
C107964,43,East,Auto,Agent,8,81352,902.69,0,0.0,3.7,1
C107965,21,Central,Home,Agent,7,78259,1313.54,0,0.0,4.6,1
C107966,51,Central,Life,Online,9,61832,1464.93,0,0.0,4.1,1
C107967,30,East,Life,Partner,11,47107,1632.34,0,0.0,3.5,1
C107968,31,West,Health,Online,15,59829,2612.12,1,1299.97,4.5,1
C107969,18,South,Auto,Online,10,51406,1747.32,0,0.0,4.5,1
C107970,39,Central,Life,Online,11,66148,2753.92,0,0.0,3.9,1
C107971,30,Central,Auto,Partner,0,41780,350.0,0,0.0,3.1,1
C107972,22,South,Auto,Agent,5,68262,974.87,0,0.0,4.0,1
C107973,43,North,Auto,Online,4,52837,751.12,0,0.0,4.5,1
C107974,30,East,Health,Online,13,58949,1456.72,0,0.0,4.5,1
C107975,25,North,Auto,Agent,4,30467,1470.57,1,1866.81,3.6,1
C107976,45,Central,Health,Partner,4,47075,1768.64,0,0.0,4.2,0
C107977,21,South,Life,Agent,10,60037,1297.23,0,0.0,3.5,1
C107978,75,Central,Health,Agent,8,48719,2013.79,0,0.0,4.2,1
C107979,45,Central,Life,Agent,6,18000,999.92,1,2094.25,3.7,0
C107980,75,Central,Life,Online,3,29787,752.04,0,0.0,3.9,1
C107981,69,East,Home,Agent,14,58153,410.68,0,0.0,5.0,1
C107982,74,South,Health,Agent,15,79077,1352.35,0,0.0,4.0,1
C107983,49,Central,Life,Branch,1,47813,1490.71,0,0.0,2.9,1
C107984,42,West,Health,Online,14,43199,1772.73,0,0.0,4.4,0
C107985,59,Central,Auto,Online,13,70941,1283.16,0,0.0,5.0,1
C107986,22,South,Life,Agent,13,52196,2214.85,0,0.0,3.2,1
C107987,66,North,Health,Branch,7,65376,1808.81,0,0.0,3.9,0
C107988,36,Central,Life,Agent,6,46677,881.68,0,0.0,3.8,1
C107989,18,Central,Health,Branch,9,44688,2153.1,0,0.0,4.1,1
C107990,31,South,Auto,Branch,11,66795,1659.77,1,3999.22,3.3,1
C107991,32,West,Home,Partner,14,64105,1907.18,0,0.0,4.0,1
C107992,18,North,Health,Agent,4,46225,2400.91,0,0.0,3.0,1
C107993,56,East,Health,Partner,15,31764,1938.62,0,0.0,4.4,1
C107994,23,South,Life,Branch,6,21955,1741.64,1,4771.46,3.4,1
C107995,67,South,Health,Agent,10,24326,1781.08,0,0.0,5.0,1
C107996,44,South,Auto,Agent,12,40602,1388.64,0,0.0,4.5,1
C107997,59,South,Home,Online,10,57699,2075.59,0,0.0,3.7,1
C107998,37,East,Auto,Agent,0,22019,813.74,0,0.0,4.3,1
C107999,25,South,Health,Branch,14,23193,1809.08,0,0.0,4.4,1
C108000,28,East,Auto,Partner,0,58796,1416.25,0,0.0,3.1,0
C108001,55,East,Auto,Agent,8,80237,1877.83,0,0.0,3.3,0
C108002,59,West,Life,Partner,10,71598,1170.87,0,0.0,3.5,0
C108003,33,West,Auto,Online,4,18851,917.75,1,1208.82,2.5,0
C108004,38,South,Home,Partner,12,59051,1242.69,0,0.0,4.0,1
C108005,72,North,Health,Agent,9,69204,2145.19,0,0.0,4.4,1
C108006,67,Central,Auto,Branch,6,43085,1204.03,0,0.0,4.0,1
C108007,41,Central,Life,Agent,2,47736,1759.19,0,0.0,4.1,1
C108008,31,Central,Auto,Partner,10,58003,1700.65,0,0.0,4.0,1
C108009,35,Central,Health,Online,1,60781,2568.78,0,0.0,4.1,1
C108010,49,West,Home,Agent,14,58788,1667.18,0,0.0,2.7,1
C108011,50,Central,Home,Partner,1,65037,1726.02,1,376.79,3.9,1
C108012,28,East,Auto,Online,1,55882,1661.76,0,0.0,4.0,1
C108013,21,West,Home,Agent,3,40735,932.9,0,0.0,3.7,1
C108014,46,Central,Life,Agent,13,43967,2242.31,0,0.0,3.4,0
C108015,64,West,Health,Branch,13,37975,2702.56,0,0.0,3.3,1
C108016,26,East,Home,Partner,9,43701,817.65,0,0.0,3.8,0
C108017,41,South,Health,Online,12,62111,2589.73,1,2585.77,3.9,1
C108018,27,South,Auto,Branch,6,38090,1589.89,0,0.0,3.3,1
C108019,32,South,Health,Agent,15,71259,1913.93,0,0.0,4.4,1
C108020,53,Central,Auto,Branch,0,34210,799.26,1,3047.48,3.1,1
C108021,34,West,Home,Online,9,55658,1431.45,0,0.0,4.0,1
C108022,33,South,Auto,Online,6,67045,1471.74,0,0.0,4.4,1
C108023,75,West,Auto,Agent,5,60078,1663.39,0,0.0,3.3,0
C108024,27,South,Health,Online,12,18745,855.63,0,0.0,2.8,1
C108025,28,East,Auto,Branch,12,54399,1564.6,0,0.0,3.6,1
C108026,71,South,Health,Online,8,38720,1293.47,0,0.0,4.0,1
C108027,49,East,Health,Partner,13,28200,2045.39,0,0.0,4.3,1
C108028,20,West,Auto,Partner,2,56012,1425.96,0,0.0,3.6,1
C108029,42,West,Auto,Agent,1,29519,911.21,0,0.0,3.9,0
C108030,50,West,Auto,Partner,3,56407,1277.72,0,0.0,4.5,1
C108031,32,South,Health,Partner,1,78208,1694.64,0,0.0,3.3,0
C108032,49,West,Auto,Branch,13,57440,1374.02,0,0.0,4.0,1
C108033,55,South,Home,Agent,8,47809,2206.43,0,0.0,4.4,0
C108034,32,East,Health,Agent,6,49107,2326.1,0,0.0,3.4,0
C108035,65,East,Health,Branch,7,68452,1961.36,1,2910.72,3.2,0
C108036,44,West,Auto,Branch,1,46499,1219.85,0,0.0,3.8,1
C108037,73,Central,Auto,Agent,10,43624,569.41,0,0.0,3.2,0
C108038,23,South,Auto,Agent,15,35236,891.23,0,0.0,3.1,1
C108039,36,Central,Auto,Online,2,35907,1584.72,0,0.0,3.6,1
C108040,59,South,Life,Branch,4,68078,1340.15,0,0.0,3.2,1
C108041,69,East,Auto,Partner,12,43252,1299.05,0,0.0,3.5,1
C108042,30,Central,Auto,Online,12,61994,1627.18,1,6887.02,3.7,0
C108043,74,West,Home,Online,4,63448,2254.37,0,0.0,4.6,0
C108044,29,Central,Life,Partner,0,34792,1597.24,0,0.0,4.0,1
C108045,42,Central,Health,Online,11,37689,1209.3,0,0.0,4.0,1
C108046,36,South,Health,Branch,4,62391,3081.66,0,0.0,3.0,1
C108047,42,Central,Auto,Agent,12,54528,1421.74,0,0.0,2.8,0
C108048,70,Central,Home,Agent,5,48781,743.75,0,0.0,3.5,0
C108049,60,East,Health,Online,15,60311,2430.76,0,0.0,4.3,1
C108050,64,North,Health,Online,13,70224,1265.6,0,0.0,4.9,1
C108051,32,South,Auto,Agent,1,51299,1289.34,0,0.0,3.8,1
C108052,72,Central,Health,Agent,11,41760,2448.63,0,0.0,4.6,1
C108053,43,Central,Home,Branch,11,54110,621.2,0,0.0,3.3,0
C108054,55,Central,Auto,Partner,4,37515,1470.33,0,0.0,3.8,1
C108055,58,South,Health,Branch,14,54569,1993.45,1,4000.88,2.7,0
C108056,56,North,Auto,Agent,12,52034,1306.68,0,0.0,3.4,1
C108057,52,East,Home,Agent,4,37315,795.91,0,0.0,4.4,0
C108058,45,South,Auto,Online,12,44714,999.65,1,2783.28,3.4,1
C108059,55,North,Life,Branch,11,46164,1776.68,0,0.0,3.3,0
C108060,70,North,Health,Agent,8,65197,2349.68,0,0.0,3.2,1
C108061,40,North,Health,Partner,14,36248,1780.69,0,0.0,4.2,1
C108062,47,South,Health,Branch,8,37430,1274.58,0,0.0,4.2,1
C108063,28,West,Health,Online,4,45275,2090.55,1,2761.92,3.6,0
C108064,38,South,Auto,Agent,8,62151,1112.86,0,0.0,3.8,1
C108065,62,East,Auto,Branch,7,65092,1572.0,0,0.0,3.0,1
C108066,55,East,Auto,Partner,2,56714,696.27,0,0.0,3.3,0
C108067,30,Central,Auto,Agent,9,64867,1929.58,1,937.77,4.0,1
C108068,49,West,Home,Branch,13,72920,561.44,0,0.0,3.9,1
C108069,65,West,Auto,Online,14,54835,1223.62,0,0.0,4.0,0
C108070,25,West,Home,Partner,11,37571,1557.66,0,0.0,4.1,1
C108071,21,West,Life,Agent,7,50607,1012.62,0,0.0,3.5,1
C108072,40,West,Home,Branch,13,27489,2007.65,0,0.0,4.6,1
C108073,56,East,Auto,Agent,14,59105,1335.41,0,0.0,3.0,1
C108074,36,East,Health,Partner,13,43150,1718.85,0,0.0,4.2,1
C108075,65,East,Home,Branch,12,54017,1367.94,1,2409.95,3.9,0
C108076,67,South,Health,Online,12,50471,2723.96,0,0.0,4.1,1
C108077,48,South,Auto,Agent,7,45106,1034.93,0,0.0,2.5,1
C108078,39,South,Auto,Online,12,56057,1261.03,0,0.0,4.2,1
C108079,20,East,Health,Branch,6,49753,1470.03,0,0.0,3.4,0
C108080,65,East,Auto,Branch,15,40651,1293.27,0,0.0,4.6,1
C108081,69,East,Auto,Agent,14,32238,801.21,0,0.0,3.3,1
C108082,43,North,Home,Online,9,58407,519.54,0,0.0,4.3,1
C108083,47,South,Health,Partner,11,30285,1362.62,0,0.0,3.5,1
C108084,61,South,Auto,Partner,13,84307,1134.06,0,0.0,2.9,0
C108085,58,West,Life,Agent,9,75169,1560.35,0,0.0,3.7,1
C108086,25,South,Auto,Branch,12,23383,1099.26,0,0.0,4.1,1
C108087,56,North,Auto,Online,11,63295,735.94,0,0.0,3.8,1
C108088,71,North,Auto,Agent,4,72490,1270.36,0,0.0,3.7,1
C108089,61,East,Auto,Partner,2,41450,1505.99,1,4560.25,3.6,1
C108090,45,North,Health,Branch,9,58320,1556.96,1,1210.68,3.9,1
C108091,48,East,Auto,Online,0,49747,1190.37,0,0.0,3.3,1
C108092,33,East,Life,Agent,11,64273,985.51,0,0.0,4.7,1
C108093,56,Central,Life,Agent,10,43965,1513.07,1,1191.95,3.2,1
C108094,32,West,Auto,Online,1,70251,1322.34,0,0.0,4.1,1
C108095,37,North,Home,Partner,4,49419,1203.73,0,0.0,4.5,0
C108096,33,South,Health,Online,8,46293,2076.47,0,0.0,3.5,0
C108097,37,West,Life,Online,11,63672,1777.52,0,0.0,4.2,0
C108098,39,South,Auto,Branch,0,68213,1881.04,0,0.0,3.3,1
C108099,22,Central,Health,Online,8,18000,1264.3,1,3422.41,3.1,1
C108100,59,East,Auto,Agent,3,18000,1190.53,0,0.0,4.4,0
C108101,43,North,Auto,Agent,6,58150,1522.99,0,0.0,3.8,0
C108102,73,South,Life,Online,7,40084,1443.06,0,0.0,3.8,1
C108103,28,Central,Auto,Agent,3,28222,1380.25,0,0.0,3.5,1
C108104,56,Central,Health,Agent,4,45269,1695.73,0,0.0,3.5,1
C108105,28,Central,Auto,Partner,6,104400,1251.37,0,0.0,2.8,0
C108106,49,South,Life,Partner,12,28059,682.01,0,0.0,4.5,1
C108107,46,West,Health,Online,4,67942,2164.66,0,0.0,4.2,1
C108108,44,South,Auto,Agent,10,38295,2116.29,0,0.0,2.7,0
C108109,55,South,Health,Branch,5,25861,509.7,1,2684.71,3.6,0
C108110,66,West,Auto,Online,4,40985,1773.21,1,2488.81,3.9,1
C108111,36,Central,Auto,Online,1,26415,697.6,0,0.0,4.0,1
C108112,67,East,Home,Agent,0,23775,1064.55,0,0.0,4.1,1
C108113,28,East,Life,Agent,5,38952,1123.27,0,0.0,4.3,1
C108114,34,South,Home,Partner,4,32376,1576.07,0,0.0,3.7,0
C108115,36,East,Auto,Online,12,49371,1543.63,0,0.0,4.1,1
C108116,73,North,Auto,Online,8,55035,1485.68,0,0.0,3.6,1
C108117,24,Central,Home,Partner,0,37797,1820.54,0,0.0,5.0,1
C108118,40,North,Auto,Partner,12,63332,1691.81,0,0.0,4.8,0
C108119,42,West,Home,Agent,6,40045,1643.0,0,0.0,3.4,1
C108120,64,South,Health,Branch,9,49236,2018.57,0,0.0,3.8,0
C108121,46,East,Life,Branch,2,18000,2544.04,0,0.0,3.2,1
C108122,74,South,Auto,Online,0,53478,1490.42,1,2259.15,4.3,0
C108123,60,East,Life,Branch,1,92537,1412.8,0,0.0,3.9,1
C108124,58,East,Health,Branch,7,66310,1369.33,0,0.0,3.8,0
C108125,61,West,Home,Agent,14,48894,1880.76,0,0.0,4.2,1
C108126,27,Central,Auto,Partner,15,31155,689.66,0,0.0,3.4,1
C108127,44,South,Health,Partner,12,81378,2381.52,0,0.0,3.5,1
C108128,51,East,Auto,Agent,14,49102,1130.63,0,0.0,3.3,1
C108129,30,Central,Auto,Online,12,39878,1526.12,0,0.0,4.6,1
C108130,24,South,Health,Partner,11,40329,1048.23,0,0.0,3.4,0
C108131,25,Central,Auto,Agent,6,89314,1943.23,0,0.0,3.3,1
C108132,63,Central,Life,Online,4,49873,1276.81,0,0.0,4.4,1
C108133,56,Central,Home,Branch,10,60110,759.47,0,0.0,2.5,1
C108134,34,East,Home,Branch,0,48344,1586.33,0,0.0,3.8,1
C108135,60,West,Health,Online,2,50826,1208.06,0,0.0,4.1,1
C108136,58,East,Auto,Online,7,44352,1394.26,0,0.0,4.2,1
C108137,65,East,Auto,Partner,10,77602,1173.95,0,0.0,3.1,1
C108138,70,Central,Auto,Partner,5,52793,1135.02,0,0.0,4.2,0
C108139,69,South,Health,Agent,12,26659,2538.66,0,0.0,2.6,1
C108140,28,West,Home,Online,10,59094,1740.65,0,0.0,3.7,1
C108141,62,East,Auto,Agent,4,49934,1881.1,0,0.0,3.6,1
C108142,40,North,Auto,Agent,1,58860,1341.46,0,0.0,4.5,1
C108143,41,West,Auto,Online,4,46031,1163.35,0,0.0,3.8,1
C108144,55,West,Health,Agent,14,42261,2261.31,0,0.0,4.6,1
C108145,52,East,Auto,Online,3,68095,831.85,0,0.0,4.2,1
C108146,42,Central,Health,Branch,11,85464,2596.59,1,2202.64,5.0,0
C108147,75,South,Auto,Branch,10,18540,981.19,1,4041.57,3.3,1
C108148,28,Central,Auto,Branch,15,53477,1204.91,0,0.0,3.7,0
C108149,23,West,Home,Online,14,42277,1243.77,0,0.0,4.6,1
C108150,19,Central,Life,Agent,13,35586,1663.96,1,7991.65,4.1,1
C108151,65,South,Auto,Agent,4,18000,1215.23,0,0.0,4.2,1
C108152,41,East,Auto,Agent,6,58494,771.04,0,0.0,4.1,1
C108153,43,Central,Auto,Branch,7,43298,1061.96,0,0.0,3.8,1
C108154,55,North,Home,Branch,10,42226,1754.8,0,0.0,3.0,0
C108155,43,East,Health,Branch,2,73649,2484.02,0,0.0,3.0,0
C108156,51,West,Health,Online,13,44091,1910.17,0,0.0,4.2,1
C108157,21,West,Health,Branch,10,43327,828.51,0,0.0,3.1,0
C108158,27,Central,Life,Online,3,27952,1462.3,0,0.0,4.2,1
C108159,72,West,Auto,Agent,0,35658,1544.09,0,0.0,3.6,0
C108160,44,Central,Auto,Agent,0,78396,1818.48,0,0.0,4.4,1
C108161,27,East,Health,Branch,5,63009,1411.03,0,0.0,4.1,1
C108162,39,West,Health,Partner,4,75177,1600.03,1,4854.59,3.1,1
C108163,37,Central,Auto,Online,2,36870,1312.68,0,0.0,4.3,0
C108164,33,West,Life,Partner,6,58501,1821.15,1,2014.04,3.9,0
C108165,35,North,Home,Branch,0,70861,1056.84,0,0.0,3.8,1
C108166,60,South,Life,Agent,9,62428,1416.57,0,0.0,4.3,0
C108167,24,East,Life,Agent,7,80446,1443.72,0,0.0,3.4,1
C108168,35,West,Health,Online,4,59236,1196.78,0,0.0,3.5,0
C108169,45,East,Life,Online,7,51967,1362.97,0,0.0,3.4,1
C108170,49,West,Home,Online,7,18000,837.55,0,0.0,2.8,1
C108171,69,Central,Health,Branch,13,59502,1707.56,0,0.0,3.0,1
C108172,71,South,Home,Online,10,62758,1058.19,0,0.0,3.7,1
C108173,35,West,Life,Agent,3,72656,1434.77,0,0.0,3.6,0
C108174,49,East,Home,Partner,13,37698,2011.91,0,0.0,4.3,1
C108175,19,South,Home,Branch,5,51396,841.4,0,0.0,3.0,1
C108176,53,East,Auto,Online,3,23380,941.31,0,0.0,3.3,0
C108177,26,East,Home,Branch,11,22962,1051.21,0,0.0,3.6,0
C108178,22,Central,Health,Online,12,61233,1673.41,0,0.0,3.9,1
C108179,56,East,Health,Branch,0,74798,2915.96,0,0.0,4.1,1
C108180,28,North,Home,Online,15,75429,988.04,0,0.0,3.1,1
C108181,45,East,Health,Online,10,59892,1628.05,0,0.0,4.8,1
C108182,23,Central,Auto,Partner,6,88827,1115.15,0,0.0,3.6,1
C108183,61,East,Home,Online,12,44935,1317.15,0,0.0,4.8,1
C108184,62,South,Auto,Online,8,68168,1033.5,0,0.0,4.3,1
C108185,51,Central,Auto,Online,15,28278,1245.79,0,0.0,3.3,1
C108186,66,North,Auto,Agent,0,18000,1059.6,0,0.0,3.3,0
C108187,43,South,Health,Branch,8,43335,1915.6,0,0.0,2.5,1
C108188,28,East,Auto,Online,11,49828,748.42,0,0.0,3.3,1
C108189,26,West,Auto,Online,0,56222,1417.19,0,0.0,3.7,1
C108190,30,Central,Life,Partner,13,48649,1109.16,1,4602.52,3.2,1
C108191,29,North,Health,Online,5,58505,912.49,0,0.0,3.2,0
C108192,36,West,Life,Online,0,83325,2259.06,0,0.0,3.5,0
C108193,30,West,Health,Online,6,65282,2541.5,0,0.0,3.5,1
C108194,52,Central,Auto,Partner,13,38219,1007.88,1,2308.03,3.0,0
C108195,26,Central,Home,Agent,15,18000,1765.0,1,4854.96,3.6,1
C108196,54,West,Auto,Agent,2,32644,819.6,0,0.0,2.7,1
C108197,37,South,Life,Agent,6,76174,1099.92,0,0.0,4.2,1
C108198,57,South,Auto,Agent,13,42935,1086.57,0,0.0,3.7,0
C108199,47,Central,Home,Branch,0,64216,2001.15,0,0.0,3.9,0
C108200,70,East,Health,Partner,8,63525,2653.66,0,0.0,3.6,0
C108201,43,East,Life,Agent,8,50998,1180.84,0,0.0,3.6,1
C108202,35,Central,Auto,Branch,5,50438,1343.42,1,4089.71,2.6,1
C108203,52,Central,Health,Online,5,40042,1761.48,0,0.0,5.0,0
C108204,56,West,Auto,Agent,15,92090,1372.72,0,0.0,4.2,1
C108205,43,Central,Home,Agent,5,34793,1645.9,0,0.0,3.7,1
C108206,50,North,Auto,Online,9,72177,1197.18,0,0.0,4.2,1
C108207,45,West,Health,Online,12,66954,2816.05,0,0.0,3.8,1
C108208,35,Central,Home,Online,0,63072,891.3,0,0.0,3.2,1
C108209,36,North,Health,Online,13,49842,1211.33,0,0.0,3.3,1
C108210,70,South,Home,Branch,12,25364,1230.21,0,0.0,4.6,1
C108211,57,West,Home,Online,3,31335,1258.68,0,0.0,3.7,1
C108212,23,East,Auto,Agent,2,38054,1486.4,0,0.0,4.2,1
C108213,73,North,Home,Online,9,58656,350.0,1,1446.32,4.1,1
C108214,59,South,Health,Agent,14,68031,1410.56,0,0.0,3.6,0
C108215,20,South,Health,Online,14,57652,1542.0,0,0.0,3.9,1
C108216,60,South,Auto,Online,2,56675,1364.13,0,0.0,3.5,1
C108217,52,Central,Health,Agent,9,70764,1940.78,0,0.0,3.8,1
C108218,71,West,Home,Online,7,18000,891.37,0,0.0,4.4,1
C108219,46,West,Life,Agent,11,18000,1726.99,1,2754.88,4.1,0
C108220,48,North,Life,Agent,8,24141,1839.48,0,0.0,3.0,1
C108221,36,East,Home,Partner,9,68660,1315.38,1,2851.81,3.3,0
C108222,36,South,Auto,Agent,9,18000,1239.13,0,0.0,3.2,1
C108223,53,Central,Health,Agent,0,51823,1365.22,0,0.0,4.4,1
C108224,66,Central,Auto,Agent,8,35613,848.56,0,0.0,3.8,1
C108225,69,East,Home,Agent,2,54793,1543.38,0,0.0,3.9,1
C108226,62,Central,Auto,Agent,7,49450,1518.7,0,0.0,3.8,1
C108227,53,North,Life,Agent,8,56506,1856.46,0,0.0,3.4,1
C108228,47,South,Auto,Agent,11,44815,1351.33,0,0.0,4.8,1
C108229,37,West,Auto,Branch,13,64733,1427.67,1,2777.24,4.2,0
C108230,62,South,Life,Agent,2,78343,2122.15,0,0.0,3.9,0
C108231,36,Central,Auto,Online,9,74765,1264.46,1,3375.97,3.1,1
C108232,33,South,Auto,Agent,12,45477,1176.2,0,0.0,3.6,1
C108233,68,West,Health,Branch,5,36429,1527.62,0,0.0,3.9,1
C108234,52,South,Life,Branch,0,55521,1195.92,1,5858.28,3.2,0
C108235,38,South,Auto,Online,14,87557,757.42,0,0.0,3.4,0
C108236,68,East,Health,Agent,13,51043,1201.32,0,0.0,3.7,1
C108237,73,Central,Auto,Partner,11,67097,1514.7,0,0.0,3.5,0
C108238,36,East,Health,Online,11,66108,1740.92,0,0.0,3.0,1
C108239,48,West,Auto,Agent,4,65897,1565.57,0,0.0,2.8,0
C108240,46,North,Health,Online,12,74911,788.87,0,0.0,4.0,1
C108241,58,North,Health,Branch,15,28297,2178.7,0,0.0,3.8,0
C108242,73,North,Life,Online,4,34662,1832.03,0,0.0,4.2,1
C108243,49,Central,Home,Branch,7,52856,1630.88,1,6762.07,4.2,1
C108244,64,South,Home,Online,13,74146,1019.06,0,0.0,3.0,1
C108245,52,South,Health,Online,3,74105,2339.84,0,0.0,3.4,0
C108246,69,West,Auto,Online,11,51172,1029.72,1,2606.5,2.7,1
C108247,41,East,Auto,Online,0,69967,1407.72,0,0.0,4.8,0
C108248,40,East,Health,Branch,15,44412,1509.7,1,1091.01,3.5,1
C108249,42,North,Auto,Online,1,37124,1615.9,0,0.0,3.0,1
C108250,75,East,Auto,Online,0,28078,1506.96,0,0.0,3.9,1
C108251,53,West,Health,Partner,6,49529,1520.66,1,714.76,2.9,1
C108252,26,South,Auto,Agent,12,45761,807.22,1,4485.05,4.0,0
C108253,20,West,Auto,Agent,3,70061,1562.32,0,0.0,3.3,1
C108254,48,North,Health,Online,9,62130,3479.75,0,0.0,3.7,1
C108255,64,Central,Home,Partner,5,52976,1284.4,0,0.0,2.9,0
C108256,45,Central,Auto,Agent,15,53049,1592.3,1,4597.7,3.2,0
C108257,50,North,Home,Online,7,44455,1845.36,0,0.0,3.8,1
C108258,64,East,Auto,Agent,7,19975,1071.86,1,4929.68,3.6,1
C108259,47,East,Life,Agent,0,30717,1727.3,0,0.0,4.7,1
C108260,70,Central,Health,Agent,4,66160,2907.81,0,0.0,2.0,0
C108261,55,East,Health,Agent,0,49508,1339.93,0,0.0,4.0,1
C108262,60,West,Home,Agent,14,28386,1432.82,0,0.0,3.4,1
C108263,63,South,Health,Agent,7,76607,1553.32,0,0.0,3.6,1
C108264,54,North,Health,Online,5,82567,1713.3,0,0.0,3.5,1
C108265,20,West,Health,Branch,3,73681,2125.63,0,0.0,3.3,1
C108266,42,West,Life,Online,11,59632,1550.94,0,0.0,3.0,1
C108267,26,Central,Life,Branch,10,57152,1926.44,0,0.0,4.3,1
C108268,47,Central,Health,Online,5,51557,1920.98,1,902.67,3.5,1
C108269,26,West,Home,Agent,4,54942,1611.16,0,0.0,4.7,1
C108270,47,East,Auto,Agent,15,63317,2070.3,0,0.0,4.3,0
C108271,37,Central,Health,Agent,0,64734,1063.16,1,4342.08,3.9,1
C108272,19,Central,Health,Branch,8,60174,1094.7,0,0.0,5.0,1
C108273,25,Central,Auto,Agent,15,18000,923.33,1,751.05,3.2,0
C108274,47,Central,Life,Partner,5,72721,2144.13,0,0.0,4.2,1
C108275,22,East,Home,Partner,0,55591,972.98,0,0.0,2.7,1
C108276,67,West,Life,Partner,13,27566,1964.18,0,0.0,4.1,0
C108277,62,West,Health,Online,14,55565,2072.91,0,0.0,4.3,1
C108278,59,North,Health,Online,0,57445,1637.07,0,0.0,4.3,1
C108279,27,West,Home,Branch,6,23725,1819.39,1,5339.11,3.1,0
C108280,64,East,Auto,Online,1,40434,1570.25,0,0.0,4.0,1
C108281,54,East,Life,Branch,14,32094,2650.92,0,0.0,3.5,0
C108282,40,North,Auto,Online,13,34477,531.65,0,0.0,3.7,1
C108283,18,West,Home,Branch,13,62267,1588.6,1,1772.51,3.4,1
C108284,48,West,Home,Online,5,40801,1654.25,0,0.0,4.0,1
C108285,64,East,Auto,Partner,11,53679,929.76,0,0.0,3.9,1
C108286,19,North,Auto,Branch,2,65277,1628.45,0,0.0,4.4,1
C108287,21,East,Health,Online,2,44190,2059.41,0,0.0,4.4,1
C108288,40,North,Auto,Agent,9,65996,1218.31,0,0.0,3.7,1
C108289,47,South,Life,Agent,15,76392,1211.33,0,0.0,4.1,1
C108290,45,South,Auto,Partner,4,67232,1304.77,0,0.0,3.8,1
C108291,42,Central,Health,Agent,7,62798,2718.85,0,0.0,3.4,0
C108292,32,East,Auto,Agent,15,67380,1820.76,0,0.0,3.7,0
C108293,21,East,Auto,Online,6,59109,1322.93,1,6153.41,4.0,1
C108294,19,Central,Auto,Branch,13,67279,704.44,0,0.0,4.3,1
C108295,23,East,Life,Online,10,30873,1400.39,0,0.0,4.1,1
C108296,58,Central,Home,Partner,14,50659,1373.38,0,0.0,4.3,0
C108297,63,North,Life,Agent,5,59058,1154.59,0,0.0,4.3,0
C108298,43,South,Health,Branch,13,50651,1383.67,1,1030.89,3.9,0
C108299,22,North,Auto,Branch,13,97043,1445.72,0,0.0,3.7,0
C108300,42,East,Auto,Online,14,48554,1105.25,0,0.0,3.8,0
C108301,75,Central,Health,Online,14,19915,1748.77,0,0.0,3.5,0
C108302,32,West,Auto,Online,5,52992,1391.66,0,0.0,4.2,1
C108303,46,West,Auto,Online,13,66910,1453.59,0,0.0,3.1,1
C108304,49,South,Health,Online,10,36288,1442.61,0,0.0,4.9,1
C108305,37,Central,Auto,Branch,1,51339,477.8,0,0.0,3.6,1
C108306,43,East,Health,Agent,14,50682,2300.38,1,2016.09,2.8,1
C108307,45,South,Health,Agent,11,50927,1246.3,0,0.0,4.3,1
C108308,45,Central,Home,Agent,10,41232,1046.34,0,0.0,3.4,0
C108309,59,East,Health,Online,1,71745,1602.45,0,0.0,4.0,1
C108310,51,South,Home,Agent,15,91014,2052.01,0,0.0,3.2,1
C108311,21,North,Health,Online,15,36889,1390.77,0,0.0,3.5,1
C108312,18,North,Auto,Partner,13,28475,1411.29,0,0.0,4.5,1
C108313,41,Central,Auto,Branch,5,44125,1261.39,0,0.0,3.7,1
C108314,70,East,Auto,Online,1,77326,898.6,0,0.0,4.1,1
C108315,20,Central,Health,Branch,11,47356,894.0,0,0.0,3.8,1
C108316,22,North,Home,Agent,8,58592,1468.73,0,0.0,3.7,0
C108317,57,West,Home,Online,4,35578,350.0,0,0.0,3.5,1
C108318,44,West,Auto,Online,4,84109,976.43,0,0.0,3.2,0
C108319,31,West,Auto,Online,10,46683,2519.45,1,8293.74,3.9,0
C108320,30,East,Auto,Branch,14,56489,1327.02,0,0.0,3.8,1
C108321,56,East,Life,Branch,9,37673,940.14,0,0.0,3.5,1
C108322,48,West,Auto,Agent,14,35941,2082.64,0,0.0,3.6,1
C108323,55,Central,Health,Online,9,51935,2510.2,0,0.0,4.6,0
C108324,34,South,Auto,Online,9,53873,1320.97,0,0.0,4.3,1
C108325,48,East,Home,Agent,5,67530,1601.07,0,0.0,3.9,1
C108326,67,West,Health,Online,0,21621,1661.44,0,0.0,3.4,1
C108327,36,South,Auto,Agent,4,34883,1338.28,0,0.0,3.9,1
C108328,40,North,Health,Online,5,39630,1574.52,0,0.0,3.5,1
C108329,27,Central,Home,Online,9,54162,903.1,0,0.0,3.7,1
C108330,55,South,Health,Agent,3,31668,958.18,0,0.0,4.4,1
C108331,19,South,Life,Online,8,50282,1297.37,0,0.0,3.3,1
C108332,32,West,Life,Branch,8,40413,1444.51,0,0.0,3.5,0
C108333,59,North,Health,Branch,8,49560,1853.29,0,0.0,4.2,0
C108334,19,North,Life,Agent,15,38056,2167.09,0,0.0,4.4,0
C108335,75,North,Home,Partner,3,33792,1137.17,0,0.0,3.2,1
C108336,41,North,Health,Agent,5,57131,2758.11,0,0.0,3.6,1
C108337,41,East,Home,Branch,5,72034,2369.9,0,0.0,4.6,1
C108338,49,Central,Health,Agent,11,66642,2081.8,0,0.0,4.6,1
C108339,55,South,Health,Branch,10,72029,2309.09,1,696.45,3.3,1
C108340,44,East,Health,Agent,13,74141,1560.7,0,0.0,3.7,1
C108341,69,West,Home,Agent,8,49110,1222.7,0,0.0,3.9,0
C108342,73,South,Life,Online,13,85676,2215.56,0,0.0,4.4,0
C108343,29,East,Auto,Agent,0,65610,954.66,0,0.0,3.5,0
C108344,58,South,Home,Agent,2,34902,1719.63,0,0.0,3.5,0
C108345,35,South,Health,Partner,9,39964,1852.02,0,0.0,5.0,0
C108346,75,South,Life,Agent,3,54716,1284.36,0,0.0,4.3,1
C108347,32,North,Health,Online,4,67850,2389.54,0,0.0,4.2,1
C108348,35,Central,Auto,Agent,3,47881,1288.19,0,0.0,3.4,1
C108349,59,Central,Auto,Branch,2,34521,1603.5,0,0.0,3.8,1
C108350,63,Central,Auto,Branch,4,66229,879.49,0,0.0,3.6,1
C108351,25,North,Auto,Agent,14,31896,1292.99,0,0.0,3.6,0
C108352,50,West,Auto,Online,0,57470,1367.23,0,0.0,3.5,1
C108353,38,East,Auto,Partner,15,52777,708.21,0,0.0,3.4,1
C108354,53,North,Life,Partner,8,27836,2540.78,0,0.0,3.8,1
C108355,50,Central,Health,Partner,12,83991,1861.79,0,0.0,3.1,1
C108356,75,West,Health,Branch,11,52301,2192.0,0,0.0,2.7,1
C108357,72,North,Home,Online,0,30653,1139.92,0,0.0,3.4,1
C108358,55,Central,Auto,Partner,4,52874,1223.36,1,1245.59,3.5,1
C108359,57,North,Home,Online,13,20858,2316.9,0,0.0,3.2,1
C108360,70,East,Home,Online,10,58500,1965.28,0,0.0,3.0,1
C108361,28,North,Health,Agent,5,67500,1826.96,0,0.0,3.2,1
C108362,60,North,Health,Agent,8,100634,2087.45,1,2465.94,3.7,0
C108363,62,Central,Auto,Branch,6,53761,1697.8,0,0.0,3.9,1
C108364,25,East,Health,Agent,1,40139,2620.16,0,0.0,3.2,0
C108365,69,South,Health,Online,14,55721,1758.86,1,467.18,3.2,1
C108366,58,West,Auto,Agent,3,77926,1152.51,0,0.0,3.7,0
C108367,38,Central,Health,Partner,13,61016,2633.63,0,0.0,3.8,0
C108368,46,Central,Health,Partner,3,66988,2263.56,0,0.0,3.5,1
C108369,46,Central,Auto,Online,9,65681,2000.17,0,0.0,4.6,1
C108370,71,Central,Auto,Agent,7,61114,1236.53,0,0.0,3.6,1
C108371,74,West,Health,Online,14,26767,1553.0,0,0.0,4.5,1
C108372,64,South,Auto,Branch,10,25786,1933.52,0,0.0,4.3,0
C108373,55,Central,Home,Agent,9,23572,1494.49,0,0.0,2.9,1
C108374,24,North,Life,Agent,4,30445,1694.04,0,0.0,4.1,1
C108375,71,North,Home,Online,13,32517,1089.86,0,0.0,4.4,1
C108376,25,East,Auto,Branch,2,85475,1686.55,0,0.0,4.1,1
C108377,27,South,Health,Branch,8,39277,1631.52,0,0.0,3.0,0
C108378,22,West,Home,Agent,4,53797,1367.42,1,2712.05,3.2,1
C108379,72,Central,Home,Online,7,47610,1054.43,0,0.0,3.7,0
C108380,46,East,Life,Agent,0,55483,2257.1,0,0.0,4.5,1
C108381,31,East,Health,Partner,11,53261,2955.07,0,0.0,4.5,1
C108382,22,East,Auto,Agent,11,29392,839.81,0,0.0,3.4,1
C108383,41,West,Health,Branch,11,62759,491.54,1,5502.1,3.3,0
C108384,59,North,Life,Online,11,39763,1336.7,0,0.0,3.1,1
C108385,75,North,Health,Agent,0,39159,2145.53,0,0.0,3.7,1
C108386,50,West,Life,Online,10,46484,2449.86,0,0.0,4.9,1
C108387,53,East,Home,Agent,5,66561,1640.05,0,0.0,2.7,1
C108388,66,East,Life,Online,9,40758,1253.77,0,0.0,3.0,0
C108389,70,South,Health,Agent,10,53652,1667.42,0,0.0,3.3,1
C108390,34,North,Life,Agent,4,59251,1572.8,0,0.0,3.7,1
C108391,75,West,Life,Branch,2,56623,1334.97,0,0.0,3.7,0
C108392,48,East,Life,Agent,1,55637,2259.57,0,0.0,3.2,0
C108393,71,East,Life,Online,7,26736,1260.14,0,0.0,4.3,0
C108394,24,Central,Health,Online,9,54284,2221.29,1,811.58,3.8,1
C108395,23,West,Home,Online,0,35535,932.95,0,0.0,4.5,1
C108396,69,South,Health,Branch,11,20320,2128.05,0,0.0,3.7,1
C108397,57,West,Home,Agent,3,43672,1829.47,0,0.0,3.4,1
C108398,28,North,Home,Agent,12,42661,1812.47,0,0.0,4.2,1
C108399,69,South,Home,Partner,11,105283,1849.6,0,0.0,4.6,1
C108400,23,West,Health,Online,11,69572,1934.58,0,0.0,3.1,0
C108401,57,North,Home,Agent,3,66117,2204.86,0,0.0,4.3,1
C108402,29,South,Life,Online,10,44661,2000.8,0,0.0,3.2,1
C108403,22,Central,Health,Online,10,48665,2161.65,0,0.0,4.7,1
C108404,64,West,Health,Agent,13,98288,1692.9,0,0.0,2.8,1
C108405,67,Central,Life,Branch,9,40553,1173.55,0,0.0,4.2,1
C108406,24,Central,Home,Branch,12,56589,1773.37,0,0.0,4.1,1
C108407,23,South,Health,Online,7,85143,1413.25,0,0.0,3.9,1
C108408,53,West,Health,Agent,15,38974,1815.59,0,0.0,4.2,1
C108409,19,South,Home,Partner,11,54696,1717.83,1,4387.46,4.0,1
C108410,61,West,Home,Branch,0,51673,1171.7,0,0.0,4.0,1
C108411,71,South,Auto,Branch,12,36002,1818.74,0,0.0,3.3,1
C108412,61,North,Auto,Agent,2,65949,1113.19,0,0.0,3.2,0
C108413,31,North,Life,Agent,1,31924,847.24,0,0.0,4.1,1
C108414,29,West,Life,Branch,9,65966,2052.17,0,0.0,3.1,1
C108415,57,North,Health,Online,7,59732,2584.96,0,0.0,2.8,1
C108416,21,East,Life,Agent,6,68163,1638.24,0,0.0,3.4,0
C108417,49,Central,Health,Online,6,48504,2304.89,0,0.0,3.4,1
C108418,44,West,Auto,Agent,5,59010,1482.87,0,0.0,4.2,1
C108419,61,East,Home,Agent,14,70471,986.9,0,0.0,3.9,0
C108420,29,South,Auto,Online,11,26640,1151.55,0,0.0,4.6,0
C108421,62,Central,Auto,Agent,12,30248,1225.52,0,0.0,4.4,1
C108422,58,East,Life,Online,8,62472,1654.33,0,0.0,4.4,1
C108423,31,East,Health,Branch,11,66814,3149.62,0,0.0,3.2,1
C108424,38,Central,Auto,Partner,8,54439,1265.52,0,0.0,4.2,1
C108425,21,South,Health,Online,14,68559,2742.11,0,0.0,5.0,0
C108426,44,East,Health,Online,0,45480,2705.05,0,0.0,3.9,1
C108427,33,North,Health,Partner,12,74809,1381.07,0,0.0,4.2,1
C108428,24,North,Auto,Branch,7,50693,931.15,1,1233.38,3.3,0
C108429,50,South,Health,Branch,5,37983,1681.74,0,0.0,2.4,1
C108430,50,West,Health,Agent,9,77648,2412.52,0,0.0,3.4,0
C108431,22,South,Health,Online,14,66884,2158.66,0,0.0,4.7,1
C108432,28,West,Life,Partner,4,43895,1925.53,0,0.0,3.5,1
C108433,22,Central,Health,Agent,7,44255,2013.45,0,0.0,4.3,0
C108434,57,Central,Life,Agent,3,62816,1426.93,0,0.0,4.5,1
C108435,37,North,Life,Branch,13,33990,1148.96,0,0.0,3.5,1
C108436,22,West,Auto,Branch,8,57770,782.44,0,0.0,3.4,1
C108437,29,North,Auto,Online,4,48963,1453.44,1,4409.18,3.3,0
C108438,74,West,Health,Partner,14,55866,1981.6,0,0.0,3.1,1
C108439,32,South,Life,Agent,3,18000,957.5,0,0.0,3.7,0
C108440,57,West,Auto,Online,1,35674,800.97,1,1134.36,2.7,1
C108441,45,South,Auto,Online,4,56566,1352.03,0,0.0,2.5,1
C108442,28,West,Home,Agent,4,70947,2434.28,0,0.0,3.9,1
C108443,35,North,Home,Agent,4,49639,955.78,0,0.0,3.4,1
C108444,18,North,Auto,Online,0,65006,1338.26,0,0.0,3.5,0
C108445,61,West,Health,Agent,15,25332,1570.13,0,0.0,4.3,0
C108446,37,South,Auto,Agent,5,43925,783.12,0,0.0,3.9,0
C108447,46,West,Life,Agent,15,57037,1883.37,0,0.0,3.1,1
C108448,26,West,Home,Partner,11,50877,872.34,0,0.0,4.0,0
C108449,65,West,Health,Online,12,65727,1359.24,0,0.0,4.6,1
C108450,30,West,Life,Partner,5,47376,1707.55,0,0.0,4.3,1
C108451,50,West,Health,Agent,10,47552,2077.29,0,0.0,4.4,1
C108452,68,Central,Life,Online,6,63765,2165.68,0,0.0,4.0,0
C108453,59,North,Auto,Online,5,42327,1055.52,0,0.0,3.7,1
C108454,52,East,Auto,Partner,14,35662,1226.26,0,0.0,4.3,1
C108455,69,West,Health,Online,13,60367,684.44,0,0.0,4.9,0
C108456,28,South,Auto,Online,5,34653,729.76,0,0.0,3.8,1
C108457,73,South,Home,Agent,0,77534,1066.94,0,0.0,3.4,1
C108458,50,South,Health,Branch,8,18842,1406.17,0,0.0,4.7,1
C108459,41,East,Auto,Agent,15,46631,1847.45,1,1977.28,3.4,0
C108460,32,South,Home,Online,14,81279,1135.19,0,0.0,3.7,0
C108461,61,West,Health,Agent,7,87565,3130.01,0,0.0,3.5,1
C108462,74,West,Health,Partner,8,50358,1293.77,1,6973.17,3.9,1
C108463,58,West,Auto,Partner,13,71872,617.12,0,0.0,3.8,1
C108464,19,South,Life,Partner,2,65952,1921.27,0,0.0,3.5,1
C108465,45,West,Home,Agent,4,43152,1709.84,0,0.0,3.7,1
C108466,60,West,Life,Online,2,60410,1680.11,0,0.0,3.7,0
C108467,41,North,Home,Online,9,36491,1124.26,0,0.0,3.7,0
C108468,62,South,Health,Partner,14,23884,1730.65,0,0.0,4.0,1
C108469,59,South,Auto,Branch,5,61077,671.05,1,449.03,3.6,1
C108470,21,Central,Home,Agent,14,62137,1125.52,1,4405.74,3.7,1
C108471,50,South,Auto,Agent,8,30661,1454.3,0,0.0,4.3,1
C108472,27,North,Life,Agent,4,49431,1496.47,0,0.0,3.0,1
C108473,46,North,Auto,Agent,15,30650,1533.2,1,9865.9,2.7,1
C108474,40,North,Health,Agent,9,43696,1930.73,0,0.0,3.3,1
C108475,64,East,Health,Agent,8,44144,1241.47,0,0.0,3.8,1
C108476,68,West,Health,Online,2,65336,1807.9,0,0.0,3.9,1
C108477,44,East,Home,Online,8,42998,553.77,0,0.0,3.6,0
C108478,49,Central,Home,Online,3,29288,1280.42,1,2778.88,3.6,1
C108479,54,North,Home,Partner,6,82883,1506.43,0,0.0,3.4,1
C108480,56,East,Life,Partner,14,60908,969.53,0,0.0,2.9,0
C108481,54,West,Health,Branch,15,68128,1463.69,0,0.0,3.0,0
C108482,63,West,Health,Branch,6,62947,1319.71,1,2076.59,3.8,1
C108483,74,Central,Life,Online,5,68939,1097.64,1,3980.98,2.8,1
C108484,66,South,Auto,Online,3,59858,1621.78,0,0.0,4.4,1
C108485,25,East,Auto,Online,3,60372,1398.09,1,2348.15,3.6,1
C108486,45,West,Auto,Online,8,54292,1183.82,0,0.0,3.4,0
C108487,44,North,Home,Branch,15,44096,1754.16,0,0.0,3.7,1
C108488,47,Central,Home,Online,13,67960,1697.47,1,2196.22,3.1,0
C108489,48,South,Auto,Partner,4,47237,1295.31,0,0.0,4.6,1
C108490,59,North,Auto,Branch,13,54119,710.11,1,4143.29,3.3,1
C108491,42,West,Auto,Online,7,58661,1438.36,0,0.0,3.3,1
C108492,33,West,Health,Branch,10,60182,3179.28,0,0.0,5.0,1
C108493,44,Central,Auto,Branch,4,33742,789.87,0,0.0,3.7,1
C108494,67,Central,Home,Agent,13,55622,1441.35,0,0.0,4.2,1
C108495,36,South,Life,Online,7,33626,1563.53,0,0.0,4.0,1
C108496,19,West,Home,Agent,12,55215,2370.51,0,0.0,3.9,1
C108497,74,Central,Life,Agent,3,66036,2214.09,0,0.0,4.1,0
C108498,29,South,Life,Branch,15,84398,1331.65,0,0.0,4.2,1
C108499,52,East,Home,Online,6,62398,1414.97,0,0.0,3.5,0
C108500,64,Central,Health,Partner,10,67551,846.88,0,0.0,3.7,1
C108501,33,North,Home,Online,8,32420,1822.42,0,0.0,3.9,0
C108502,37,Central,Health,Partner,9,61687,2218.54,0,0.0,3.6,0
C108503,34,East,Health,Online,4,31922,1684.51,0,0.0,4.6,1
C108504,26,Central,Auto,Branch,14,73644,1298.21,0,0.0,4.5,1
C108505,26,West,Home,Online,3,32808,1209.8,0,0.0,2.5,1
C108506,28,West,Life,Branch,5,34412,1773.5,0,0.0,4.2,0
C108507,44,West,Home,Partner,6,65585,1857.8,0,0.0,4.1,1
C108508,48,North,Health,Online,7,82236,1719.53,0,0.0,4.2,0
C108509,18,West,Health,Online,3,71041,1739.47,0,0.0,4.1,1
C108510,67,Central,Home,Partner,13,45628,1486.1,0,0.0,3.5,1
C108511,57,Central,Home,Partner,9,34192,1513.12,0,0.0,4.7,0
C108512,22,Central,Health,Branch,15,44299,1981.69,0,0.0,2.3,1
C108513,66,West,Health,Agent,5,54263,1804.08,0,0.0,2.7,1
C108514,19,West,Health,Online,6,50607,1792.12,0,0.0,3.3,1
C108515,50,East,Life,Agent,9,33480,2072.27,0,0.0,3.9,0
C108516,44,West,Auto,Branch,9,75151,1176.25,0,0.0,3.3,1
C108517,47,West,Life,Online,2,75543,1588.18,0,0.0,3.9,1
C108518,73,North,Auto,Online,13,85929,656.11,1,1303.49,3.2,1
C108519,71,North,Life,Partner,15,22111,1806.07,0,0.0,3.2,1
C108520,34,West,Health,Branch,8,37445,1608.18,0,0.0,4.0,1
C108521,51,South,Home,Branch,6,56515,2487.21,0,0.0,4.1,1
C108522,73,South,Home,Partner,6,52087,1497.36,0,0.0,5.0,1
C108523,60,South,Home,Agent,0,43908,1561.72,0,0.0,3.8,1
C108524,69,Central,Home,Online,1,36589,1398.27,0,0.0,3.6,1
C108525,43,Central,Auto,Partner,5,34041,1394.76,0,0.0,3.5,1
C108526,34,West,Auto,Partner,3,88471,1404.82,0,0.0,2.6,1
C108527,47,Central,Auto,Online,4,26314,1403.58,0,0.0,4.2,1
C108528,65,Central,Home,Online,5,23965,1375.85,1,150.0,3.8,0
C108529,71,South,Home,Agent,2,30613,370.19,0,0.0,3.6,1
C108530,57,North,Auto,Online,6,55460,1272.04,0,0.0,4.0,1
C108531,58,South,Home,Online,0,47085,1347.76,0,0.0,3.3,0
C108532,47,North,Auto,Online,12,59445,1489.99,0,0.0,2.7,1
C108533,36,East,Auto,Branch,11,39280,1015.97,0,0.0,3.7,0
C108534,42,South,Health,Online,2,53585,1529.84,0,0.0,3.7,1
C108535,46,Central,Home,Partner,2,53526,1827.98,0,0.0,3.8,0
C108536,65,West,Auto,Agent,1,80346,874.7,0,0.0,3.8,0
C108537,50,South,Life,Agent,2,84022,2366.87,1,604.12,3.5,0
C108538,63,Central,Home,Branch,9,49283,653.39,0,0.0,3.4,0
C108539,19,Central,Health,Branch,1,67389,2481.49,0,0.0,4.8,1
C108540,61,West,Auto,Branch,0,54923,1244.2,1,9684.5,4.1,0
C108541,47,West,Home,Partner,9,65874,762.37,0,0.0,3.3,1
C108542,75,Central,Life,Branch,14,58927,1461.25,0,0.0,4.5,1
C108543,45,West,Health,Branch,7,65247,1624.05,0,0.0,4.0,0
C108544,45,Central,Auto,Branch,4,67355,1088.3,0,0.0,2.9,1
C108545,25,North,Health,Agent,13,59642,1208.52,0,0.0,4.4,1
C108546,64,East,Health,Branch,13,54462,1659.46,0,0.0,3.5,1
C108547,58,East,Auto,Agent,13,70771,1013.78,0,0.0,3.5,0
C108548,68,North,Home,Partner,6,49576,1498.24,0,0.0,3.7,1
C108549,23,North,Auto,Agent,0,41630,987.84,0,0.0,3.8,1
C108550,30,North,Home,Online,15,24024,1348.4,0,0.0,3.8,1
C108551,68,South,Health,Agent,14,59655,937.06,0,0.0,4.3,0
C108552,20,North,Health,Agent,8,64461,2521.62,0,0.0,4.7,1
C108553,47,East,Life,Agent,12,20970,1323.28,0,0.0,3.6,0
C108554,41,Central,Health,Agent,15,40952,1602.21,0,0.0,2.9,0
C108555,72,West,Auto,Partner,0,65518,1621.44,0,0.0,3.5,0
C108556,67,West,Health,Online,7,49414,2078.99,1,1767.48,3.2,1
C108557,70,North,Health,Partner,13,52994,2452.05,0,0.0,3.5,0
C108558,34,Central,Home,Branch,11,68428,1591.34,0,0.0,3.0,1
C108559,52,North,Life,Online,1,50054,2077.38,0,0.0,4.1,0
C108560,58,South,Home,Online,1,58917,1817.19,0,0.0,3.1,1
C108561,74,East,Life,Partner,5,32544,2208.02,0,0.0,3.2,1
C108562,18,Central,Auto,Branch,7,58328,1766.46,0,0.0,4.7,1
C108563,74,Central,Auto,Online,1,27901,986.06,0,0.0,3.0,0
C108564,38,West,Auto,Agent,4,28658,1204.43,0,0.0,3.0,1
C108565,25,West,Home,Online,8,42938,727.34,0,0.0,4.8,1
C108566,53,East,Auto,Agent,12,61879,817.64,0,0.0,3.7,1
C108567,63,West,Auto,Online,9,52945,1489.55,0,0.0,3.3,1
C108568,25,North,Life,Agent,8,37793,2092.42,0,0.0,3.2,0
C108569,20,South,Auto,Agent,11,67795,2070.13,0,0.0,5.0,1
C108570,70,Central,Auto,Agent,10,57738,1616.61,0,0.0,4.2,0
C108571,72,Central,Auto,Online,3,70811,1274.52,0,0.0,4.0,0
C108572,27,South,Auto,Branch,4,35967,1378.44,0,0.0,4.2,1
C108573,70,South,Auto,Branch,1,77817,1218.48,0,0.0,3.5,1
C108574,70,South,Auto,Agent,1,80475,890.45,0,0.0,3.8,1
C108575,75,East,Auto,Partner,13,68409,747.06,0,0.0,4.0,0
C108576,30,South,Home,Branch,10,60782,996.77,0,0.0,3.5,1
C108577,51,West,Health,Online,10,60936,1715.55,0,0.0,4.0,1
C108578,75,North,Home,Online,7,57952,1668.57,1,1321.35,4.5,1
C108579,70,North,Home,Branch,1,27283,1565.8,0,0.0,3.1,0
C108580,53,South,Home,Branch,6,41224,1462.44,1,1937.13,3.3,0
C108581,29,West,Life,Partner,2,50127,2287.52,0,0.0,3.4,1
C108582,22,South,Health,Online,15,33453,1440.28,0,0.0,4.3,1
C108583,33,East,Auto,Online,6,77828,1956.9,1,2693.24,4.3,1
C108584,21,West,Auto,Branch,1,61006,1435.79,1,2383.67,2.6,0
C108585,29,West,Auto,Partner,4,84082,667.48,0,0.0,3.5,1
C108586,22,South,Home,Agent,10,66223,974.11,0,0.0,3.4,1
C108587,62,West,Health,Agent,7,26859,2037.14,0,0.0,4.0,1
C108588,52,South,Auto,Partner,0,75526,940.8,0,0.0,3.7,1
C108589,48,West,Auto,Agent,5,43888,1204.42,0,0.0,4.3,1
C108590,64,East,Life,Branch,10,76562,2149.94,1,4842.1,4.6,1
C108591,41,Central,Health,Partner,8,79146,1863.64,0,0.0,2.6,1
C108592,41,Central,Auto,Online,8,76330,1569.28,0,0.0,2.8,1
C108593,30,West,Life,Online,10,71321,1873.53,0,0.0,3.9,1
C108594,43,Central,Home,Partner,11,59801,1988.94,0,0.0,4.0,0
C108595,28,North,Health,Agent,6,51814,1386.37,0,0.0,3.3,1
C108596,52,West,Health,Online,12,85932,1566.97,0,0.0,4.0,1
C108597,75,South,Home,Agent,14,56903,974.28,0,0.0,3.9,1
C108598,48,South,Auto,Agent,2,45065,697.57,1,4584.55,2.7,1
C108599,35,East,Life,Online,11,59954,1325.45,0,0.0,4.1,1
C108600,57,West,Home,Branch,4,72679,1296.44,0,0.0,4.1,1
C108601,65,West,Home,Online,1,72016,1532.41,0,0.0,3.9,0
C108602,45,Central,Home,Online,4,32450,1369.78,0,0.0,3.0,1
C108603,32,East,Life,Online,14,71446,1686.78,0,0.0,3.4,1
C108604,59,Central,Auto,Agent,9,64408,1499.38,0,0.0,4.0,1
C108605,28,Central,Auto,Partner,7,45782,1124.12,0,0.0,4.8,1
C108606,75,Central,Home,Agent,4,37160,1822.02,0,0.0,3.9,1
C108607,36,South,Auto,Branch,8,77742,1822.51,1,786.89,3.4,1
C108608,38,East,Home,Online,8,79519,688.48,0,0.0,4.0,1
C108609,60,West,Health,Agent,6,80256,1483.38,0,0.0,3.6,1
C108610,18,Central,Auto,Agent,7,28457,1461.78,0,0.0,4.0,1
C108611,29,North,Auto,Branch,11,48227,1060.31,1,3155.24,3.8,0
C108612,25,South,Home,Agent,9,53025,1240.32,0,0.0,2.9,1
C108613,40,South,Auto,Branch,0,79045,1844.73,0,0.0,4.4,0
C108614,50,South,Auto,Online,5,66537,1461.98,0,0.0,4.9,0
C108615,28,Central,Health,Partner,0,47971,2198.13,0,0.0,3.0,1
C108616,37,North,Auto,Branch,14,54916,1273.19,0,0.0,3.4,1
C108617,62,South,Home,Partner,5,64848,1325.45,1,4377.61,3.9,1
C108618,72,West,Life,Online,15,65458,1356.99,0,0.0,3.8,1
C108619,18,East,Home,Online,3,82249,1918.63,0,0.0,3.2,1
C108620,54,North,Health,Agent,5,78217,1208.24,0,0.0,2.9,1
C108621,19,West,Health,Agent,6,74447,1658.84,0,0.0,3.7,1
C108622,48,East,Life,Branch,14,38244,1141.76,0,0.0,3.1,1
C108623,69,Central,Life,Online,1,39348,1952.81,0,0.0,4.2,1
C108624,64,West,Home,Agent,12,34167,2189.65,0,0.0,3.8,1
C108625,31,Central,Auto,Online,10,59617,392.61,1,3432.49,4.6,0
C108626,32,North,Auto,Agent,3,43548,350.0,1,4368.59,4.1,1
C108627,63,West,Auto,Online,13,62722,1233.63,0,0.0,3.9,1
C108628,65,East,Auto,Partner,9,65321,1314.07,0,0.0,4.4,0
C108629,34,West,Auto,Online,8,56436,1177.54,0,0.0,3.6,1
C108630,18,East,Life,Agent,6,68327,1732.65,1,1958.87,3.1,1
C108631,43,South,Auto,Online,6,40917,1810.37,1,454.1,4.4,1
C108632,53,North,Auto,Online,12,25934,1076.23,0,0.0,5.0,1
C108633,43,Central,Life,Agent,15,39834,2149.96,1,2200.33,4.1,0
C108634,72,Central,Life,Online,14,67622,2223.41,0,0.0,3.3,0
C108635,65,North,Auto,Agent,5,85673,887.3,0,0.0,3.1,0
C108636,63,West,Auto,Online,9,79191,1869.62,0,0.0,4.3,1
C108637,19,West,Home,Branch,15,48993,721.19,0,0.0,3.3,1
C108638,67,East,Life,Partner,10,69899,1592.22,0,0.0,3.3,1
C108639,61,South,Home,Branch,0,27658,1223.98,0,0.0,3.6,1
C108640,41,Central,Health,Online,11,80519,2755.26,0,0.0,3.6,1
C108641,52,West,Home,Agent,9,62141,1060.27,0,0.0,4.8,1
C108642,65,West,Home,Online,7,66943,1663.09,0,0.0,4.9,0
C108643,70,West,Auto,Agent,0,18309,1891.59,0,0.0,4.6,1
C108644,49,West,Health,Branch,7,61087,2652.32,0,0.0,3.6,1
C108645,20,North,Life,Online,12,85985,1215.54,1,3951.78,4.6,1
C108646,53,Central,Home,Online,9,58136,1698.93,0,0.0,3.9,1
C108647,57,South,Auto,Branch,4,51195,782.0,1,3502.71,3.9,0
C108648,21,Central,Home,Agent,13,48253,1262.23,0,0.0,4.2,1
C108649,65,Central,Home,Online,7,39892,1082.74,0,0.0,3.6,1
C108650,29,West,Auto,Partner,10,54491,833.61,0,0.0,4.2,1
C108651,69,East,Auto,Online,0,30984,1486.31,1,346.22,3.5,1
C108652,49,North,Auto,Branch,2,60994,1011.43,1,7300.67,3.8,0
C108653,36,East,Life,Online,3,72873,1893.38,0,0.0,3.4,0
C108654,21,West,Auto,Partner,2,45162,1756.42,0,0.0,4.0,1
C108655,19,North,Home,Branch,6,59804,959.81,0,0.0,4.2,1
C108656,61,North,Health,Online,6,51750,1419.68,1,4124.74,4.1,1
C108657,39,Central,Life,Partner,1,60008,1946.04,0,0.0,4.9,1
C108658,66,South,Life,Online,10,69286,1333.16,0,0.0,4.7,1
C108659,31,South,Life,Partner,7,60364,2176.79,0,0.0,3.4,1
C108660,71,South,Life,Branch,6,68387,1472.0,0,0.0,3.3,1
C108661,72,West,Health,Online,3,62292,2616.44,1,2703.45,4.2,1
C108662,23,East,Auto,Agent,6,68439,1040.18,0,0.0,4.6,1
C108663,55,West,Auto,Online,2,58593,1493.77,0,0.0,2.7,0
C108664,72,East,Home,Agent,14,58864,1141.98,1,1244.22,3.8,0
C108665,36,North,Auto,Agent,8,65351,1401.67,0,0.0,2.8,1
C108666,21,East,Health,Agent,13,51597,2051.47,0,0.0,4.1,1
C108667,68,North,Auto,Branch,13,60998,1349.89,0,0.0,4.3,0
C108668,45,Central,Home,Partner,7,36855,2025.51,1,1568.64,3.6,1
C108669,19,North,Auto,Agent,6,20273,1144.9,0,0.0,3.8,1
C108670,66,South,Auto,Branch,11,54555,1417.72,0,0.0,3.6,1
C108671,57,East,Health,Online,6,38511,2045.48,0,0.0,4.3,1
C108672,22,South,Health,Partner,7,87631,1792.97,0,0.0,4.1,1
C108673,33,East,Life,Partner,6,38459,1917.79,0,0.0,4.3,1
C108674,19,East,Home,Partner,9,66606,1206.0,1,8594.59,3.8,1
C108675,73,Central,Home,Branch,0,40035,1537.26,0,0.0,3.1,1
C108676,19,North,Auto,Online,4,52384,912.57,0,0.0,2.8,1
C108677,64,East,Auto,Online,10,32697,1642.04,0,0.0,3.4,1
C108678,47,West,Home,Agent,7,31023,1836.78,0,0.0,3.7,1
C108679,51,North,Auto,Online,11,57937,1803.68,0,0.0,4.8,1
C108680,65,West,Home,Agent,10,45643,874.08,0,0.0,4.2,1
C108681,69,Central,Life,Agent,5,66153,1546.9,0,0.0,4.8,0
C108682,25,West,Auto,Branch,7,75247,1122.02,0,0.0,4.2,1
C108683,19,Central,Home,Agent,1,24088,848.25,0,0.0,4.4,1
C108684,25,West,Health,Online,12,71669,1874.56,0,0.0,2.9,1
C108685,57,South,Auto,Branch,7,34696,1332.82,0,0.0,3.0,1
C108686,50,Central,Health,Online,4,46005,2789.38,1,3757.82,4.4,1
C108687,22,South,Home,Online,8,26766,1186.1,1,1988.21,3.8,0
C108688,31,East,Life,Agent,0,27304,2185.08,0,0.0,3.6,1
C108689,49,West,Auto,Online,6,18000,1376.7,0,0.0,2.9,0
C108690,60,Central,Home,Online,14,44719,906.39,0,0.0,4.3,1
C108691,37,Central,Auto,Online,6,53102,1373.46,0,0.0,3.8,1
C108692,73,North,Auto,Online,5,45313,1044.73,0,0.0,2.8,1
C108693,75,West,Health,Online,7,19768,2582.02,0,0.0,4.3,1
C108694,62,South,Home,Agent,4,18000,1593.97,0,0.0,3.6,0
C108695,44,West,Home,Branch,3,52182,972.61,0,0.0,3.6,1
C108696,68,West,Life,Online,7,66203,2386.05,0,0.0,4.3,1
C108697,60,North,Auto,Online,10,56460,1334.77,0,0.0,3.5,1
C108698,48,Central,Health,Online,3,85622,1612.35,0,0.0,3.2,1
C108699,43,East,Auto,Online,3,51314,1076.83,0,0.0,3.5,1
C108700,66,East,Home,Agent,11,57678,730.12,0,0.0,4.3,1
C108701,50,Central,Auto,Agent,8,51622,1070.21,0,0.0,3.2,0
C108702,28,West,Auto,Branch,4,37932,985.65,0,0.0,3.8,1
C108703,75,East,Home,Branch,13,49044,872.77,0,0.0,4.4,1
C108704,21,North,Auto,Partner,15,67093,1227.36,0,0.0,3.8,1
C108705,58,South,Home,Partner,13,67796,664.74,0,0.0,3.5,1
C108706,56,North,Life,Online,4,58436,2027.94,0,0.0,4.2,0
C108707,51,South,Health,Online,15,80481,1973.0,1,1227.25,3.7,1
C108708,21,South,Health,Agent,5,60235,2137.76,0,0.0,3.6,1
C108709,46,East,Life,Agent,1,57882,1334.86,0,0.0,3.3,1
C108710,69,West,Home,Agent,8,79040,2675.18,0,0.0,3.8,1
C108711,31,North,Auto,Agent,15,39129,1612.11,0,0.0,4.2,1
C108712,58,West,Home,Partner,0,77705,1211.73,1,3323.77,3.2,1
C108713,67,Central,Health,Agent,0,34469,1141.19,0,0.0,3.6,0
C108714,73,North,Home,Partner,0,47212,1378.31,0,0.0,4.2,1
C108715,47,West,Health,Partner,13,18945,1687.11,0,0.0,3.7,1
C108716,36,North,Auto,Agent,3,56522,1816.26,0,0.0,3.6,1
C108717,58,East,Home,Online,7,75861,1672.01,0,0.0,3.2,0
C108718,46,West,Auto,Online,1,35119,1566.39,0,0.0,3.9,1
C108719,54,North,Life,Agent,15,46909,1776.92,0,0.0,4.1,1
C108720,61,South,Home,Partner,12,48010,2094.89,0,0.0,3.6,1
C108721,59,Central,Life,Partner,9,48128,1580.09,0,0.0,3.9,1
C108722,32,South,Auto,Online,13,33139,1845.1,0,0.0,3.7,1
C108723,61,West,Health,Online,3,52675,1166.85,0,0.0,3.0,1
C108724,49,West,Auto,Branch,6,80260,1184.56,1,3599.77,2.4,1
C108725,71,North,Health,Agent,15,42984,1421.7,1,2410.65,4.0,0
C108726,56,West,Auto,Branch,8,56144,930.91,0,0.0,4.8,1
C108727,69,East,Health,Online,4,56000,1622.59,1,4449.75,4.3,1
C108728,74,North,Health,Online,9,44878,1333.5,0,0.0,3.5,1
C108729,75,Central,Life,Online,14,57009,1849.8,0,0.0,4.4,1
C108730,61,East,Auto,Online,1,45145,657.86,1,2135.75,3.3,1
C108731,52,West,Health,Agent,15,59517,1561.56,0,0.0,3.4,1
C108732,24,South,Home,Online,7,50731,2097.08,0,0.0,4.6,0
C108733,40,North,Auto,Agent,1,26696,896.97,1,752.4,3.0,0
C108734,45,West,Home,Branch,15,19617,1714.23,0,0.0,3.6,1
C108735,63,West,Home,Online,9,18000,1622.7,1,1542.24,3.5,1
C108736,52,South,Home,Partner,3,44617,1480.17,0,0.0,3.3,0
C108737,43,West,Home,Online,2,66952,988.89,0,0.0,4.7,1
C108738,26,East,Home,Branch,1,38859,1425.52,0,0.0,4.5,1
C108739,59,South,Life,Online,8,47556,1750.84,0,0.0,3.1,0
C108740,43,West,Auto,Branch,4,40231,1715.22,0,0.0,3.9,0
C108741,20,West,Health,Online,5,36970,1575.26,0,0.0,3.9,0
C108742,34,East,Home,Agent,8,91647,1435.74,1,3767.87,3.1,1
C108743,69,West,Auto,Partner,15,37635,1053.86,0,0.0,3.6,0
C108744,24,East,Health,Online,13,27660,2061.55,1,4173.22,3.8,0
C108745,41,Central,Home,Branch,1,35891,1101.31,1,3396.59,3.5,1
C108746,47,Central,Auto,Branch,5,53346,1483.79,0,0.0,4.1,0
C108747,22,South,Health,Online,3,41678,1498.1,0,0.0,4.2,1
C108748,27,East,Home,Online,5,57147,1780.56,1,2153.73,2.9,1
C108749,72,Central,Auto,Branch,14,38855,1663.5,1,1210.03,3.5,0
C108750,52,Central,Auto,Partner,5,41416,1443.56,0,0.0,3.7,1
C108751,30,South,Home,Online,10,39268,2119.19,0,0.0,4.4,1
C108752,27,South,Home,Branch,13,50355,2345.62,0,0.0,2.5,1
C108753,42,South,Health,Branch,4,64844,2331.83,0,0.0,4.7,1
C108754,59,Central,Health,Agent,7,66745,1973.27,0,0.0,3.8,1
C108755,60,Central,Auto,Branch,13,77336,1354.27,0,0.0,4.0,1
C108756,29,Central,Home,Online,5,28375,1751.41,0,0.0,2.9,1
C108757,60,South,Auto,Agent,10,33283,804.17,0,0.0,3.6,1
C108758,69,Central,Life,Partner,2,35465,794.43,0,0.0,3.1,0
C108759,31,North,Home,Branch,14,51940,1365.57,0,0.0,4.3,1
C108760,19,East,Auto,Online,2,32612,696.21,0,0.0,3.6,1
C108761,73,South,Health,Agent,11,39597,2075.19,0,0.0,3.7,1
C108762,48,East,Life,Online,15,64320,1590.18,0,0.0,3.5,1
C108763,63,East,Life,Online,2,71261,1375.37,0,0.0,3.3,1
C108764,36,South,Health,Online,7,64474,1724.99,0,0.0,4.3,0
C108765,35,South,Auto,Online,15,57769,1784.47,0,0.0,3.4,0
C108766,31,Central,Home,Agent,1,40073,1962.45,0,0.0,3.8,1
C108767,30,North,Home,Online,4,52383,1162.64,1,3412.18,3.3,1
C108768,45,East,Health,Branch,14,72533,1479.02,0,0.0,4.0,1
C108769,24,South,Auto,Partner,2,63908,1220.8,0,0.0,4.2,0
C108770,66,South,Life,Agent,15,67924,1604.13,0,0.0,3.8,1
C108771,47,South,Health,Online,11,69112,2651.08,0,0.0,4.4,1
C108772,71,West,Auto,Partner,3,46097,700.54,0,0.0,4.2,1
C108773,47,East,Auto,Online,3,63407,1492.63,1,1372.47,3.8,1
C108774,35,South,Auto,Agent,5,45164,1133.71,1,1620.44,3.6,0
C108775,47,Central,Health,Online,8,62713,1951.51,0,0.0,3.5,1
C108776,26,North,Auto,Partner,15,74081,1579.06,0,0.0,3.4,1
C108777,65,West,Health,Online,12,79969,2263.9,0,0.0,4.1,1
C108778,59,South,Auto,Partner,0,62705,1485.72,0,0.0,3.3,1
C108779,26,Central,Auto,Partner,9,59090,1225.28,0,0.0,3.5,0
C108780,51,North,Auto,Partner,5,76979,1433.99,0,0.0,4.1,1
C108781,49,East,Auto,Branch,8,36438,996.8,1,4502.22,4.1,1
C108782,29,West,Health,Branch,6,78025,2445.43,0,0.0,2.2,0
C108783,25,East,Health,Partner,9,54353,2171.23,1,1382.66,3.5,1
C108784,62,Central,Home,Online,12,54484,1066.11,0,0.0,4.4,1
C108785,33,North,Health,Branch,3,43884,1551.85,0,0.0,3.5,1
C108786,48,East,Home,Online,5,30882,1497.39,0,0.0,4.3,1
C108787,32,Central,Auto,Agent,0,78488,1086.62,0,0.0,4.0,0
C108788,55,Central,Health,Agent,5,59272,2102.37,0,0.0,3.7,0
C108789,20,East,Auto,Partner,15,45355,1353.47,0,0.0,3.5,1
C108790,38,East,Health,Online,11,58300,2016.08,0,0.0,3.3,1
C108791,49,West,Health,Agent,10,45940,3044.76,0,0.0,2.9,0
C108792,43,West,Home,Agent,13,21314,2117.7,0,0.0,3.9,1
C108793,53,Central,Health,Branch,9,48794,2308.89,0,0.0,2.9,1
C108794,28,Central,Health,Online,1,26675,1917.51,0,0.0,4.2,1
C108795,43,East,Auto,Agent,10,56281,1543.91,0,0.0,4.3,1
C108796,61,West,Life,Agent,2,80546,974.02,0,0.0,4.2,0
C108797,37,East,Auto,Partner,3,40456,1068.34,1,2885.16,3.1,0
C108798,27,North,Auto,Partner,10,66237,808.67,0,0.0,4.4,0
C108799,67,Central,Auto,Online,14,40482,1392.38,1,2811.31,2.2,0
C108800,63,West,Life,Online,5,51632,1487.02,0,0.0,3.6,1
C108801,57,North,Life,Branch,4,36197,1713.79,1,4062.26,2.4,1
C108802,64,West,Auto,Agent,10,63148,1348.7,0,0.0,3.9,1
C108803,63,South,Auto,Branch,5,76237,2024.71,0,0.0,3.4,0
C108804,61,North,Home,Branch,2,55464,1987.87,0,0.0,3.1,1
C108805,47,West,Auto,Online,3,61640,1251.67,0,0.0,2.9,0
C108806,19,West,Auto,Partner,12,61606,1216.46,0,0.0,3.9,0
C108807,52,East,Health,Online,9,47525,1755.99,0,0.0,3.8,1
C108808,33,North,Health,Partner,5,75533,2142.96,0,0.0,3.3,1
C108809,62,East,Health,Agent,15,42682,2137.47,0,0.0,4.0,1
C108810,45,North,Home,Partner,5,23697,924.91,0,0.0,3.4,1
C108811,70,Central,Home,Online,10,35415,983.98,0,0.0,4.2,1
C108812,52,South,Health,Agent,2,63083,2259.94,0,0.0,2.9,1
C108813,49,Central,Auto,Online,15,45035,1205.27,0,0.0,4.8,1
C108814,71,North,Auto,Branch,3,53671,2206.6,0,0.0,4.7,1
C108815,45,North,Life,Partner,6,47706,1553.08,1,4304.45,3.2,0
C108816,39,East,Auto,Branch,9,55256,1801.57,0,0.0,4.5,0
C108817,39,West,Health,Branch,8,71680,2523.62,0,0.0,3.4,1
C108818,68,Central,Auto,Online,9,79460,1494.09,0,0.0,4.1,1
C108819,61,East,Auto,Partner,12,34552,1083.57,0,0.0,2.6,1
C108820,27,South,Health,Agent,13,68777,1105.9,0,0.0,3.4,1
C108821,46,North,Auto,Agent,5,55541,1916.82,0,0.0,4.2,1
C108822,39,East,Home,Online,10,29982,678.3,1,1385.67,4.7,1
C108823,55,South,Health,Branch,9,60896,1112.25,1,3650.2,3.5,1
C108824,21,Central,Home,Agent,6,85273,1446.43,0,0.0,3.1,0
C108825,59,East,Health,Agent,8,38715,1422.46,0,0.0,3.9,1
C108826,61,West,Auto,Online,12,47883,1319.81,0,0.0,3.2,0
C108827,31,Central,Home,Agent,10,23094,1552.89,0,0.0,3.2,1
C108828,26,North,Life,Online,0,49898,1773.16,0,0.0,3.6,0
C108829,54,East,Auto,Partner,1,54883,1258.03,0,0.0,3.9,0
C108830,32,Central,Home,Branch,11,87529,2400.1,0,0.0,3.2,1
C108831,72,East,Health,Partner,8,35183,2100.57,0,0.0,3.5,0
C108832,62,East,Home,Agent,8,69351,1137.68,0,0.0,3.9,1
C108833,73,Central,Auto,Branch,13,57412,1360.78,0,0.0,4.1,1
C108834,49,South,Auto,Agent,3,92213,446.87,0,0.0,2.9,0
C108835,72,Central,Auto,Partner,4,55154,1624.4,0,0.0,3.4,0
C108836,18,South,Auto,Online,10,51074,1491.76,1,2073.14,3.7,1
C108837,34,East,Health,Online,12,67239,3159.88,0,0.0,4.0,0
C108838,18,South,Life,Agent,15,60800,1746.43,0,0.0,3.9,0
C108839,57,East,Auto,Agent,14,68842,954.02,0,0.0,3.9,1
C108840,47,North,Health,Partner,5,62103,1106.73,0,0.0,3.6,1
C108841,34,North,Auto,Online,2,25442,1902.86,1,1228.09,4.1,1
C108842,35,East,Health,Branch,10,61398,2101.5,0,0.0,4.1,1
C108843,55,South,Home,Online,2,60980,1580.26,0,0.0,4.5,0
C108844,28,West,Home,Online,7,38686,2029.21,0,0.0,3.6,1
C108845,47,North,Health,Partner,4,57212,1840.7,0,0.0,3.0,1
C108846,53,North,Health,Branch,6,18954,1627.84,1,1374.33,3.4,0
C108847,31,South,Auto,Partner,14,56595,1383.37,0,0.0,3.8,1
C108848,31,East,Life,Agent,4,64326,1988.57,0,0.0,3.8,1
C108849,38,South,Auto,Branch,13,69271,586.48,0,0.0,2.7,1
C108850,52,North,Auto,Branch,3,64614,991.52,1,2714.18,2.9,1
C108851,32,East,Health,Agent,4,36048,2668.9,0,0.0,3.3,0
C108852,39,West,Auto,Online,3,25623,1846.56,0,0.0,4.0,1
C108853,49,West,Auto,Online,11,68942,1336.17,0,0.0,3.2,1
C108854,28,South,Life,Online,12,59288,1406.23,0,0.0,4.2,1
C108855,50,Central,Auto,Branch,0,60877,1354.48,0,0.0,3.0,1
C108856,26,West,Auto,Branch,5,82263,1203.04,1,1646.12,3.1,1
C108857,26,West,Auto,Agent,14,23070,1982.39,0,0.0,3.1,1
C108858,31,South,Auto,Online,8,84455,1968.45,0,0.0,4.0,1
C108859,34,South,Life,Branch,2,41881,1736.49,0,0.0,4.1,1
C108860,19,East,Home,Online,3,66849,1975.87,1,2030.25,4.7,1
C108861,73,South,Life,Partner,7,51763,1350.4,0,0.0,3.9,1
C108862,35,West,Life,Agent,3,45778,1043.57,0,0.0,3.5,1
C108863,64,South,Health,Branch,6,24839,2715.84,0,0.0,3.5,1
C108864,70,North,Health,Online,9,39896,1668.36,0,0.0,4.0,1
C108865,64,North,Health,Online,7,60406,3056.87,0,0.0,5.0,1
C108866,66,North,Home,Agent,9,58391,914.82,0,0.0,3.3,1
C108867,23,East,Home,Agent,0,69136,1061.52,0,0.0,4.6,1
C108868,39,North,Health,Online,8,39551,1629.05,0,0.0,4.3,1
C108869,61,East,Health,Agent,0,65442,2007.85,0,0.0,3.3,0
C108870,51,South,Home,Online,11,53191,1234.45,0,0.0,3.9,0
C108871,18,East,Auto,Partner,8,63390,1018.39,1,1442.61,2.6,1
C108872,50,Central,Health,Agent,10,61237,1498.28,0,0.0,4.0,0
C108873,64,Central,Health,Agent,5,43513,1049.13,0,0.0,3.1,0
C108874,66,East,Health,Agent,3,56540,2867.2,0,0.0,3.7,1
C108875,40,East,Health,Branch,10,60296,1976.87,0,0.0,3.7,0
C108876,31,West,Home,Online,0,66157,1695.21,0,0.0,4.0,0
C108877,35,Central,Home,Branch,7,79093,1549.75,0,0.0,3.5,1
C108878,35,East,Auto,Partner,4,40581,886.31,0,0.0,3.9,0
C108879,38,North,Auto,Agent,5,31005,2027.43,1,6663.15,3.3,1
C108880,35,West,Auto,Online,6,75160,1094.62,0,0.0,3.7,1
C108881,44,North,Auto,Online,7,28846,1933.7,0,0.0,4.2,1
C108882,20,West,Auto,Partner,3,70605,1416.6,0,0.0,2.9,1
C108883,33,North,Home,Online,2,35635,1690.76,0,0.0,3.9,0
C108884,36,North,Home,Online,7,40666,1352.52,1,4296.82,3.3,1
C108885,26,West,Auto,Partner,4,50577,1144.8,0,0.0,3.3,1
C108886,68,West,Life,Partner,0,25875,2625.09,0,0.0,2.9,1
C108887,57,East,Health,Agent,13,34540,1162.33,0,0.0,2.9,1
C108888,70,Central,Home,Online,7,21882,1401.88,0,0.0,3.6,0
C108889,50,Central,Health,Agent,1,64046,1507.14,0,0.0,3.6,0
C108890,24,East,Home,Branch,5,51791,1188.16,0,0.0,3.9,1
C108891,70,Central,Auto,Online,1,52260,1255.54,0,0.0,3.8,1
C108892,44,South,Auto,Online,15,50900,991.3,1,1200.28,3.9,0
C108893,57,North,Auto,Partner,7,51682,1849.11,0,0.0,3.5,0
C108894,40,Central,Home,Branch,14,43324,1493.77,0,0.0,3.5,1
C108895,46,East,Life,Agent,5,69214,1852.56,0,0.0,4.6,0
C108896,46,Central,Health,Partner,15,20263,2472.46,0,0.0,4.1,0
C108897,34,North,Home,Agent,14,26033,1308.5,0,0.0,3.4,1
C108898,50,North,Auto,Partner,10,76448,1161.06,0,0.0,3.6,0
C108899,60,North,Home,Online,6,56807,1002.45,0,0.0,3.4,1
C108900,19,West,Home,Agent,15,18000,1787.46,1,5722.07,4.2,1
C108901,25,Central,Health,Branch,9,57749,1852.84,0,0.0,3.8,1
C108902,66,East,Health,Agent,3,23388,2332.15,0,0.0,3.0,1
C108903,51,North,Auto,Agent,1,75407,1646.71,0,0.0,3.6,1
C108904,74,South,Auto,Branch,8,68561,1256.32,0,0.0,3.0,1
C108905,53,South,Auto,Agent,3,89751,905.12,0,0.0,3.5,0
C108906,55,West,Home,Online,11,46618,1397.36,0,0.0,3.8,1
C108907,70,West,Home,Agent,8,30094,1118.26,0,0.0,3.5,1
C108908,56,North,Auto,Branch,7,42270,1689.32,1,958.3,3.6,0
C108909,37,East,Life,Agent,4,42682,1136.12,0,0.0,3.8,1
C108910,48,West,Home,Agent,3,58940,2001.65,0,0.0,3.9,1
C108911,31,South,Health,Online,3,19032,1738.08,1,855.35,3.9,1
C108912,37,East,Life,Online,10,51904,1801.1,0,0.0,4.5,0
C108913,57,West,Life,Branch,12,33740,1117.93,0,0.0,4.0,1
C108914,26,East,Auto,Branch,15,42767,1188.2,0,0.0,3.2,1
C108915,56,North,Life,Agent,10,76894,2367.48,1,374.34,4.2,1
C108916,51,South,Health,Agent,8,70048,1932.77,0,0.0,4.9,1
C108917,35,West,Auto,Online,11,65136,1670.09,0,0.0,3.4,1
C108918,20,South,Auto,Agent,3,63456,1257.49,0,0.0,3.2,1
C108919,58,Central,Home,Agent,14,47240,1756.87,0,0.0,4.3,0
C108920,65,East,Life,Agent,0,51127,732.29,0,0.0,4.2,0
C108921,60,East,Health,Online,14,23694,2013.27,0,0.0,3.6,0
C108922,42,West,Health,Online,1,29790,2028.6,0,0.0,3.0,1
C108923,55,South,Auto,Partner,15,54281,1212.9,0,0.0,2.8,1
C108924,42,South,Life,Agent,12,31843,1886.22,0,0.0,3.4,1
C108925,38,North,Auto,Partner,6,64416,1503.26,0,0.0,4.5,0
C108926,36,West,Health,Branch,7,51105,1818.26,0,0.0,3.8,1
C108927,30,East,Health,Branch,4,46644,2185.58,0,0.0,3.4,0
C108928,74,Central,Auto,Online,3,41077,988.28,1,4717.53,4.4,1
C108929,56,East,Life,Online,5,60114,1633.12,0,0.0,4.1,1
C108930,28,East,Life,Agent,13,64201,1294.29,0,0.0,3.5,1
C108931,68,South,Health,Agent,4,36156,1663.62,0,0.0,3.0,1
C108932,26,South,Home,Online,6,42561,964.72,0,0.0,3.4,0
C108933,52,Central,Life,Agent,10,48612,1313.71,0,0.0,4.6,1
C108934,27,North,Auto,Online,12,57778,1534.06,0,0.0,3.8,1
C108935,38,Central,Auto,Online,4,57549,1745.87,0,0.0,2.9,1
C108936,56,North,Home,Partner,12,50160,1346.48,0,0.0,3.6,0
C108937,75,East,Health,Agent,2,64748,1853.15,0,0.0,3.9,0
C108938,75,North,Home,Online,11,49556,1623.56,0,0.0,3.9,1
C108939,69,West,Health,Online,1,26860,2275.73,0,0.0,4.6,0
C108940,31,South,Home,Partner,15,76070,1044.82,0,0.0,4.3,0
C108941,23,East,Auto,Partner,1,69639,1156.79,0,0.0,3.1,1
C108942,70,Central,Auto,Online,14,27213,1198.43,0,0.0,3.6,1
C108943,71,West,Auto,Agent,12,55213,1333.76,1,1525.32,3.6,1
C108944,34,North,Health,Agent,2,75410,1754.1,1,1516.03,3.7,1
C108945,19,West,Home,Online,12,46524,1929.54,0,0.0,3.5,1
C108946,55,East,Home,Agent,5,65889,1609.21,0,0.0,4.2,1
C108947,22,North,Health,Online,15,71990,1925.14,0,0.0,3.7,1
C108948,20,East,Health,Online,15,56827,2980.43,0,0.0,4.2,1
C108949,72,Central,Auto,Agent,14,90575,1079.5,1,1281.51,3.5,1
C108950,46,East,Health,Online,10,63697,2486.13,0,0.0,3.9,0
C108951,24,West,Life,Agent,14,53837,582.18,0,0.0,3.9,1
C108952,55,West,Auto,Online,7,48993,983.16,0,0.0,4.1,0
C108953,39,East,Home,Agent,0,51150,894.77,0,0.0,3.8,0
C108954,49,South,Auto,Partner,13,41840,1325.44,0,0.0,3.7,1
C108955,70,West,Auto,Agent,0,31957,536.18,0,0.0,4.1,0
C108956,31,South,Home,Agent,10,35815,1509.52,1,528.57,4.7,0
C108957,55,North,Home,Agent,8,49435,1259.39,0,0.0,4.3,1
C108958,66,South,Health,Partner,5,66460,1515.58,0,0.0,3.5,1
C108959,42,Central,Life,Branch,11,57877,1789.76,0,0.0,4.3,1
C108960,74,South,Home,Online,4,55043,1398.9,0,0.0,4.2,1
C108961,44,South,Health,Online,14,90166,1933.82,0,0.0,4.4,0
C108962,44,North,Auto,Agent,13,82291,1994.71,0,0.0,4.0,1
C108963,69,North,Health,Branch,14,35574,2337.17,0,0.0,3.9,1
C108964,54,Central,Health,Online,13,64680,1458.27,0,0.0,2.7,0
C108965,68,East,Home,Agent,13,30629,1389.61,0,0.0,3.5,1
C108966,63,West,Health,Agent,14,56820,2846.35,0,0.0,4.2,1
C108967,59,West,Health,Agent,14,27284,2288.11,0,0.0,4.4,0
C108968,32,South,Auto,Branch,12,41075,836.65,0,0.0,3.1,1
C108969,41,West,Auto,Agent,12,63230,1616.84,1,3255.96,2.9,0
C108970,68,Central,Health,Agent,2,43820,1831.67,0,0.0,4.1,1
C108971,53,West,Home,Branch,2,32580,1577.0,0,0.0,3.5,1
C108972,34,West,Home,Partner,6,39624,1062.93,0,0.0,3.9,0
C108973,36,East,Life,Agent,5,35012,1408.65,1,1019.07,3.7,1
C108974,62,Central,Home,Agent,5,59424,1027.64,0,0.0,4.3,1
C108975,28,North,Auto,Branch,4,73649,1503.23,0,0.0,4.5,0
C108976,24,West,Home,Branch,4,48454,1445.86,0,0.0,3.2,1
C108977,62,South,Home,Agent,9,70531,2175.57,0,0.0,3.4,1
C108978,34,East,Home,Agent,12,41681,1639.62,0,0.0,4.4,1
C108979,62,Central,Health,Online,12,50179,1408.54,1,2400.04,3.6,1
C108980,48,West,Health,Branch,1,84111,1864.62,0,0.0,3.9,0
C108981,75,North,Auto,Agent,8,48799,1670.51,0,0.0,3.1,0
C108982,48,West,Auto,Online,7,71259,1025.54,0,0.0,3.8,0
C108983,68,Central,Auto,Agent,12,39039,1382.62,0,0.0,4.3,1
C108984,67,West,Health,Partner,13,51637,912.51,0,0.0,4.0,1
C108985,30,Central,Life,Online,5,36553,1652.94,1,953.74,3.7,1
C108986,75,Central,Auto,Agent,12,53196,892.75,0,0.0,2.7,1
C108987,61,Central,Auto,Partner,9,56310,1811.0,0,0.0,3.0,1
C108988,24,South,Home,Partner,4,65620,1834.51,0,0.0,4.2,1
C108989,18,East,Life,Agent,8,41575,1075.12,1,2300.98,3.8,1
C108990,33,Central,Health,Online,0,48990,1487.33,0,0.0,4.0,1
C108991,18,Central,Health,Agent,0,73396,2111.21,0,0.0,4.3,1
C108992,38,North,Health,Online,6,30239,1760.01,0,0.0,4.2,1
C108993,75,North,Home,Agent,15,18000,1012.99,0,0.0,3.3,1
C108994,45,South,Home,Agent,9,40238,1063.3,0,0.0,3.9,1
C108995,19,West,Auto,Branch,10,62983,1319.24,0,0.0,4.0,0
C108996,46,Central,Life,Agent,13,53492,2351.01,0,0.0,3.9,1
C108997,30,East,Home,Partner,7,34789,1937.18,1,4690.37,3.8,1
C108998,67,North,Home,Branch,8,53285,2909.09,0,0.0,3.7,1
C108999,23,South,Auto,Agent,4,45400,1911.37,0,0.0,3.5,1
C109000,62,Central,Life,Online,4,23820,1624.93,0,0.0,3.8,0
C109001,43,South,Health,Branch,14,45874,1432.69,0,0.0,4.3,1
C109002,19,North,Health,Branch,11,65404,2030.8,0,0.0,4.7,1
C109003,57,South,Health,Online,2,46998,1134.77,0,0.0,3.9,1
C109004,44,Central,Auto,Online,6,24766,1111.56,0,0.0,4.4,1
C109005,62,East,Auto,Branch,12,83065,1342.76,0,0.0,4.1,1
C109006,53,North,Auto,Online,13,34122,1450.3,0,0.0,5.0,0
C109007,63,South,Auto,Branch,10,58712,1398.81,0,0.0,4.7,1
C109008,44,Central,Health,Online,0,67032,1948.58,0,0.0,3.9,1
C109009,18,East,Home,Agent,5,59591,1143.11,0,0.0,3.6,1
C109010,25,East,Home,Online,6,47817,1751.69,0,0.0,2.8,1
C109011,44,North,Health,Agent,2,19305,1675.84,0,0.0,3.8,1
C109012,41,South,Auto,Branch,6,73103,1079.73,1,1605.5,3.7,0
C109013,64,Central,Health,Online,5,31002,1568.79,0,0.0,4.0,1
C109014,41,West,Home,Online,9,69498,1870.34,0,0.0,4.1,1
C109015,67,East,Home,Online,5,71996,1632.76,0,0.0,4.3,1
C109016,28,Central,Auto,Online,5,30016,1313.08,1,1058.3,3.7,1
C109017,40,South,Life,Agent,13,29744,2310.35,0,0.0,3.2,1
C109018,61,Central,Home,Online,6,44924,1282.19,0,0.0,4.2,0
C109019,25,North,Life,Agent,3,68553,968.21,0,0.0,3.7,1
C109020,36,South,Home,Branch,11,41242,2104.91,0,0.0,3.5,0
C109021,61,Central,Health,Partner,4,53690,2195.56,0,0.0,4.8,0
C109022,52,Central,Life,Online,2,42963,1486.43,0,0.0,4.0,1
C109023,63,West,Life,Partner,12,66142,1598.8,1,1224.09,3.2,1
C109024,47,West,Home,Partner,3,40572,1375.32,0,0.0,4.0,1
C109025,67,Central,Life,Agent,0,39026,2206.34,1,5826.34,4.7,0
C109026,68,West,Life,Branch,1,33416,1145.3,1,2225.15,3.8,1
C109027,74,South,Home,Agent,11,32860,2460.91,0,0.0,3.5,1
C109028,25,East,Auto,Online,4,71153,1533.19,0,0.0,5.0,1
C109029,52,West,Health,Partner,6,45559,2074.03,0,0.0,4.1,1
C109030,24,East,Health,Partner,8,34882,883.73,0,0.0,4.1,1
C109031,31,Central,Home,Online,4,21921,1633.22,0,0.0,3.5,0
C109032,35,East,Health,Online,3,47132,1098.24,0,0.0,3.8,1
C109033,55,North,Health,Online,1,37225,1800.85,0,0.0,4.3,1
C109034,43,South,Life,Agent,1,33809,1455.7,0,0.0,4.1,0
C109035,68,Central,Health,Partner,14,38066,1346.24,0,0.0,2.6,0
C109036,35,North,Auto,Online,15,54192,1242.21,0,0.0,3.8,1
C109037,53,Central,Home,Agent,10,31103,1252.23,0,0.0,3.9,1
C109038,62,North,Health,Branch,7,46489,1670.19,0,0.0,3.0,1
C109039,74,South,Auto,Agent,12,67941,1201.0,0,0.0,2.9,0
C109040,32,Central,Health,Agent,13,42039,1954.34,0,0.0,4.3,0
C109041,60,East,Life,Agent,7,32846,1665.67,0,0.0,3.8,1
C109042,22,Central,Auto,Online,11,70995,1316.45,0,0.0,3.7,1
C109043,49,North,Health,Agent,1,50414,1413.94,0,0.0,3.6,1
C109044,42,East,Health,Online,2,48857,2944.0,0,0.0,4.2,1
C109045,73,East,Home,Branch,13,61379,1008.87,0,0.0,4.1,1
C109046,62,Central,Health,Online,8,50444,2049.97,0,0.0,4.4,1
C109047,71,North,Health,Branch,13,53258,1080.38,0,0.0,4.0,1
C109048,67,South,Home,Agent,9,23722,1968.64,0,0.0,4.2,1
C109049,41,West,Life,Partner,1,36889,2459.64,0,0.0,4.2,1
C109050,60,Central,Auto,Branch,2,85524,1520.29,0,0.0,4.5,1
C109051,19,Central,Health,Branch,8,33275,1183.71,0,0.0,3.9,1
C109052,50,Central,Home,Online,1,53236,1364.04,0,0.0,3.9,1
C109053,20,East,Auto,Agent,13,83355,1631.4,0,0.0,4.5,1
C109054,60,East,Home,Branch,4,64362,1142.48,1,5332.5,3.0,1
C109055,74,Central,Auto,Branch,11,57227,1005.6,0,0.0,3.4,1
C109056,57,Central,Auto,Branch,4,37571,1282.28,0,0.0,4.1,0
C109057,66,Central,Auto,Online,12,40780,533.32,0,0.0,4.4,0
C109058,31,Central,Auto,Online,4,46435,1364.39,0,0.0,3.5,1
C109059,75,Central,Home,Online,8,58068,1370.48,0,0.0,4.2,0
C109060,49,North,Home,Online,4,74906,1360.87,0,0.0,3.8,1
C109061,57,South,Home,Branch,14,54116,775.33,0,0.0,3.6,1
C109062,62,Central,Home,Agent,8,41725,1574.85,0,0.0,3.9,0
C109063,55,East,Health,Agent,8,50261,2467.78,1,2099.61,4.0,1
C109064,36,North,Life,Online,4,61372,1009.18,0,0.0,4.5,0
C109065,53,East,Life,Branch,2,58063,1178.32,0,0.0,4.4,1
C109066,55,West,Auto,Online,12,47523,508.7,0,0.0,4.1,1
C109067,67,Central,Home,Online,0,31835,2114.71,0,0.0,3.6,1
C109068,45,Central,Home,Branch,0,71386,1184.06,0,0.0,3.6,1
C109069,47,North,Health,Branch,10,47287,2830.25,0,0.0,3.7,1
C109070,47,East,Auto,Online,9,56417,1008.54,0,0.0,3.3,0
C109071,24,North,Auto,Online,5,39820,1483.24,0,0.0,3.4,0
C109072,23,Central,Life,Agent,12,39359,1345.47,0,0.0,2.5,1
C109073,19,North,Home,Agent,0,60953,949.79,0,0.0,3.5,1
C109074,56,West,Home,Online,6,29204,897.53,0,0.0,3.4,1
C109075,42,East,Life,Agent,14,31057,1477.51,0,0.0,3.9,1
C109076,68,West,Auto,Agent,5,79157,1600.71,0,0.0,3.6,0
C109077,58,East,Life,Agent,12,66871,1893.22,0,0.0,4.6,0
C109078,26,West,Health,Branch,4,59502,1938.96,1,4492.94,3.8,1
C109079,23,West,Home,Branch,3,32695,2125.83,0,0.0,2.0,0
C109080,39,North,Auto,Online,5,55971,1474.84,0,0.0,3.4,1
C109081,71,South,Auto,Online,4,50674,2024.96,0,0.0,3.7,1
C109082,20,East,Auto,Online,1,44039,1773.28,0,0.0,3.6,0
C109083,28,South,Auto,Online,14,50387,1477.43,0,0.0,3.7,0
C109084,19,West,Auto,Online,9,26244,1326.39,1,3057.2,2.8,1
C109085,41,South,Auto,Online,15,18000,1537.09,0,0.0,4.1,1
C109086,75,Central,Home,Branch,9,57345,554.2,0,0.0,3.5,1
C109087,57,North,Life,Branch,14,54909,1811.23,1,5346.24,3.0,1
C109088,46,West,Auto,Branch,6,56534,887.17,0,0.0,3.2,1
C109089,26,North,Auto,Agent,3,65853,1282.26,0,0.0,3.6,1
C109090,38,East,Health,Branch,15,61208,1818.12,0,0.0,5.0,0
C109091,48,South,Home,Agent,13,78726,963.58,0,0.0,3.5,1
C109092,33,West,Health,Branch,14,73230,1210.41,0,0.0,4.2,0
C109093,58,South,Life,Online,14,53052,1533.47,0,0.0,4.5,1
C109094,74,West,Auto,Partner,4,54848,1019.72,0,0.0,3.4,1
C109095,29,East,Health,Agent,8,56042,2630.77,0,0.0,3.9,1
C109096,32,Central,Life,Online,11,24391,1744.08,0,0.0,3.3,1
C109097,25,West,Health,Agent,14,68560,1819.22,0,0.0,2.5,0
C109098,60,West,Health,Online,1,62536,2187.48,0,0.0,3.9,1
C109099,44,Central,Life,Partner,14,22164,1604.19,1,5149.83,3.5,1
C109100,34,South,Auto,Agent,12,79892,1209.65,0,0.0,3.4,1
C109101,30,West,Auto,Partner,7,44294,1414.54,0,0.0,4.4,1
C109102,22,South,Auto,Partner,11,49764,794.29,0,0.0,4.0,1
C109103,45,West,Home,Agent,4,49419,2631.31,0,0.0,2.6,0
C109104,57,North,Life,Branch,5,48906,1322.47,0,0.0,3.5,1
C109105,31,East,Auto,Partner,3,95104,672.24,0,0.0,3.8,1
C109106,18,West,Health,Online,6,47300,1566.96,1,3417.77,4.0,0
C109107,45,East,Health,Online,4,46160,1589.47,0,0.0,4.1,1
C109108,57,South,Auto,Agent,9,52351,1641.67,0,0.0,3.9,1
C109109,38,East,Life,Agent,6,36729,913.16,0,0.0,4.2,1
C109110,32,Central,Health,Branch,4,57253,1470.95,0,0.0,2.8,0
C109111,26,South,Life,Agent,6,37219,1348.88,0,0.0,3.7,1
C109112,61,South,Home,Branch,9,61014,1259.54,0,0.0,3.3,1
C109113,67,Central,Auto,Branch,12,33227,1340.88,0,0.0,4.7,0
C109114,62,Central,Home,Agent,14,41431,1350.56,0,0.0,4.0,1
C109115,48,North,Home,Branch,4,33911,626.32,0,0.0,3.9,1
C109116,59,East,Auto,Partner,7,42423,1260.02,0,0.0,4.1,1
C109117,41,North,Auto,Online,11,19841,1396.35,0,0.0,3.8,1
C109118,19,Central,Home,Agent,3,18000,893.41,0,0.0,3.2,0
C109119,39,East,Home,Branch,11,46203,902.07,0,0.0,3.8,1
C109120,58,East,Home,Agent,8,24352,2198.22,0,0.0,4.0,1
C109121,55,South,Auto,Online,2,83209,1452.06,1,6043.05,4.7,1
C109122,75,East,Home,Partner,10,45538,2285.37,0,0.0,4.5,1
C109123,75,North,Home,Online,2,64755,1112.83,0,0.0,3.4,1
C109124,32,West,Auto,Online,8,57564,1213.61,1,1853.16,4.0,1
C109125,18,East,Auto,Partner,4,32872,1272.08,0,0.0,4.2,0
C109126,33,East,Health,Agent,0,44428,2042.88,0,0.0,3.0,0
C109127,68,Central,Home,Agent,10,65332,686.38,0,0.0,3.5,1
C109128,65,North,Auto,Agent,10,64159,1183.3,0,0.0,3.6,1
C109129,23,North,Life,Online,4,67595,1614.28,0,0.0,3.1,1
C109130,27,East,Auto,Online,0,40184,1836.25,0,0.0,3.6,1
C109131,50,West,Home,Partner,14,62514,1756.99,1,2247.45,3.4,1
C109132,56,North,Auto,Online,6,41112,821.67,0,0.0,4.4,1
C109133,74,West,Home,Online,13,70196,1473.38,0,0.0,3.7,0
C109134,61,East,Health,Branch,6,69640,2921.87,0,0.0,3.4,0
C109135,30,East,Home,Partner,11,27267,1317.73,0,0.0,3.5,1
C109136,20,East,Life,Branch,13,56967,745.13,0,0.0,4.5,1
C109137,54,North,Auto,Online,10,32283,1147.58,0,0.0,4.3,1
C109138,50,South,Auto,Online,13,66902,1383.22,0,0.0,3.2,1
C109139,71,West,Auto,Partner,1,31692,1734.36,0,0.0,3.8,1
C109140,51,East,Health,Branch,12,57806,1921.09,1,3754.78,3.1,0
C109141,47,East,Home,Branch,11,65297,1449.45,0,0.0,2.9,0
C109142,35,Central,Auto,Agent,13,53211,1430.47,0,0.0,3.7,1
C109143,23,North,Home,Branch,10,67509,1338.01,0,0.0,4.6,1
C109144,68,East,Health,Partner,3,57278,2612.52,0,0.0,3.9,1
C109145,65,South,Life,Agent,9,80199,1521.14,0,0.0,3.5,1
C109146,27,North,Health,Online,11,32170,1584.52,0,0.0,4.4,1
C109147,58,Central,Life,Online,15,45089,1128.77,0,0.0,4.3,0
C109148,39,Central,Health,Branch,11,18000,1761.55,0,0.0,3.6,1
C109149,43,South,Life,Online,13,46661,2549.38,0,0.0,4.6,1
C109150,67,Central,Health,Online,12,30634,1819.05,0,0.0,3.3,1
C109151,66,North,Auto,Agent,1,27037,1179.28,0,0.0,4.4,1
C109152,29,Central,Home,Branch,12,24002,783.05,0,0.0,4.1,1
C109153,35,Central,Health,Agent,11,43484,3403.45,0,0.0,3.9,1
C109154,65,South,Auto,Partner,2,56570,1643.43,0,0.0,3.5,1
C109155,71,East,Health,Online,3,60605,1976.19,0,0.0,2.8,1
C109156,22,West,Life,Agent,4,70035,1480.12,0,0.0,3.2,1
C109157,66,South,Home,Agent,9,68996,1019.35,0,0.0,3.8,1
C109158,46,South,Auto,Agent,12,31684,1500.17,0,0.0,3.4,1
C109159,52,West,Home,Branch,14,38633,1732.61,0,0.0,3.3,1
C109160,22,North,Health,Agent,2,55471,1628.76,0,0.0,3.9,0
C109161,57,North,Auto,Branch,15,55753,1016.9,0,0.0,3.1,1
C109162,57,South,Auto,Branch,1,76842,1353.37,0,0.0,3.7,0
C109163,56,West,Auto,Partner,9,46817,867.85,0,0.0,3.2,1
C109164,63,South,Home,Partner,15,65817,1631.73,1,2994.08,2.9,1
C109165,72,East,Auto,Agent,6,49428,1973.61,0,0.0,4.5,1
C109166,67,South,Auto,Branch,15,58439,1476.41,1,3178.61,2.9,1
C109167,61,South,Health,Agent,10,58990,1375.52,0,0.0,2.6,1
C109168,74,West,Life,Branch,5,51598,1424.81,0,0.0,4.8,1
C109169,57,North,Health,Online,14,34432,1819.19,0,0.0,3.6,0
C109170,56,West,Health,Agent,0,56980,715.0,0,0.0,3.1,1
C109171,49,East,Home,Partner,12,63578,1656.72,0,0.0,4.2,1
C109172,62,West,Auto,Branch,6,53926,423.98,0,0.0,3.4,1
C109173,22,South,Life,Online,11,18000,953.13,0,0.0,3.7,1
C109174,47,Central,Auto,Agent,0,48821,1141.84,0,0.0,3.6,0
C109175,42,North,Auto,Agent,14,64214,1066.48,1,3152.89,3.8,1
C109176,70,Central,Health,Branch,2,34364,2233.88,0,0.0,3.9,1
C109177,22,South,Auto,Online,9,71188,1202.92,1,1133.95,4.4,1
C109178,55,North,Auto,Agent,3,40971,1193.73,0,0.0,4.4,1
C109179,28,East,Home,Branch,14,46245,1023.05,0,0.0,3.8,1
C109180,69,South,Health,Agent,13,55711,1829.86,0,0.0,4.5,0
C109181,67,East,Auto,Online,13,35417,547.59,0,0.0,4.5,1
C109182,31,Central,Home,Branch,6,68414,1792.63,0,0.0,3.5,0
C109183,68,West,Home,Branch,2,74758,889.73,0,0.0,4.2,1
C109184,46,West,Life,Agent,0,32198,897.82,0,0.0,5.0,1
C109185,74,Central,Auto,Online,3,48661,1506.79,0,0.0,3.6,1
C109186,60,East,Life,Branch,10,86079,1557.08,0,0.0,3.8,1
C109187,19,North,Home,Agent,5,71789,350.0,0,0.0,2.4,1
C109188,29,Central,Health,Agent,1,22957,2459.65,0,0.0,3.9,0
C109189,41,South,Auto,Agent,15,73007,1016.48,0,0.0,4.2,1
C109190,30,North,Health,Agent,14,18000,2501.61,0,0.0,3.9,1
C109191,25,North,Auto,Branch,7,63063,1184.66,0,0.0,4.0,0
C109192,74,South,Home,Partner,3,36578,1864.73,0,0.0,4.2,0
C109193,68,South,Home,Branch,7,60279,1349.72,0,0.0,3.4,1
C109194,43,South,Auto,Online,3,56444,1480.76,0,0.0,3.3,1
C109195,30,East,Auto,Online,1,54409,1469.62,0,0.0,4.2,0
C109196,28,West,Life,Online,6,62542,1353.86,0,0.0,4.2,1
C109197,71,Central,Health,Branch,2,43072,1382.3,1,5011.02,3.2,0
C109198,37,North,Health,Agent,1,41220,1500.13,0,0.0,3.9,1
C109199,18,North,Life,Partner,15,68750,1368.29,0,0.0,3.7,0
C109200,41,East,Auto,Agent,0,52103,1057.79,0,0.0,4.2,0
C109201,44,North,Health,Online,13,41748,1835.45,0,0.0,4.3,1
C109202,54,South,Home,Agent,14,48795,1440.27,0,0.0,4.0,1
C109203,37,West,Auto,Agent,6,47234,1082.61,0,0.0,3.5,1
C109204,71,West,Auto,Online,13,45775,1430.56,0,0.0,3.4,1
C109205,55,South,Life,Agent,8,59976,2284.7,0,0.0,4.2,1
C109206,75,West,Auto,Online,14,36335,1622.06,0,0.0,5.0,0
C109207,39,West,Auto,Online,13,79374,1525.16,0,0.0,4.0,0
C109208,55,Central,Health,Agent,10,56029,1833.39,0,0.0,3.1,1
C109209,39,South,Home,Branch,9,18949,1688.76,0,0.0,4.7,1
C109210,58,West,Health,Partner,0,56951,2410.66,0,0.0,4.5,1
C109211,61,West,Auto,Online,4,35254,1086.86,1,721.24,4.4,0
C109212,36,South,Health,Agent,15,51505,3378.87,0,0.0,3.6,1
C109213,72,West,Health,Branch,14,49255,1122.03,0,0.0,3.6,0
C109214,67,West,Home,Partner,11,64200,2021.22,0,0.0,3.5,1
C109215,69,South,Life,Branch,7,63995,1701.26,0,0.0,3.5,0
C109216,30,East,Auto,Agent,6,55985,949.04,1,2680.11,3.6,0
C109217,59,East,Home,Partner,6,86373,1743.9,0,0.0,3.7,0
C109218,24,West,Home,Branch,11,38954,1097.01,0,0.0,3.8,1
C109219,24,North,Home,Online,4,76582,1313.27,0,0.0,4.1,0
C109220,74,East,Health,Online,9,77081,854.21,0,0.0,3.8,1
C109221,26,North,Auto,Partner,10,58072,1266.11,1,7489.76,2.8,1
C109222,68,West,Home,Partner,10,60258,1669.76,0,0.0,3.2,1
C109223,42,West,Health,Agent,2,69113,2476.48,0,0.0,3.7,0
C109224,35,East,Health,Branch,13,46316,2488.46,0,0.0,3.9,0
C109225,22,East,Auto,Online,6,42890,981.68,0,0.0,3.1,1
C109226,57,South,Auto,Branch,14,43827,1231.02,0,0.0,3.7,1
C109227,59,South,Auto,Agent,7,57264,1427.45,0,0.0,4.0,0
C109228,45,West,Auto,Agent,12,43556,1094.06,0,0.0,4.2,1
C109229,64,North,Auto,Agent,1,39000,887.33,0,0.0,3.9,0
C109230,36,West,Auto,Agent,14,33355,1316.1,1,5288.55,4.0,0
C109231,49,West,Auto,Partner,0,34291,1338.2,0,0.0,4.0,1
C109232,34,Central,Auto,Partner,9,40485,587.21,0,0.0,2.9,1
C109233,51,South,Life,Online,11,40896,1814.2,0,0.0,3.8,1
C109234,25,East,Health,Online,5,53931,1334.9,0,0.0,4.3,0
C109235,45,North,Auto,Online,15,38028,1416.83,1,3667.35,3.1,0
C109236,49,Central,Home,Online,10,60850,1800.0,0,0.0,4.3,1
C109237,50,West,Health,Agent,14,87420,1703.24,0,0.0,2.9,1
C109238,43,West,Auto,Agent,8,74492,429.85,0,0.0,4.5,1
C109239,55,West,Health,Online,11,32901,2753.78,0,0.0,4.0,1
C109240,47,South,Auto,Partner,0,46615,725.41,0,0.0,3.0,1
C109241,34,West,Health,Branch,1,29128,2526.62,0,0.0,3.2,1
C109242,30,Central,Auto,Online,9,55511,1218.09,1,2073.3,3.8,0
C109243,55,North,Health,Branch,5,56554,1300.69,0,0.0,3.6,1
C109244,72,Central,Auto,Agent,6,55131,1472.92,0,0.0,4.8,0
C109245,61,Central,Auto,Agent,9,33111,1508.17,0,0.0,3.6,1
C109246,55,Central,Home,Agent,5,40309,2155.05,0,0.0,3.9,1
C109247,71,Central,Auto,Online,15,69204,1815.12,0,0.0,4.8,0
C109248,70,South,Health,Agent,11,59144,1619.23,0,0.0,4.0,1
C109249,47,East,Auto,Partner,9,36375,1366.4,1,5632.51,3.3,0
C109250,24,North,Home,Branch,14,28889,1818.3,0,0.0,3.5,1
C109251,54,West,Health,Agent,0,50690,2185.92,0,0.0,4.3,1
C109252,54,North,Home,Branch,3,49794,1085.63,0,0.0,4.6,0
C109253,34,Central,Health,Branch,13,28848,2239.84,0,0.0,3.4,0
C109254,67,South,Life,Partner,12,46451,1895.86,0,0.0,3.4,1
C109255,68,North,Auto,Online,9,43277,992.78,0,0.0,3.6,1
C109256,37,North,Home,Online,2,41428,1709.85,0,0.0,4.0,0
C109257,45,West,Health,Branch,4,44296,2947.73,0,0.0,4.7,1
C109258,29,North,Health,Partner,9,56938,2810.97,0,0.0,4.3,1
C109259,28,South,Home,Agent,1,53612,530.38,0,0.0,3.8,0
C109260,33,North,Life,Partner,13,74594,2289.94,0,0.0,3.9,0
C109261,39,South,Home,Branch,5,55561,1683.28,0,0.0,4.1,1
C109262,33,Central,Auto,Online,14,66487,1628.97,0,0.0,3.0,0
C109263,26,East,Health,Partner,8,28176,2765.53,0,0.0,4.0,1
C109264,43,South,Auto,Branch,4,54733,998.47,0,0.0,5.0,1
C109265,54,North,Health,Agent,0,45297,2268.86,0,0.0,3.3,0
C109266,36,North,Health,Branch,13,65030,1391.41,0,0.0,2.5,1
C109267,48,South,Auto,Agent,10,56574,1584.99,0,0.0,4.7,1
C109268,33,North,Auto,Agent,14,80352,1418.82,0,0.0,3.5,1
C109269,58,North,Life,Agent,3,35227,1456.93,0,0.0,3.8,1
C109270,55,North,Auto,Agent,2,39197,1730.99,0,0.0,4.1,1
C109271,73,South,Auto,Agent,3,58142,1559.14,0,0.0,4.2,0
C109272,21,West,Auto,Online,6,49664,1244.0,0,0.0,4.8,1
C109273,67,North,Health,Online,6,35016,1430.26,0,0.0,4.3,1
C109274,37,West,Auto,Online,12,58719,1245.33,0,0.0,4.2,1
C109275,21,West,Home,Agent,15,43085,1265.75,0,0.0,4.4,1
C109276,58,Central,Auto,Agent,0,60110,1288.74,0,0.0,2.9,0
C109277,27,North,Auto,Agent,8,21402,1924.21,0,0.0,4.7,0
C109278,28,West,Auto,Agent,10,46719,1614.51,0,0.0,1.9,1
C109279,74,Central,Auto,Online,3,54825,1395.58,0,0.0,3.9,1
C109280,30,Central,Home,Branch,6,55048,919.14,0,0.0,3.9,0
C109281,49,Central,Auto,Branch,11,64583,836.02,0,0.0,4.1,0
C109282,29,North,Home,Branch,8,47600,1268.78,0,0.0,2.3,0
C109283,25,Central,Health,Online,1,60058,2398.79,0,0.0,3.1,0
C109284,18,Central,Auto,Branch,6,50750,1256.21,1,2242.99,3.9,1
C109285,18,South,Auto,Agent,5,65199,1302.81,0,0.0,4.6,0
C109286,45,North,Health,Branch,3,24321,1872.81,0,0.0,3.5,0
C109287,43,Central,Health,Online,1,18000,910.43,0,0.0,3.6,0
C109288,20,North,Health,Branch,5,74566,1599.85,0,0.0,3.6,1
C109289,38,West,Home,Partner,13,41766,1928.37,0,0.0,4.4,1
C109290,33,East,Auto,Partner,13,21339,1415.78,1,9105.19,4.4,1
C109291,51,West,Health,Partner,2,49106,2240.38,0,0.0,3.7,1
C109292,75,North,Health,Online,9,42665,1264.05,0,0.0,4.1,1
C109293,58,West,Auto,Agent,11,58643,918.71,0,0.0,3.5,0
C109294,71,East,Health,Online,7,60860,1616.23,0,0.0,3.9,1
C109295,29,Central,Health,Agent,0,44486,2461.87,0,0.0,3.9,1
C109296,30,North,Health,Branch,11,68721,2615.66,0,0.0,4.3,0
C109297,61,North,Home,Branch,2,30203,1164.71,0,0.0,3.3,1
C109298,35,South,Auto,Partner,2,18000,1679.65,1,2504.5,3.9,0
C109299,67,North,Health,Partner,4,54657,1500.36,0,0.0,3.1,1
C109300,44,Central,Home,Online,1,47357,1272.1,0,0.0,2.6,0
C109301,29,North,Health,Partner,14,18000,2482.73,0,0.0,4.3,1
C109302,66,South,Home,Partner,8,62968,1311.86,0,0.0,4.0,0
C109303,49,Central,Health,Branch,13,21430,1268.42,0,0.0,4.7,1
C109304,64,South,Health,Online,0,49976,2704.83,0,0.0,3.3,1
C109305,44,South,Auto,Online,3,65805,988.09,0,0.0,4.4,1
C109306,25,West,Health,Agent,2,56622,1127.5,0,0.0,3.5,0
C109307,57,South,Health,Online,1,55608,1037.76,0,0.0,4.5,1
C109308,25,Central,Auto,Online,11,43464,1325.68,0,0.0,4.0,1
C109309,56,West,Auto,Online,2,55033,989.67,0,0.0,3.7,1
C109310,42,South,Auto,Agent,14,61154,1165.57,0,0.0,3.3,1
C109311,63,East,Health,Agent,11,40397,2591.52,0,0.0,4.0,0
C109312,68,Central,Auto,Online,4,31645,1220.57,1,3406.0,3.6,1
C109313,41,South,Life,Partner,4,66189,2766.62,0,0.0,3.4,0
C109314,69,West,Life,Online,6,85331,2190.44,0,0.0,4.5,0
C109315,24,East,Life,Agent,8,78905,2177.29,0,0.0,4.1,1
C109316,24,East,Auto,Agent,10,18000,870.62,0,0.0,2.8,1
C109317,75,West,Health,Agent,7,74525,2043.54,0,0.0,3.4,1
C109318,51,North,Life,Online,12,40582,1915.31,1,7772.48,4.0,1
C109319,44,East,Home,Branch,12,84412,1182.14,0,0.0,3.4,1
C109320,27,North,Auto,Agent,4,33306,1352.29,1,3663.39,2.8,1
C109321,34,West,Home,Online,6,31691,885.39,0,0.0,3.2,1
C109322,57,West,Health,Agent,13,51099,2429.22,0,0.0,3.1,1
C109323,65,South,Home,Online,11,44769,1573.79,0,0.0,4.2,0
C109324,71,North,Life,Partner,15,45663,1996.63,0,0.0,3.6,1
C109325,41,Central,Life,Agent,1,68976,1439.14,0,0.0,2.8,1
C109326,44,South,Health,Online,1,74259,3188.15,0,0.0,3.4,1
C109327,27,South,Auto,Branch,8,35010,1070.71,0,0.0,3.5,1
C109328,22,North,Health,Branch,3,81526,1955.24,1,3614.25,3.7,1
C109329,43,East,Home,Agent,11,29849,1677.92,0,0.0,3.1,0
C109330,51,South,Health,Partner,11,41121,1262.2,0,0.0,2.7,1
C109331,24,Central,Health,Agent,7,97602,1361.86,0,0.0,3.9,0
C109332,41,West,Health,Online,0,58654,1838.84,1,1202.51,3.8,0
C109333,55,North,Health,Branch,5,40173,1990.7,1,828.17,4.3,1
C109334,65,East,Life,Partner,4,56751,1500.53,0,0.0,4.3,1
C109335,72,South,Home,Online,6,64700,2166.27,0,0.0,3.5,1
C109336,37,North,Health,Online,13,58072,2747.71,0,0.0,4.3,0
C109337,40,West,Health,Agent,11,75048,476.85,0,0.0,4.2,1
C109338,68,South,Health,Branch,10,36426,2943.21,1,3968.02,3.0,0
C109339,58,Central,Health,Online,0,40231,1723.24,0,0.0,3.9,1
C109340,33,East,Auto,Partner,10,35977,1120.64,0,0.0,3.6,1
C109341,57,South,Home,Online,8,37048,1400.61,0,0.0,3.9,1
C109342,27,Central,Home,Branch,9,52764,875.38,0,0.0,3.6,1
C109343,44,East,Health,Partner,6,32853,2743.66,0,0.0,4.6,1
C109344,35,North,Life,Online,8,57232,1070.1,1,6335.46,4.2,1
C109345,75,East,Life,Agent,5,63389,1127.46,1,2162.66,4.1,1
C109346,20,Central,Home,Online,12,29993,1614.86,1,2241.11,4.4,0
C109347,67,East,Life,Agent,6,40659,1469.56,0,0.0,3.4,1
C109348,34,East,Health,Agent,13,42812,1540.86,0,0.0,3.7,1
C109349,20,East,Life,Branch,14,48053,1772.61,0,0.0,4.1,1
C109350,56,South,Life,Agent,12,49037,2452.07,1,3224.2,3.0,0
C109351,57,North,Health,Agent,8,68296,2269.72,0,0.0,4.4,1
C109352,26,East,Auto,Online,7,69635,991.75,0,0.0,3.6,1
C109353,20,Central,Auto,Online,8,37448,1414.2,1,4290.57,2.6,1
C109354,24,West,Health,Agent,12,64450,1892.7,0,0.0,3.5,0
C109355,41,North,Home,Partner,13,76749,1088.49,0,0.0,3.5,1
C109356,25,East,Health,Branch,12,73772,763.41,1,1815.59,3.7,0
C109357,58,North,Home,Agent,11,55688,968.81,0,0.0,2.4,1
C109358,22,South,Home,Partner,7,51022,1285.03,0,0.0,3.9,0
C109359,63,West,Auto,Online,4,26735,1157.69,1,5466.02,3.7,0
C109360,68,South,Auto,Partner,5,44564,1239.26,0,0.0,4.6,1
C109361,59,Central,Home,Online,15,25109,1866.19,0,0.0,3.7,1
C109362,72,East,Auto,Online,6,72522,2016.49,1,290.69,3.8,1
C109363,72,West,Life,Partner,7,47253,1653.3,1,1544.02,3.4,1
C109364,20,Central,Life,Agent,7,50444,1833.34,0,0.0,3.8,1
C109365,37,West,Health,Partner,5,40886,2541.57,0,0.0,3.4,1
C109366,62,Central,Health,Branch,2,26615,778.82,0,0.0,5.0,1
C109367,37,Central,Life,Online,3,64826,1433.3,0,0.0,3.7,0
C109368,60,East,Life,Online,3,61036,2341.66,0,0.0,3.8,1
C109369,62,South,Health,Agent,3,68805,1683.15,0,0.0,4.3,1
C109370,75,South,Life,Agent,1,20460,1551.89,0,0.0,3.3,1
C109371,37,Central,Health,Agent,14,75738,2021.36,1,7004.56,4.4,1
C109372,38,North,Auto,Online,1,49739,1173.67,1,2233.83,3.8,1
C109373,19,Central,Health,Online,1,65992,1959.7,0,0.0,4.1,1
C109374,34,South,Home,Agent,9,18000,1265.69,1,3734.39,3.6,1
C109375,34,West,Life,Online,14,59384,2395.91,0,0.0,4.0,0
C109376,44,South,Auto,Agent,11,50677,710.13,0,0.0,3.7,1
C109377,42,Central,Health,Online,2,48028,2115.47,0,0.0,4.4,1
C109378,67,North,Health,Partner,9,50231,1088.96,0,0.0,2.9,1
C109379,62,South,Life,Agent,9,41270,2051.9,0,0.0,4.3,1
C109380,60,Central,Home,Online,11,26579,1753.98,0,0.0,4.2,1
C109381,18,South,Auto,Branch,4,29242,1605.57,0,0.0,4.9,1
C109382,45,South,Life,Agent,6,52483,2283.28,0,0.0,4.3,1
C109383,60,Central,Home,Agent,15,75605,1261.33,0,0.0,3.2,1
C109384,32,Central,Life,Online,12,71923,2381.89,0,0.0,4.1,0
C109385,42,North,Home,Agent,4,56146,1892.97,0,0.0,4.7,1
C109386,60,East,Auto,Partner,11,43203,682.72,1,5551.63,3.5,0
C109387,64,South,Life,Online,13,89135,1055.76,0,0.0,3.6,1
C109388,67,South,Health,Agent,11,64256,350.0,0,0.0,4.4,1
C109389,42,West,Life,Online,10,62704,2126.14,0,0.0,4.0,1
C109390,41,North,Auto,Agent,12,28016,1859.16,0,0.0,3.5,1
C109391,40,East,Home,Agent,8,56600,1493.02,0,0.0,3.0,0
C109392,56,South,Auto,Online,3,29719,2002.18,0,0.0,4.2,0
C109393,42,Central,Auto,Online,7,89470,1077.18,0,0.0,3.1,0
C109394,41,East,Life,Agent,9,36862,1640.81,0,0.0,4.3,1
C109395,27,South,Auto,Agent,12,41078,1760.68,0,0.0,4.0,1
C109396,45,Central,Auto,Partner,12,40313,759.13,1,2805.82,3.0,0
C109397,31,Central,Life,Branch,2,45337,1697.64,0,0.0,4.4,0
C109398,48,South,Health,Partner,1,64067,2567.96,0,0.0,3.6,1
C109399,69,Central,Health,Partner,2,52055,1027.5,0,0.0,3.3,1
C109400,62,South,Life,Online,3,52762,1528.7,0,0.0,3.1,1
C109401,45,South,Health,Partner,4,64944,1441.5,0,0.0,3.2,0
C109402,74,South,Auto,Partner,7,24687,1353.07,0,0.0,4.0,0
C109403,74,North,Home,Agent,11,65467,1449.24,0,0.0,3.7,1
C109404,43,West,Home,Agent,6,54424,1411.64,0,0.0,3.7,1
C109405,62,East,Auto,Agent,7,39350,1722.72,0,0.0,3.6,1
C109406,37,Central,Health,Online,14,54372,2037.06,0,0.0,5.0,1
C109407,68,South,Health,Online,12,54040,1770.96,0,0.0,4.6,1
C109408,39,North,Auto,Online,12,18000,1733.28,0,0.0,5.0,1
C109409,32,South,Auto,Agent,12,76746,1739.76,0,0.0,3.5,1
C109410,25,North,Life,Branch,0,73757,1869.77,0,0.0,4.2,0
C109411,66,Central,Auto,Online,11,28491,1625.25,0,0.0,3.6,1
C109412,35,West,Auto,Online,7,38395,1164.99,0,0.0,2.7,1
C109413,65,West,Life,Online,10,76365,1375.27,0,0.0,3.3,1
C109414,23,West,Health,Partner,12,63960,2385.94,0,0.0,4.7,1
C109415,47,South,Life,Branch,0,58999,1590.27,0,0.0,3.9,1
C109416,42,North,Life,Online,10,59846,1798.65,0,0.0,4.6,0
C109417,43,East,Health,Branch,14,58732,2540.2,0,0.0,3.1,1
C109418,27,Central,Health,Branch,8,32833,2512.6,1,3764.84,3.5,1
C109419,22,South,Auto,Branch,10,41837,963.94,0,0.0,3.7,1
C109420,38,North,Auto,Partner,1,69953,384.43,0,0.0,2.6,1
C109421,45,West,Auto,Agent,12,63813,1555.74,0,0.0,4.6,1
C109422,64,South,Health,Online,14,57112,2560.33,0,0.0,4.3,0
C109423,44,East,Health,Partner,5,40337,1102.27,0,0.0,3.5,1
C109424,32,North,Home,Branch,6,69806,2530.92,0,0.0,4.6,1
C109425,33,East,Auto,Online,8,34601,922.25,0,0.0,3.1,0
C109426,53,South,Health,Agent,2,78655,1355.49,1,3408.58,3.5,1
C109427,43,Central,Auto,Agent,1,38944,1717.85,0,0.0,3.6,0
C109428,70,West,Auto,Agent,1,36312,1168.46,0,0.0,3.5,1
C109429,43,North,Home,Agent,2,52543,1737.1,0,0.0,4.4,0
C109430,50,West,Home,Online,12,55827,620.18,0,0.0,4.0,1
C109431,21,West,Health,Agent,10,53747,1470.14,0,0.0,3.2,1
C109432,29,West,Health,Online,9,28190,2217.21,0,0.0,4.1,1
C109433,67,Central,Health,Online,1,59588,2266.3,0,0.0,3.5,1
C109434,37,Central,Life,Agent,4,69628,1249.33,0,0.0,3.6,1
C109435,42,South,Health,Agent,14,50540,2054.27,0,0.0,4.3,1
C109436,52,South,Home,Agent,8,24169,1099.61,0,0.0,3.4,1
C109437,21,South,Auto,Online,1,48196,1152.92,0,0.0,4.0,0
C109438,47,East,Health,Agent,15,31608,1268.23,0,0.0,3.5,1
C109439,38,Central,Health,Online,9,18000,1617.17,0,0.0,4.1,1
C109440,26,West,Auto,Online,7,42132,1394.87,0,0.0,4.2,1
C109441,42,South,Health,Branch,9,81234,3062.54,0,0.0,4.9,0
C109442,43,Central,Health,Agent,6,50514,2565.23,0,0.0,4.2,0
C109443,28,West,Auto,Agent,10,47085,1047.7,0,0.0,4.6,1
C109444,49,South,Life,Agent,4,64780,1990.54,0,0.0,3.7,1
C109445,61,Central,Auto,Online,5,63000,1715.28,0,0.0,3.5,1
C109446,33,South,Life,Online,2,25615,1484.03,0,0.0,3.4,0
C109447,74,East,Health,Agent,3,85643,2476.98,0,0.0,4.1,0
C109448,53,East,Auto,Branch,14,55560,1251.51,0,0.0,4.9,0
C109449,62,Central,Auto,Agent,3,68320,1323.43,0,0.0,3.7,1
C109450,22,South,Home,Branch,2,41289,1521.65,0,0.0,4.6,1
C109451,62,South,Home,Partner,7,18000,1037.52,0,0.0,3.0,1
C109452,37,West,Home,Online,0,49896,1318.97,0,0.0,4.1,0
C109453,59,Central,Health,Partner,6,32159,2210.14,0,0.0,3.7,1
C109454,64,North,Auto,Branch,2,73080,1146.43,0,0.0,3.5,1
C109455,32,South,Home,Agent,4,26494,1788.99,0,0.0,3.7,1
C109456,33,Central,Life,Agent,2,52478,1287.94,0,0.0,3.4,1
C109457,21,West,Health,Agent,13,62789,1105.16,1,1149.86,3.6,1
C109458,53,South,Life,Online,6,59653,1720.23,0,0.0,4.1,0
C109459,62,South,Health,Online,0,42983,2069.5,0,0.0,4.2,1
C109460,41,East,Health,Online,14,19958,1493.7,0,0.0,4.0,1
C109461,27,West,Health,Online,15,24874,2593.5,0,0.0,4.0,1
C109462,36,East,Auto,Online,2,38370,1490.47,0,0.0,4.0,1
C109463,41,West,Auto,Online,1,26618,651.75,0,0.0,3.7,1
C109464,71,North,Home,Partner,2,50642,1858.31,0,0.0,3.3,1
C109465,25,Central,Life,Online,4,38275,1864.98,0,0.0,3.8,1
C109466,37,North,Health,Partner,6,28730,2268.19,0,0.0,3.0,1
C109467,55,Central,Auto,Agent,12,26392,1190.52,0,0.0,3.4,0
C109468,31,North,Auto,Online,14,23345,1369.42,0,0.0,3.1,1
C109469,69,North,Health,Online,13,50984,2793.88,0,0.0,3.6,1
C109470,70,North,Home,Online,14,38790,955.66,0,0.0,4.0,1
C109471,40,South,Auto,Agent,0,52463,1638.8,0,0.0,3.1,1
C109472,61,East,Auto,Online,15,50607,1204.84,0,0.0,3.8,1
C109473,61,West,Home,Branch,10,48340,1118.94,0,0.0,4.0,1
C109474,57,Central,Auto,Agent,2,63651,1223.63,0,0.0,3.8,1
C109475,28,East,Health,Agent,15,25480,1323.68,0,0.0,4.0,0
C109476,20,East,Home,Agent,11,63748,1071.53,0,0.0,3.1,0
C109477,38,South,Auto,Branch,12,59066,1286.43,0,0.0,4.0,0
C109478,25,Central,Health,Partner,10,48440,2305.49,1,150.0,3.5,0
C109479,34,North,Auto,Agent,12,37456,950.55,0,0.0,4.7,1
C109480,55,South,Auto,Online,0,52711,1497.73,0,0.0,3.9,0
C109481,52,North,Life,Partner,8,60075,2528.74,0,0.0,4.1,1
C109482,30,South,Home,Partner,10,26798,1543.67,0,0.0,3.6,1
C109483,19,East,Auto,Branch,13,62977,1454.33,1,1509.66,3.4,1
C109484,31,North,Auto,Branch,11,83299,1109.86,0,0.0,3.4,1
C109485,44,North,Auto,Agent,3,50830,1257.15,0,0.0,2.0,0
C109486,63,Central,Life,Agent,10,75458,1500.02,0,0.0,3.2,0
C109487,39,North,Home,Agent,3,60549,1273.31,1,4451.54,4.0,0
C109488,34,West,Health,Agent,3,56743,1099.25,0,0.0,3.7,0
C109489,49,South,Auto,Branch,9,39387,702.8,0,0.0,4.3,1
C109490,22,Central,Life,Agent,5,45861,2105.77,0,0.0,4.6,1
C109491,31,West,Home,Agent,5,34345,1338.64,0,0.0,3.4,0
C109492,20,North,Auto,Branch,8,68978,1323.59,0,0.0,4.3,1
C109493,48,Central,Health,Online,3,38598,2212.84,0,0.0,3.0,1
C109494,43,East,Health,Agent,2,83716,1828.54,0,0.0,3.2,0
C109495,51,South,Health,Branch,6,59890,2001.19,0,0.0,3.8,0
C109496,53,West,Health,Online,2,59093,2273.11,0,0.0,4.0,0
C109497,40,West,Auto,Online,11,28176,489.09,0,0.0,4.1,0
C109498,68,South,Home,Online,11,63979,941.49,0,0.0,4.9,1
C109499,71,South,Home,Online,15,48034,941.33,0,0.0,4.8,0
C109500,24,North,Health,Agent,2,41846,2340.05,0,0.0,3.9,0
C109501,71,East,Health,Branch,11,40193,2590.13,0,0.0,3.8,1
C109502,29,Central,Auto,Agent,0,29658,1070.79,0,0.0,4.4,1
C109503,32,East,Health,Agent,9,52178,1938.74,0,0.0,3.5,1
C109504,48,Central,Home,Online,2,48994,1334.79,0,0.0,4.1,1
C109505,19,North,Health,Branch,11,28355,1560.88,0,0.0,2.9,1
C109506,39,West,Life,Agent,1,61266,1408.09,0,0.0,3.8,1
C109507,29,Central,Home,Branch,0,90313,1088.87,0,0.0,5.0,0
C109508,45,West,Home,Online,4,26368,1551.78,0,0.0,4.5,0
C109509,65,North,Health,Branch,5,49962,2360.88,0,0.0,4.0,1
C109510,71,South,Auto,Agent,12,81850,1059.95,0,0.0,4.2,1
C109511,30,North,Life,Partner,3,38007,1538.03,0,0.0,2.8,1
C109512,49,West,Home,Agent,12,59914,1070.79,0,0.0,4.2,0
C109513,45,Central,Life,Partner,7,59065,1629.03,0,0.0,3.9,1
C109514,42,South,Health,Agent,1,63849,1971.42,0,0.0,4.4,1
C109515,54,North,Health,Online,15,84987,2427.7,0,0.0,4.2,1
C109516,75,South,Auto,Branch,9,19783,1659.26,0,0.0,3.2,0
C109517,41,East,Health,Online,13,55436,2144.35,0,0.0,4.8,1
C109518,21,East,Health,Branch,1,42982,1312.29,1,4313.79,3.4,1
C109519,71,South,Life,Online,7,51284,1520.01,1,725.35,4.7,1
C109520,72,West,Home,Branch,2,52811,2663.94,0,0.0,3.6,1
C109521,36,North,Health,Agent,8,46705,3735.15,0,0.0,3.3,1
C109522,47,West,Health,Agent,12,32429,1467.46,0,0.0,3.2,1
C109523,68,East,Auto,Branch,13,33655,738.37,0,0.0,3.0,1
C109524,47,North,Auto,Branch,15,90261,1616.61,1,3842.05,4.0,1
C109525,45,West,Life,Branch,4,27132,1509.02,0,0.0,3.5,1
C109526,71,West,Home,Branch,4,74080,1673.55,0,0.0,4.1,1
C109527,66,East,Health,Agent,12,33369,2205.68,0,0.0,3.3,1
C109528,47,West,Life,Branch,12,53717,1416.03,0,0.0,4.1,0
C109529,27,East,Auto,Online,5,87427,2059.99,0,0.0,3.8,1
C109530,43,South,Life,Online,5,66307,1524.81,0,0.0,3.9,1
C109531,57,Central,Home,Branch,3,26114,1167.98,0,0.0,4.0,1
C109532,33,Central,Auto,Agent,12,45934,1205.18,1,4199.63,4.1,1
C109533,49,North,Home,Partner,1,51534,1324.19,0,0.0,4.0,1
C109534,56,Central,Auto,Partner,9,70550,1343.65,0,0.0,4.6,0
C109535,22,West,Health,Partner,6,52851,2354.66,0,0.0,2.9,1
C109536,51,North,Auto,Agent,8,49140,1189.04,1,2227.28,3.0,0
C109537,60,East,Auto,Branch,14,82959,1530.41,0,0.0,3.5,1
C109538,30,North,Health,Online,12,80446,1216.46,0,0.0,4.3,1
C109539,49,East,Health,Online,14,64576,2412.39,0,0.0,3.1,0
C109540,59,Central,Auto,Branch,11,40730,1283.88,0,0.0,3.2,0
C109541,20,South,Home,Branch,6,18000,1340.72,0,0.0,4.0,0
C109542,55,East,Auto,Online,15,28977,1364.88,1,3573.14,3.4,0
C109543,33,South,Health,Partner,8,24211,1988.1,0,0.0,2.8,1
C109544,41,East,Health,Partner,5,50899,2443.81,0,0.0,4.0,1
C109545,55,Central,Auto,Online,13,68883,1168.6,1,468.67,3.5,1
C109546,18,South,Life,Online,15,87565,2423.11,0,0.0,3.2,1
C109547,18,East,Health,Partner,7,74925,1330.34,1,1088.47,3.6,1
C109548,43,South,Auto,Online,13,39225,867.84,0,0.0,2.3,0
C109549,73,West,Health,Online,7,56571,1181.02,0,0.0,3.4,0
C109550,18,West,Health,Agent,7,59242,2407.74,0,0.0,4.8,1
C109551,63,West,Auto,Branch,8,23930,906.52,0,0.0,4.3,1
C109552,22,South,Auto,Branch,8,36275,1097.08,0,0.0,3.7,1
C109553,46,East,Health,Branch,14,44247,1492.52,0,0.0,4.0,0
C109554,42,West,Home,Branch,14,90339,891.92,0,0.0,3.0,0
C109555,45,West,Auto,Branch,12,58956,1330.34,0,0.0,4.6,1
C109556,22,East,Health,Agent,9,28337,2318.88,0,0.0,3.9,1
C109557,61,Central,Auto,Online,1,44353,650.03,0,0.0,3.9,1
C109558,33,South,Auto,Agent,5,60078,2319.98,0,0.0,3.8,1
C109559,62,North,Home,Agent,2,47480,1312.49,1,3784.74,3.5,1
C109560,56,Central,Auto,Online,0,45589,1569.8,0,0.0,3.8,1
C109561,49,North,Auto,Agent,10,65176,415.71,0,0.0,4.6,1
C109562,35,Central,Auto,Online,4,77227,1119.96,0,0.0,4.1,1
C109563,55,West,Health,Online,1,73891,1407.34,0,0.0,3.5,1
C109564,75,Central,Health,Agent,3,46596,1391.72,1,2497.28,3.3,0
C109565,71,East,Health,Online,1,49029,1829.11,0,0.0,4.5,1
C109566,71,Central,Health,Online,2,46436,1129.56,0,0.0,4.6,0
C109567,30,West,Home,Branch,7,71008,830.22,0,0.0,3.1,0
C109568,51,East,Auto,Branch,10,45000,1245.31,0,0.0,3.9,0
C109569,41,South,Auto,Branch,12,18000,1258.85,0,0.0,3.0,0
C109570,74,North,Auto,Online,6,60685,826.27,0,0.0,4.1,1
C109571,73,South,Home,Agent,11,61528,2833.69,0,0.0,3.4,1
C109572,68,Central,Auto,Branch,1,44704,1047.61,0,0.0,2.9,1
C109573,27,South,Auto,Online,2,85357,1213.88,0,0.0,4.6,1
C109574,36,West,Health,Online,5,42240,2042.21,0,0.0,4.6,1
C109575,59,East,Health,Agent,10,77518,2562.53,0,0.0,3.3,1
C109576,61,South,Home,Agent,2,27898,2065.02,0,0.0,3.9,1
C109577,38,Central,Health,Online,0,56975,2780.17,0,0.0,3.8,1
C109578,25,North,Auto,Online,9,37444,1149.65,0,0.0,3.8,1
C109579,25,East,Health,Agent,6,50685,1970.05,0,0.0,4.2,1
C109580,57,East,Home,Agent,6,65708,1173.53,0,0.0,4.0,1
C109581,44,North,Life,Agent,6,41745,1594.27,0,0.0,3.8,1
C109582,46,South,Health,Partner,14,39438,1203.09,0,0.0,5.0,1
C109583,65,West,Health,Online,1,47993,2975.76,0,0.0,3.8,1
C109584,18,North,Auto,Branch,9,119673,1912.45,1,9667.91,3.5,1
C109585,61,Central,Life,Agent,12,55641,2527.98,0,0.0,2.8,0
C109586,33,West,Home,Branch,12,54576,2182.3,0,0.0,5.0,1
C109587,72,North,Auto,Branch,1,59828,1192.72,0,0.0,3.0,1
C109588,73,South,Health,Agent,5,21111,2240.31,1,847.77,4.3,0
C109589,47,North,Health,Agent,15,68576,2279.74,0,0.0,3.2,1
C109590,36,West,Auto,Branch,12,64804,891.97,0,0.0,3.7,1
C109591,31,East,Home,Branch,14,19890,1352.63,0,0.0,4.1,1
C109592,28,North,Home,Online,11,95279,1970.02,0,0.0,5.0,0
C109593,75,East,Auto,Agent,1,52055,896.67,0,0.0,3.2,0
C109594,28,East,Life,Branch,15,31898,715.35,0,0.0,4.6,1
C109595,43,West,Life,Agent,13,57645,2534.02,0,0.0,3.4,0
C109596,45,North,Auto,Online,10,35641,1025.06,0,0.0,4.1,0
C109597,57,North,Health,Partner,0,23013,1828.98,0,0.0,3.1,0
C109598,66,South,Life,Partner,14,47094,1152.78,0,0.0,3.9,0
C109599,50,West,Health,Agent,14,47904,1502.76,0,0.0,4.1,0
C109600,61,West,Life,Agent,13,23658,1545.19,0,0.0,4.3,1
C109601,50,South,Auto,Online,4,37955,1101.77,0,0.0,4.3,1
C109602,43,South,Home,Agent,14,33405,1043.3,0,0.0,3.7,0
C109603,27,West,Health,Partner,0,45568,1172.67,0,0.0,3.5,1
C109604,30,North,Auto,Online,9,63658,1422.03,0,0.0,4.5,1
C109605,43,East,Home,Online,12,54544,1636.29,0,0.0,4.8,1
C109606,20,East,Auto,Partner,3,51412,1470.17,0,0.0,3.1,1
C109607,36,South,Auto,Agent,15,19148,1574.23,0,0.0,3.7,1
C109608,44,East,Auto,Partner,9,51494,986.9,0,0.0,3.5,0
C109609,45,South,Auto,Agent,2,32418,557.65,0,0.0,3.9,1
C109610,65,East,Auto,Online,14,21078,657.72,0,0.0,3.6,0
C109611,74,North,Auto,Partner,2,67797,1147.94,0,0.0,3.8,1
C109612,60,East,Auto,Online,15,28043,979.44,0,0.0,4.5,1
C109613,22,East,Auto,Branch,15,53694,1206.92,1,5495.81,2.6,1
C109614,41,North,Auto,Online,15,43231,1506.85,1,872.85,3.4,0
C109615,60,West,Home,Branch,5,34836,1488.99,0,0.0,3.8,1
C109616,52,West,Auto,Online,7,73958,429.15,0,0.0,3.5,0
C109617,44,Central,Home,Branch,12,41192,757.22,0,0.0,4.0,1
C109618,43,South,Auto,Partner,12,42414,1386.97,0,0.0,3.2,1
C109619,41,South,Auto,Online,3,38770,1351.3,0,0.0,4.1,1
C109620,51,South,Health,Agent,7,55166,2237.17,0,0.0,3.8,0
C109621,28,Central,Health,Branch,6,49129,957.55,0,0.0,3.3,0
C109622,48,East,Health,Partner,11,39368,2532.48,0,0.0,3.1,1
C109623,29,South,Home,Agent,12,35393,1199.62,1,8137.7,3.7,0
C109624,57,West,Auto,Partner,6,51256,1357.35,0,0.0,4.8,0
C109625,68,North,Auto,Partner,14,40293,1780.6,0,0.0,4.2,1
C109626,47,East,Home,Branch,4,83041,1441.01,0,0.0,4.1,1
C109627,40,East,Auto,Agent,12,42543,1429.64,0,0.0,3.6,1
C109628,72,West,Home,Agent,7,58015,1047.87,0,0.0,3.8,0
C109629,56,West,Health,Branch,1,50363,3122.85,0,0.0,3.2,1
C109630,42,South,Auto,Branch,4,46796,1379.28,0,0.0,3.3,1
C109631,19,West,Auto,Online,13,68188,1214.91,0,0.0,4.2,1
C109632,18,East,Health,Agent,6,62443,3119.96,0,0.0,3.2,0
C109633,30,North,Health,Branch,12,62097,2217.74,0,0.0,3.7,0
C109634,31,Central,Life,Agent,10,61898,2135.35,1,505.39,3.1,1
C109635,59,West,Auto,Agent,6,22941,2262.31,0,0.0,3.7,0
C109636,47,Central,Life,Online,3,59932,2078.44,0,0.0,3.3,0
C109637,75,West,Auto,Online,11,47547,1661.52,0,0.0,2.8,0
C109638,49,South,Auto,Online,10,42768,1199.66,0,0.0,4.2,1
C109639,70,East,Health,Agent,5,114286,1770.5,0,0.0,3.8,1
C109640,50,South,Life,Agent,1,25474,1100.76,0,0.0,4.1,0
C109641,38,North,Health,Branch,6,50370,1425.38,0,0.0,4.6,1
C109642,59,East,Home,Online,0,48917,894.14,0,0.0,4.1,0
C109643,44,South,Health,Online,12,50526,1437.27,0,0.0,4.4,0
C109644,33,North,Life,Branch,3,33748,2010.08,0,0.0,4.1,1
C109645,45,Central,Home,Online,6,56050,644.49,1,5522.26,4.6,1
C109646,56,North,Home,Partner,3,31773,1821.23,0,0.0,3.2,1
C109647,39,East,Health,Agent,14,57104,822.67,0,0.0,3.6,1
C109648,58,West,Health,Partner,13,54819,1224.26,0,0.0,3.5,1
C109649,74,West,Life,Branch,14,47605,1956.89,0,0.0,3.8,0
C109650,41,North,Health,Partner,12,50692,1976.89,0,0.0,3.4,0
C109651,35,West,Auto,Branch,1,80514,868.87,0,0.0,3.1,0
C109652,41,West,Life,Online,10,62407,893.16,0,0.0,3.6,1
C109653,66,Central,Home,Branch,7,55114,1513.76,0,0.0,3.3,0
C109654,28,South,Health,Online,11,59642,1512.05,0,0.0,3.5,1
C109655,74,North,Home,Agent,11,52724,856.01,0,0.0,2.8,1
C109656,42,West,Auto,Agent,10,61939,1181.6,0,0.0,4.9,1
C109657,66,South,Health,Branch,10,41094,2446.35,0,0.0,3.3,1
C109658,63,West,Auto,Branch,13,91792,1452.81,1,2337.08,4.1,0
C109659,63,West,Life,Partner,13,55382,2864.49,0,0.0,4.3,1
C109660,70,West,Home,Online,8,102874,1145.55,0,0.0,4.0,1
C109661,28,Central,Home,Partner,0,91902,1638.97,0,0.0,3.2,1
C109662,52,East,Auto,Branch,0,42932,579.53,1,943.85,4.0,1
C109663,23,Central,Life,Agent,0,56311,2017.45,0,0.0,4.2,1
C109664,35,West,Auto,Online,13,58580,1188.83,0,0.0,4.4,0
C109665,20,North,Auto,Agent,7,68808,1712.7,0,0.0,4.3,1
C109666,57,West,Life,Online,7,54363,1428.94,0,0.0,4.2,1
C109667,53,West,Home,Agent,4,73724,1438.19,0,0.0,4.1,1
C109668,60,Central,Life,Online,14,20336,1060.75,0,0.0,4.5,1
C109669,28,South,Health,Agent,3,41020,1393.59,0,0.0,3.4,1
C109670,37,South,Auto,Branch,14,48564,1172.6,0,0.0,3.7,0
C109671,57,Central,Health,Agent,10,40000,2173.23,0,0.0,3.0,1
C109672,65,North,Life,Partner,6,20825,683.69,0,0.0,4.6,1
C109673,69,West,Health,Online,10,67910,2668.07,0,0.0,4.2,1
C109674,22,East,Home,Agent,14,32074,1047.06,0,0.0,3.1,1
C109675,41,North,Auto,Partner,1,39862,1026.14,0,0.0,2.4,1
C109676,18,North,Health,Agent,0,65587,1810.23,0,0.0,3.8,1
C109677,65,Central,Home,Agent,2,74039,666.36,0,0.0,3.6,1
C109678,25,North,Life,Partner,10,41820,2433.05,0,0.0,3.5,1
C109679,65,West,Auto,Agent,8,33339,1102.48,0,0.0,4.0,0
C109680,27,West,Auto,Partner,10,37361,1935.4,0,0.0,4.3,1
C109681,18,West,Auto,Partner,6,72064,975.39,1,3049.79,4.2,1
C109682,68,East,Auto,Online,13,73083,1185.84,0,0.0,4.7,0
C109683,43,North,Home,Branch,7,58057,994.22,0,0.0,3.8,0
C109684,42,Central,Health,Branch,7,56446,1522.54,0,0.0,4.7,0
C109685,55,North,Auto,Partner,7,28263,1463.17,0,0.0,3.5,0
C109686,33,South,Home,Agent,3,60372,1895.9,0,0.0,3.9,0
C109687,58,Central,Home,Branch,15,66143,383.71,0,0.0,4.0,1
C109688,42,South,Health,Agent,0,54978,2394.82,0,0.0,4.1,1
C109689,33,South,Life,Agent,0,55634,1108.07,0,0.0,3.1,0
C109690,40,Central,Health,Branch,7,33429,2730.68,0,0.0,4.2,1
C109691,18,North,Auto,Partner,11,73032,936.66,0,0.0,4.1,1
C109692,35,North,Life,Online,7,27534,2035.64,0,0.0,3.2,1
C109693,52,East,Auto,Online,12,51701,673.42,0,0.0,4.0,1
C109694,25,West,Life,Partner,5,60236,1280.23,0,0.0,3.7,0
C109695,24,Central,Health,Agent,3,72538,2833.15,0,0.0,4.8,0
C109696,56,West,Life,Online,10,70966,1721.44,0,0.0,4.2,0
C109697,42,Central,Auto,Agent,3,72506,1549.38,0,0.0,3.5,1
C109698,25,North,Health,Partner,8,46562,1365.68,0,0.0,3.5,1
C109699,61,West,Life,Partner,10,93831,1370.0,0,0.0,4.3,1
C109700,62,North,Home,Online,1,71581,1801.62,0,0.0,4.0,1
C109701,20,Central,Life,Branch,3,45649,1371.15,0,0.0,3.8,1
C109702,29,Central,Auto,Agent,0,46809,1050.07,0,0.0,4.1,1
C109703,39,South,Health,Agent,3,65688,1587.14,0,0.0,3.8,1
C109704,60,Central,Health,Branch,14,43586,2154.56,0,0.0,4.5,1
C109705,22,West,Auto,Online,0,29006,520.32,0,0.0,3.7,0
C109706,64,North,Health,Agent,11,53486,1564.15,0,0.0,3.2,1
C109707,36,West,Home,Online,2,18000,1755.07,0,0.0,3.7,0
C109708,25,Central,Health,Online,7,58450,1408.47,0,0.0,3.9,1
C109709,68,South,Auto,Agent,0,63483,1147.27,0,0.0,3.8,1
C109710,23,North,Home,Partner,7,47212,1942.4,0,0.0,3.9,1
C109711,25,Central,Life,Agent,14,72699,1747.66,0,0.0,3.9,1
C109712,73,East,Health,Branch,1,67337,2468.37,0,0.0,3.4,1
C109713,48,East,Life,Online,4,33659,1515.29,0,0.0,3.1,1
C109714,44,West,Life,Partner,4,52796,1837.8,1,4666.9,2.4,1
C109715,57,West,Auto,Agent,11,42651,1438.99,0,0.0,4.2,0
C109716,54,South,Home,Partner,13,46184,1428.6,0,0.0,2.5,0
C109717,53,North,Life,Online,4,72633,2674.09,0,0.0,4.0,0
C109718,19,Central,Home,Agent,2,63257,981.46,0,0.0,4.0,1
C109719,50,East,Auto,Online,14,39084,1274.7,0,0.0,4.3,0
C109720,34,West,Health,Online,1,56035,2552.52,0,0.0,4.1,1
C109721,64,Central,Home,Agent,13,38397,2038.95,0,0.0,3.7,1
C109722,47,North,Health,Branch,8,43275,1532.35,0,0.0,3.1,1
C109723,25,Central,Auto,Online,12,79705,1153.49,0,0.0,3.6,1
C109724,69,West,Auto,Branch,13,97844,1165.0,0,0.0,4.5,1
C109725,34,Central,Home,Branch,11,84022,1770.96,0,0.0,4.1,1
C109726,33,South,Health,Agent,6,56993,934.64,0,0.0,3.2,0
C109727,72,South,Life,Branch,5,55311,2725.79,0,0.0,3.3,1
C109728,62,West,Health,Agent,10,70349,1229.46,0,0.0,4.9,1
C109729,67,Central,Home,Partner,8,53827,1596.27,0,0.0,3.1,0
C109730,56,Central,Auto,Branch,14,26335,728.13,0,0.0,3.8,1
C109731,70,East,Life,Partner,12,84741,1269.22,0,0.0,3.9,0
C109732,24,East,Life,Agent,14,30620,1733.31,0,0.0,4.3,1
C109733,52,North,Health,Branch,6,73741,2573.6,0,0.0,4.3,1
C109734,35,West,Auto,Partner,7,65676,1243.5,0,0.0,4.1,1
C109735,41,Central,Life,Online,14,85477,1702.32,0,0.0,4.0,1
C109736,31,West,Home,Agent,4,67525,1327.18,0,0.0,4.0,1
C109737,29,South,Health,Partner,13,41419,1539.58,0,0.0,5.0,0
C109738,43,Central,Health,Agent,9,71536,2391.9,0,0.0,5.0,0
C109739,71,North,Life,Agent,6,45460,843.74,1,8581.28,3.9,1
C109740,54,East,Home,Branch,14,34405,1540.7,0,0.0,3.6,0
C109741,38,East,Health,Branch,4,19033,1591.84,0,0.0,3.7,1
C109742,43,East,Health,Online,10,49774,1543.51,0,0.0,4.4,1
C109743,48,West,Auto,Agent,5,21605,1634.51,0,0.0,3.3,1
C109744,32,West,Home,Agent,15,77858,2075.99,0,0.0,4.2,1
C109745,48,North,Life,Online,8,23724,2604.04,0,0.0,4.0,1
C109746,58,North,Auto,Online,9,45159,965.54,0,0.0,3.1,0
C109747,32,East,Auto,Branch,5,45929,1837.96,0,0.0,4.0,1
C109748,51,West,Auto,Partner,0,55091,1170.97,0,0.0,3.4,0
C109749,59,East,Auto,Partner,15,36389,1224.28,0,0.0,4.4,1
C109750,48,South,Life,Partner,7,72426,1396.0,0,0.0,3.7,0
C109751,34,North,Home,Partner,10,54936,1656.2,0,0.0,3.0,0
C109752,50,West,Health,Online,14,51682,927.76,1,6243.37,3.4,0
C109753,64,East,Auto,Agent,5,40295,1631.32,0,0.0,3.9,1
C109754,30,East,Auto,Online,0,61894,1343.19,0,0.0,2.7,1
C109755,51,East,Home,Branch,12,77151,1160.12,0,0.0,4.1,1
C109756,57,South,Auto,Partner,9,100510,450.35,0,0.0,3.3,1
C109757,36,South,Auto,Online,10,35060,1740.24,0,0.0,4.4,1
C109758,40,North,Life,Agent,6,49543,1516.83,0,0.0,4.8,1
C109759,69,West,Health,Agent,14,18000,2621.34,0,0.0,4.4,1
C109760,39,South,Home,Online,6,64237,1100.16,0,0.0,3.9,1
C109761,52,South,Auto,Branch,0,27425,1272.99,1,3831.05,4.0,0
C109762,26,Central,Auto,Agent,9,56958,1581.67,0,0.0,4.1,1
C109763,71,South,Life,Agent,12,74228,2208.42,0,0.0,3.8,1
C109764,52,East,Home,Partner,6,44585,666.32,0,0.0,5.0,1
C109765,62,South,Home,Online,7,35222,1458.5,0,0.0,4.5,1
C109766,52,South,Health,Agent,14,75726,2809.97,0,0.0,3.5,1
C109767,38,North,Auto,Branch,9,64792,704.13,0,0.0,3.9,1
C109768,37,Central,Health,Agent,4,31664,1787.27,0,0.0,4.0,0
C109769,58,East,Auto,Agent,5,54515,1848.03,0,0.0,4.0,1
C109770,67,West,Auto,Agent,12,36633,1675.27,0,0.0,3.8,1
C109771,25,Central,Health,Online,11,71090,1762.44,0,0.0,4.1,1
C109772,67,North,Auto,Online,1,54213,870.06,0,0.0,3.8,1
C109773,66,West,Auto,Partner,12,79498,1276.64,0,0.0,4.0,1
C109774,24,North,Auto,Online,5,35232,1454.93,0,0.0,5.0,1
C109775,24,East,Auto,Partner,2,56088,1554.82,0,0.0,3.9,1
C109776,58,Central,Life,Online,2,51780,2600.12,0,0.0,3.9,0
C109777,66,North,Life,Partner,14,56585,1571.11,0,0.0,4.5,1
C109778,40,Central,Auto,Partner,3,41806,963.62,0,0.0,4.2,1
C109779,55,East,Auto,Online,8,18000,897.64,0,0.0,3.8,1
C109780,75,South,Life,Agent,9,64223,1394.76,0,0.0,3.2,1
C109781,36,North,Auto,Branch,7,52965,1224.3,0,0.0,3.0,1
C109782,31,East,Home,Agent,5,37037,1856.9,0,0.0,4.2,1
C109783,75,East,Auto,Partner,0,42967,1049.91,0,0.0,5.0,1
C109784,34,South,Home,Online,0,30953,1881.33,0,0.0,3.8,1
C109785,45,East,Auto,Partner,7,18550,855.36,0,0.0,2.4,0
C109786,43,North,Home,Agent,13,70697,1362.95,0,0.0,4.5,0
C109787,48,Central,Health,Agent,13,62288,2429.19,0,0.0,4.0,1
C109788,33,South,Auto,Agent,10,27676,1349.58,0,0.0,3.7,1
C109789,57,East,Health,Online,4,97445,1524.32,0,0.0,3.2,1
C109790,58,West,Health,Agent,15,31717,1437.08,0,0.0,4.5,1
C109791,29,West,Life,Online,6,64862,1599.85,0,0.0,4.0,1
C109792,45,Central,Health,Branch,12,52067,2581.94,0,0.0,4.4,0
C109793,21,Central,Auto,Agent,2,29267,1046.99,0,0.0,3.7,1
C109794,30,North,Health,Agent,8,58294,1852.53,0,0.0,4.8,1
C109795,75,South,Auto,Partner,3,48680,1394.17,0,0.0,3.8,1
C109796,47,West,Life,Partner,7,40535,1616.73,0,0.0,3.4,1
C109797,54,North,Home,Branch,12,75745,444.38,0,0.0,4.1,1
C109798,69,West,Auto,Online,15,63230,945.3,0,0.0,4.0,1
C109799,59,North,Health,Partner,1,64946,1750.76,0,0.0,3.1,1
C109800,63,Central,Home,Online,6,48125,1164.39,0,0.0,3.5,1
C109801,59,West,Auto,Agent,1,58339,1040.62,0,0.0,3.8,1
C109802,46,East,Health,Partner,8,51516,1315.91,0,0.0,4.6,1
C109803,54,East,Health,Online,15,60986,1998.37,0,0.0,3.7,1
C109804,34,Central,Health,Online,5,34512,2365.21,0,0.0,4.5,1
C109805,69,West,Health,Agent,6,18000,1228.81,0,0.0,3.7,1
C109806,28,Central,Health,Agent,4,76410,1982.54,0,0.0,4.5,1
C109807,69,Central,Home,Agent,13,51734,1024.4,0,0.0,4.9,0
C109808,68,North,Health,Branch,13,62291,1106.09,0,0.0,3.9,1
C109809,26,North,Home,Partner,12,39680,1647.87,0,0.0,3.5,1
C109810,59,South,Health,Partner,3,47972,2156.2,0,0.0,3.4,0
C109811,75,West,Home,Online,3,79366,1258.24,0,0.0,4.5,1
C109812,51,West,Auto,Branch,2,58550,1364.61,0,0.0,3.2,0
C109813,37,South,Health,Partner,3,91685,3065.94,0,0.0,2.8,0
C109814,69,Central,Health,Online,11,68049,1958.23,0,0.0,4.6,1
C109815,47,North,Auto,Agent,8,39973,487.92,0,0.0,3.3,1
C109816,25,West,Auto,Online,13,59949,1354.89,0,0.0,3.2,1
C109817,32,East,Health,Online,10,82282,832.96,0,0.0,3.5,1
C109818,57,East,Auto,Online,14,55965,1123.34,0,0.0,3.8,1
C109819,44,North,Health,Branch,0,63618,1688.69,0,0.0,3.0,1
C109820,30,West,Health,Agent,10,77430,2330.01,0,0.0,3.2,1
C109821,64,West,Health,Online,1,18000,1571.18,0,0.0,4.0,1
C109822,24,South,Life,Agent,5,64623,2177.84,0,0.0,3.5,1
C109823,30,East,Life,Online,7,76243,1908.49,0,0.0,4.2,1
C109824,45,West,Life,Online,8,38184,1750.72,0,0.0,4.3,1
C109825,20,South,Life,Partner,3,70815,1774.11,0,0.0,3.4,0
C109826,40,West,Auto,Agent,2,51906,1214.94,0,0.0,3.6,1
C109827,70,East,Auto,Branch,2,21542,1471.6,1,6455.72,3.9,1
C109828,72,Central,Auto,Online,3,66231,1038.82,0,0.0,4.5,1
C109829,68,West,Auto,Online,11,51828,1437.22,0,0.0,2.6,1
C109830,36,North,Life,Partner,14,50662,1378.15,0,0.0,3.0,1
C109831,21,West,Life,Online,5,63630,1652.85,0,0.0,4.1,1
C109832,65,South,Health,Agent,13,34915,1312.69,0,0.0,3.8,0
C109833,39,Central,Life,Branch,13,65893,1180.81,0,0.0,3.6,1
C109834,61,West,Home,Agent,4,35579,730.57,0,0.0,3.5,1
C109835,24,North,Health,Partner,3,79232,2092.9,0,0.0,3.3,1
C109836,56,West,Auto,Partner,6,72503,1102.02,0,0.0,4.6,1
C109837,52,North,Life,Online,1,79680,2540.55,0,0.0,3.3,1
C109838,71,Central,Home,Online,15,60356,1036.29,0,0.0,3.9,1
C109839,23,Central,Auto,Agent,12,44373,1059.74,1,775.26,3.5,1
C109840,41,West,Auto,Online,6,39024,1238.79,0,0.0,4.4,0
C109841,75,East,Home,Agent,8,37950,845.69,0,0.0,4.2,1
C109842,40,West,Home,Agent,5,48893,1829.34,0,0.0,3.8,1
C109843,56,East,Health,Partner,0,39646,1922.39,0,0.0,3.6,0
C109844,27,North,Life,Partner,3,57847,1870.28,0,0.0,3.2,0
C109845,60,Central,Health,Online,0,37503,2648.35,0,0.0,4.5,1
C109846,33,South,Life,Online,6,40801,1185.76,1,5839.28,2.7,1
C109847,51,South,Health,Partner,6,45144,2406.84,0,0.0,3.2,0
C109848,69,South,Home,Online,5,38029,1622.24,0,0.0,4.4,1
C109849,56,Central,Life,Online,10,45840,1124.16,0,0.0,3.4,0
C109850,45,Central,Home,Online,11,62509,1370.8,0,0.0,4.3,1
C109851,29,South,Auto,Agent,8,36090,953.61,0,0.0,4.5,1
C109852,37,South,Life,Online,5,30332,1705.4,0,0.0,4.6,0
C109853,67,Central,Health,Online,5,48792,1549.11,0,0.0,3.6,1
C109854,30,East,Auto,Online,7,31495,1204.68,1,1895.05,3.5,1
C109855,56,Central,Home,Branch,11,76059,1735.35,0,0.0,3.2,1
C109856,46,Central,Health,Online,5,39424,2419.33,0,0.0,4.0,1
C109857,36,West,Health,Branch,11,52866,2310.57,0,0.0,4.7,0
C109858,59,North,Health,Agent,5,60172,2527.99,0,0.0,3.8,1
C109859,39,West,Auto,Agent,8,29282,1563.06,0,0.0,3.8,1
C109860,34,Central,Auto,Partner,4,36795,980.92,1,3930.86,3.5,0
C109861,48,South,Home,Agent,1,40660,1560.34,0,0.0,3.7,1
C109862,61,Central,Auto,Online,7,66085,965.81,0,0.0,4.3,1
C109863,68,East,Health,Agent,11,84968,1571.52,0,0.0,3.0,0
C109864,54,Central,Health,Online,6,85407,1993.61,0,0.0,4.0,1
C109865,56,West,Auto,Online,12,74920,758.59,0,0.0,4.3,1
C109866,63,North,Auto,Partner,0,29680,657.04,0,0.0,4.3,1
C109867,33,East,Health,Partner,0,36224,1554.11,0,0.0,4.5,1
C109868,32,North,Life,Agent,14,76974,1596.81,0,0.0,3.4,1
C109869,46,South,Life,Agent,9,79460,1839.17,0,0.0,3.3,0
C109870,54,Central,Health,Agent,5,66323,1002.63,0,0.0,3.6,1
C109871,55,South,Auto,Online,10,66504,1281.92,0,0.0,4.4,0
C109872,26,Central,Health,Online,12,44277,2348.54,0,0.0,3.2,1
C109873,63,North,Health,Agent,14,82890,2210.42,0,0.0,3.9,1
C109874,39,West,Health,Online,14,38841,1271.0,0,0.0,4.1,0
C109875,68,Central,Health,Online,5,23010,1399.32,0,0.0,3.6,1
C109876,60,West,Home,Agent,0,66423,806.56,0,0.0,4.1,1
C109877,75,Central,Auto,Agent,6,41510,1206.5,0,0.0,3.1,1
C109878,54,Central,Life,Online,1,28626,2125.66,1,5021.18,4.4,1
C109879,48,West,Health,Partner,8,67804,532.11,0,0.0,4.1,0
C109880,28,West,Auto,Branch,3,19091,1729.93,0,0.0,3.6,1
C109881,41,North,Life,Agent,10,60178,1705.11,0,0.0,3.1,1
C109882,67,East,Auto,Online,14,43961,1220.67,0,0.0,3.9,1
C109883,40,South,Auto,Agent,3,80825,1533.04,1,5973.97,3.8,0
C109884,21,Central,Auto,Branch,8,60231,1220.54,0,0.0,3.5,1
C109885,32,West,Home,Agent,15,71329,1106.96,0,0.0,2.7,0
C109886,52,West,Health,Agent,4,32481,2773.2,0,0.0,3.3,1
C109887,54,Central,Health,Online,12,21507,595.02,1,1771.82,5.0,1
C109888,75,North,Auto,Online,0,45479,940.79,0,0.0,4.1,1
C109889,72,Central,Auto,Partner,10,63011,1185.85,0,0.0,3.6,1
C109890,48,North,Health,Online,0,53283,2295.81,0,0.0,5.0,1
C109891,50,South,Health,Agent,1,72714,2231.01,1,1373.54,4.0,1
C109892,64,West,Health,Partner,9,61836,2172.67,0,0.0,4.8,1
C109893,20,South,Health,Online,13,33110,3258.8,0,0.0,4.1,1
C109894,52,West,Home,Partner,11,60364,1219.12,0,0.0,4.3,1
C109895,45,West,Health,Partner,6,55095,2242.65,0,0.0,3.9,1
C109896,63,Central,Health,Branch,6,74875,2041.08,0,0.0,3.4,1
C109897,64,North,Health,Branch,7,35331,2743.52,0,0.0,3.7,1
C109898,56,North,Auto,Partner,4,40062,912.13,0,0.0,3.8,0
C109899,56,North,Health,Online,0,59144,1991.85,0,0.0,3.8,1
C109900,58,East,Auto,Branch,12,77448,1181.51,0,0.0,3.4,1
C109901,51,North,Home,Agent,8,48412,370.56,0,0.0,3.6,1
C109902,31,South,Health,Partner,13,62738,2104.55,0,0.0,3.6,0
C109903,34,Central,Health,Agent,9,52634,2053.73,0,0.0,3.5,1
C109904,61,Central,Life,Branch,6,51236,1081.3,0,0.0,4.6,0
C109905,53,Central,Health,Online,0,72734,2928.45,0,0.0,4.0,0
C109906,31,North,Auto,Online,11,53978,1162.57,0,0.0,3.2,1
C109907,68,East,Life,Branch,9,44034,1191.83,0,0.0,3.0,0
C109908,74,North,Health,Agent,13,42970,1807.89,0,0.0,3.6,1
C109909,54,South,Health,Agent,3,46472,1709.1,0,0.0,3.2,0
C109910,31,East,Auto,Branch,6,39543,1264.31,0,0.0,3.7,1
C109911,72,Central,Health,Online,3,47717,2252.42,0,0.0,4.9,0
C109912,31,West,Health,Online,2,53059,2317.86,1,2779.5,3.2,1
C109913,43,South,Life,Online,14,57161,2066.42,0,0.0,3.4,0
C109914,67,West,Home,Partner,5,34266,742.84,0,0.0,4.0,1
C109915,48,Central,Health,Online,0,44430,1646.57,0,0.0,3.4,0
C109916,32,North,Home,Agent,0,45310,539.77,0,0.0,2.7,1
C109917,22,Central,Life,Partner,5,38260,2345.72,1,9340.5,3.4,1
C109918,38,South,Auto,Branch,0,41571,940.09,1,1673.95,2.6,0
C109919,56,North,Health,Branch,14,68213,1365.45,0,0.0,3.3,0
C109920,59,Central,Auto,Agent,13,76552,1467.32,1,4654.88,3.7,1
C109921,30,North,Auto,Branch,14,46366,858.13,0,0.0,3.0,1
C109922,27,West,Home,Partner,13,39202,1649.42,0,0.0,4.3,1
C109923,58,North,Home,Partner,0,50537,1609.25,0,0.0,3.6,0
C109924,27,West,Life,Agent,10,53517,1276.97,0,0.0,4.7,0
C109925,21,West,Health,Branch,13,64457,1974.6,0,0.0,3.8,1
C109926,46,Central,Auto,Branch,13,44865,2064.46,0,0.0,3.7,1
C109927,51,Central,Auto,Branch,7,42243,667.64,0,0.0,3.8,1
C109928,32,West,Auto,Branch,14,96129,1421.36,0,0.0,4.1,1
C109929,30,South,Health,Online,2,28716,1757.09,1,1706.57,4.4,1
C109930,31,North,Health,Branch,10,68220,1453.46,0,0.0,3.2,1
C109931,37,West,Home,Agent,4,78815,1317.0,0,0.0,3.7,1
C109932,18,East,Auto,Online,14,47431,913.85,0,0.0,3.9,1
C109933,18,North,Auto,Online,14,59919,874.2,0,0.0,4.6,1
C109934,39,Central,Auto,Online,14,21817,848.7,0,0.0,4.1,1
C109935,19,South,Home,Agent,1,52448,1255.01,0,0.0,3.2,0
C109936,36,North,Auto,Online,4,72871,1040.16,0,0.0,3.9,0
C109937,51,Central,Auto,Branch,6,54169,946.61,0,0.0,3.0,1
C109938,19,East,Health,Partner,15,52688,1426.89,0,0.0,4.7,1
C109939,53,West,Auto,Online,10,83216,1627.4,1,3373.08,3.4,0
C109940,54,North,Health,Online,15,66744,1653.78,0,0.0,3.3,1
C109941,51,East,Home,Online,13,64748,1209.63,0,0.0,4.4,1
C109942,54,West,Auto,Branch,4,37410,1433.32,0,0.0,4.0,1
C109943,64,South,Auto,Online,3,18000,1695.8,0,0.0,4.9,1
C109944,22,West,Auto,Online,10,58715,1148.69,1,3374.08,3.8,1
C109945,27,South,Auto,Online,12,52100,1790.67,0,0.0,4.3,0
C109946,36,South,Life,Online,3,65726,1682.24,0,0.0,4.1,1
C109947,57,North,Home,Branch,10,54244,2293.02,0,0.0,3.6,0
C109948,68,South,Health,Branch,6,52799,1266.77,0,0.0,3.7,1
C109949,71,South,Health,Online,12,52552,2913.26,0,0.0,4.6,1
C109950,51,West,Auto,Agent,9,32025,1594.42,0,0.0,3.4,1
C109951,41,East,Health,Agent,11,18789,2126.95,0,0.0,3.8,0
C109952,41,North,Auto,Partner,0,36059,909.94,1,3183.29,2.3,1
C109953,21,East,Home,Branch,13,32153,1621.75,1,3076.26,3.9,1
C109954,44,South,Home,Branch,10,51176,1534.48,0,0.0,4.2,0
C109955,47,East,Auto,Partner,3,22606,1001.8,0,0.0,4.6,1
C109956,30,Central,Home,Agent,7,43434,783.84,0,0.0,4.0,0
C109957,62,West,Auto,Online,4,86730,1083.39,0,0.0,3.3,1
C109958,65,West,Auto,Branch,1,50658,1261.26,0,0.0,3.8,1
C109959,35,South,Auto,Online,7,52865,1223.86,0,0.0,5.0,1
C109960,71,North,Auto,Agent,10,52279,1430.16,1,987.28,2.8,1
C109961,24,West,Auto,Branch,12,55815,1711.87,0,0.0,3.9,1
C109962,70,East,Life,Agent,15,42524,2126.95,0,0.0,2.9,1
C109963,62,West,Auto,Agent,10,49027,1566.69,0,0.0,4.5,1
C109964,30,Central,Auto,Agent,0,42244,658.61,0,0.0,3.6,0
C109965,55,South,Auto,Online,6,25127,1760.08,0,0.0,4.4,1
C109966,36,Central,Auto,Online,7,73114,1460.26,0,0.0,3.1,1
C109967,64,East,Auto,Agent,15,36121,1634.07,0,0.0,3.7,1
C109968,27,South,Auto,Online,2,80811,1144.54,0,0.0,2.7,0
C109969,32,North,Auto,Partner,14,38234,1245.65,0,0.0,3.4,1
C109970,35,West,Auto,Agent,3,27546,1582.45,0,0.0,4.0,1
C109971,29,South,Auto,Partner,10,86846,1954.04,0,0.0,3.2,1
C109972,37,West,Home,Partner,7,25366,1289.21,0,0.0,4.5,1
C109973,52,West,Life,Agent,15,18000,1202.16,0,0.0,3.4,1
C109974,54,East,Auto,Agent,4,25965,1458.86,0,0.0,3.5,1
C109975,50,East,Home,Partner,7,49518,2091.94,0,0.0,3.2,0
C109976,28,West,Home,Online,10,27920,1542.18,0,0.0,4.9,1
C109977,29,East,Health,Agent,2,41873,2526.62,0,0.0,2.6,1
C109978,71,Central,Home,Online,4,18000,1762.95,0,0.0,4.0,1
C109979,32,North,Health,Branch,12,71574,1692.07,0,0.0,3.7,1
C109980,23,Central,Life,Branch,12,59558,2363.97,0,0.0,4.7,1
C109981,44,North,Auto,Agent,10,29215,1095.96,0,0.0,3.5,1
C109982,18,South,Health,Agent,2,18000,2062.64,0,0.0,3.6,1
C109983,37,West,Home,Agent,3,35732,1248.52,0,0.0,3.4,1
C109984,67,North,Life,Agent,14,63703,626.72,0,0.0,3.8,1
C109985,33,South,Health,Agent,14,71381,2148.04,0,0.0,4.2,1
C109986,58,North,Life,Partner,6,47759,1837.69,0,0.0,3.7,1
C109987,46,West,Home,Online,8,42974,1614.03,0,0.0,3.4,0
C109988,38,East,Home,Online,0,41586,766.28,0,0.0,3.6,1
C109989,56,North,Home,Online,10,57478,1701.46,0,0.0,4.2,1
C109990,52,East,Home,Branch,1,67867,880.57,0,0.0,4.1,0
C109991,36,South,Health,Partner,1,49423,2101.36,0,0.0,4.7,1
C109992,30,Central,Home,Online,8,45270,1956.86,0,0.0,3.7,1
C109993,71,North,Auto,Agent,13,66053,573.03,0,0.0,3.8,1
C109994,27,East,Life,Partner,14,78899,1985.05,0,0.0,4.0,1
C109995,73,East,Home,Online,6,46841,1170.81,0,0.0,4.3,1
C109996,45,East,Health,Partner,8,53529,2602.07,0,0.0,4.1,0
C109997,75,Central,Auto,Partner,8,38474,2103.08,0,0.0,3.0,0
C109998,38,South,Auto,Branch,7,53445,978.71,0,0.0,2.9,0
C109999,50,West,Auto,Online,11,35322,1434.08,0,0.0,4.1,1
C110000,53,East,Auto,Branch,12,77594,975.84,0,0.0,3.3,1
C110001,37,West,Home,Online,7,67950,1743.64,0,0.0,3.4,1
C110002,30,South,Life,Online,3,83266,1989.91,0,0.0,3.7,0
C110003,48,South,Home,Online,13,41920,1332.8,0,0.0,2.9,1
C110004,56,North,Health,Online,10,89267,2524.41,0,0.0,3.8,1
C110005,33,North,Life,Partner,6,56402,1338.66,1,1983.51,3.3,1
C110006,62,Central,Life,Branch,3,49592,1897.5,1,2769.41,3.2,0
C110007,55,West,Home,Online,6,74646,1929.96,0,0.0,3.3,0
C110008,27,South,Health,Agent,13,33631,2095.41,0,0.0,4.7,1
C110009,72,East,Home,Agent,5,52603,636.48,0,0.0,4.5,1
C110010,20,West,Health,Online,14,49185,1732.88,0,0.0,4.8,1
C110011,55,South,Auto,Online,3,59516,521.09,0,0.0,3.2,0
C110012,43,East,Health,Agent,3,44014,2428.52,0,0.0,3.9,1
C110013,55,West,Home,Branch,1,42291,877.5,0,0.0,4.9,1
C110014,62,South,Auto,Online,2,45147,899.86,0,0.0,4.0,1
C110015,57,East,Life,Partner,4,46771,2536.55,1,469.12,3.6,1
C110016,55,South,Life,Agent,11,53416,811.14,0,0.0,3.7,1
C110017,66,North,Health,Agent,8,75184,2359.79,0,0.0,3.8,0
C110018,58,West,Auto,Online,10,18000,1196.45,0,0.0,5.0,0
C110019,65,West,Auto,Agent,1,65795,1715.29,0,0.0,2.8,0
C110020,41,Central,Health,Agent,9,43500,2996.79,0,0.0,3.7,1
C110021,29,North,Home,Online,10,48780,1639.36,0,0.0,4.4,0
C110022,31,West,Health,Partner,8,32439,1520.24,0,0.0,3.4,1
C110023,53,Central,Auto,Agent,10,52831,972.23,0,0.0,4.1,1
C110024,48,West,Auto,Online,2,44955,726.42,0,0.0,4.0,1
C110025,22,Central,Auto,Online,7,47951,1569.53,0,0.0,4.5,1
C110026,29,Central,Health,Online,11,62496,1541.84,1,1205.13,3.5,1
C110027,74,Central,Health,Partner,2,63437,1687.43,1,1603.59,3.2,1
C110028,60,Central,Auto,Online,2,77560,1168.48,0,0.0,3.9,1
C110029,61,West,Health,Agent,11,41339,1604.28,0,0.0,3.7,1
C110030,29,East,Life,Branch,8,64282,1713.62,0,0.0,3.9,1
C110031,21,Central,Health,Online,3,63403,1518.41,0,0.0,4.2,1
C110032,34,Central,Auto,Agent,5,53580,723.25,0,0.0,3.9,0
C110033,67,North,Health,Branch,14,82338,2319.04,0,0.0,3.6,1
C110034,47,South,Life,Partner,5,40511,1525.77,0,0.0,3.2,1
C110035,63,South,Auto,Branch,5,54717,1059.34,0,0.0,3.9,0
C110036,46,Central,Auto,Online,13,57489,1294.94,0,0.0,3.3,1
C110037,46,South,Health,Online,3,30438,1420.81,0,0.0,4.1,1
C110038,52,South,Auto,Agent,7,74769,1123.66,0,0.0,3.6,0
C110039,73,East,Life,Agent,4,50081,2846.21,0,0.0,3.5,1
C110040,43,North,Home,Partner,7,59871,1475.7,0,0.0,3.5,1
C110041,52,Central,Auto,Online,4,80435,1315.25,0,0.0,3.9,1
C110042,71,East,Life,Online,14,55870,1302.59,1,835.92,3.6,0
C110043,39,South,Home,Agent,2,52726,1775.38,0,0.0,3.5,1
C110044,66,South,Health,Online,8,53195,1096.96,0,0.0,4.2,0
C110045,49,West,Auto,Agent,10,33911,1195.54,1,1504.1,3.4,1
C110046,68,West,Home,Online,12,45150,532.67,0,0.0,4.1,1
C110047,45,East,Life,Branch,1,49274,2184.01,0,0.0,4.3,0
C110048,54,South,Auto,Online,13,53768,1098.97,0,0.0,3.9,1
C110049,36,Central,Health,Agent,3,76816,2185.34,1,234.58,3.5,1
C110050,54,West,Life,Agent,11,68724,680.32,0,0.0,2.7,1
C110051,36,West,Health,Online,0,41423,1872.17,0,0.0,4.2,1
C110052,53,East,Auto,Agent,2,51577,1107.79,0,0.0,2.7,1
C110053,63,Central,Auto,Agent,8,77214,1777.13,0,0.0,4.0,0
C110054,43,West,Home,Branch,1,20968,2057.71,0,0.0,3.5,1
C110055,42,East,Home,Agent,7,47905,1466.66,0,0.0,3.6,1
C110056,36,Central,Auto,Agent,6,28489,1406.53,0,0.0,3.2,1
C110057,60,Central,Auto,Agent,7,95982,1558.99,1,3252.27,3.1,1
C110058,52,West,Health,Agent,1,65901,2287.75,1,6769.33,2.2,1
C110059,47,West,Home,Branch,11,43068,1751.84,0,0.0,4.4,1
C110060,19,East,Auto,Online,4,51356,966.03,0,0.0,3.8,1
C110061,24,East,Health,Agent,11,37208,3233.74,1,4345.86,3.3,1
C110062,18,South,Health,Partner,3,87844,1251.94,0,0.0,2.5,1
C110063,67,East,Auto,Agent,3,18000,1328.84,0,0.0,3.5,1
C110064,67,South,Auto,Agent,0,57894,1364.74,0,0.0,3.0,0
C110065,21,South,Life,Branch,13,50719,1512.27,0,0.0,2.6,1
C110066,20,Central,Life,Agent,6,33482,1051.03,0,0.0,4.0,1
C110067,63,North,Auto,Agent,2,47477,859.93,0,0.0,3.4,1
C110068,48,Central,Life,Online,3,22827,2486.38,0,0.0,5.0,1
C110069,35,South,Health,Online,2,80257,1863.16,1,3285.64,3.5,1
C110070,53,North,Life,Online,1,52461,1355.43,0,0.0,3.6,1
C110071,31,North,Life,Branch,1,68471,2005.82,1,3506.88,4.3,0
C110072,29,East,Health,Agent,11,43277,1519.17,0,0.0,3.6,0
C110073,39,East,Health,Partner,9,76203,2100.1,0,0.0,3.8,1
C110074,69,South,Auto,Online,14,52626,871.71,1,2049.76,4.4,1
C110075,62,West,Health,Online,15,71313,1868.05,0,0.0,4.0,1
C110076,29,East,Health,Agent,9,62214,1897.02,0,0.0,3.6,1
C110077,50,North,Home,Online,8,51395,873.66,0,0.0,4.6,1
C110078,69,South,Auto,Agent,14,69994,770.69,0,0.0,4.3,1
C110079,73,North,Home,Online,15,127337,1127.95,0,0.0,5.0,1
C110080,62,North,Life,Online,2,31639,877.58,0,0.0,4.4,1
C110081,25,South,Auto,Agent,9,49824,1517.58,0,0.0,3.8,0
C110082,31,West,Health,Agent,12,28714,2586.59,0,0.0,3.8,1
C110083,30,West,Home,Online,13,59465,1676.55,1,1236.25,3.7,0
C110084,26,Central,Health,Online,6,56064,2187.14,0,0.0,3.4,1
C110085,28,West,Life,Online,10,86968,1696.88,0,0.0,4.1,1
C110086,36,East,Health,Online,7,47381,1695.12,0,0.0,4.6,1
C110087,50,South,Auto,Partner,10,69133,1648.28,0,0.0,4.4,1
C110088,41,North,Health,Branch,10,18000,2015.22,0,0.0,3.4,0
C110089,42,West,Health,Online,9,54732,2159.15,0,0.0,3.6,1
C110090,32,South,Auto,Agent,12,36343,1553.3,0,0.0,4.3,0
C110091,26,South,Home,Online,1,62661,2087.73,0,0.0,3.5,1
C110092,75,Central,Health,Online,0,72724,2575.74,0,0.0,3.4,1
C110093,52,North,Health,Partner,13,41201,1282.33,0,0.0,3.3,1
C110094,31,North,Health,Online,6,61730,3170.51,0,0.0,3.8,1
C110095,64,Central,Health,Partner,6,45576,2199.49,0,0.0,4.5,1
C110096,66,South,Health,Branch,12,52852,2753.18,0,0.0,3.8,1
C110097,74,South,Health,Branch,8,59404,1521.54,0,0.0,3.6,1
C110098,27,North,Auto,Agent,8,33928,1261.83,0,0.0,4.5,1
C110099,55,East,Home,Online,14,34017,1070.06,0,0.0,3.6,0
C110100,74,Central,Life,Branch,5,67611,1937.61,0,0.0,3.3,1
C110101,64,West,Health,Branch,4,39807,1295.03,1,224.32,3.3,0
C110102,31,East,Home,Agent,0,75034,1406.12,1,418.01,3.3,0
C110103,69,South,Life,Online,15,20049,2073.84,0,0.0,4.1,1
C110104,42,South,Auto,Online,0,68836,1659.41,0,0.0,5.0,1
C110105,46,West,Auto,Online,6,52148,1314.49,0,0.0,3.3,1
C110106,50,South,Auto,Online,6,50316,1636.47,0,0.0,3.8,1
C110107,62,North,Health,Agent,14,54653,1172.32,1,5843.51,3.9,1
C110108,24,West,Auto,Partner,7,25974,1242.17,0,0.0,4.2,1
C110109,49,Central,Health,Branch,0,72197,1388.57,0,0.0,4.8,1
C110110,65,Central,Health,Agent,3,44255,2423.09,0,0.0,4.3,1
C110111,49,Central,Auto,Branch,8,36983,1133.18,0,0.0,3.6,0
C110112,33,East,Health,Agent,12,90962,2818.2,0,0.0,3.7,1
C110113,21,West,Auto,Agent,0,45720,1169.91,1,2309.2,3.0,1
C110114,49,Central,Health,Branch,11,36454,1876.6,1,1428.78,3.5,0
C110115,58,North,Auto,Online,2,66632,1674.89,0,0.0,4.2,0
C110116,49,East,Auto,Partner,3,56743,1079.15,0,0.0,3.7,1
C110117,74,South,Auto,Online,2,70179,786.42,0,0.0,3.8,1
C110118,52,Central,Home,Agent,3,53501,711.12,0,0.0,4.1,0
C110119,47,Central,Auto,Agent,9,69192,1684.59,0,0.0,4.3,0
C110120,21,Central,Home,Agent,13,88944,1855.22,0,0.0,4.2,1
C110121,50,South,Home,Agent,1,38359,1227.77,0,0.0,4.3,1
C110122,27,Central,Health,Online,14,43740,1735.68,0,0.0,4.1,1
C110123,60,North,Auto,Branch,3,23153,1043.06,0,0.0,3.2,1
C110124,27,North,Health,Agent,15,58840,2038.84,0,0.0,3.5,1
C110125,70,West,Auto,Agent,12,54252,1396.73,0,0.0,3.6,0
C110126,35,West,Home,Branch,10,74730,1280.21,0,0.0,3.9,1
C110127,43,Central,Home,Agent,7,51485,730.07,0,0.0,4.4,1
C110128,26,South,Health,Partner,14,50484,1684.74,0,0.0,3.9,1
C110129,30,South,Auto,Online,7,55523,1147.83,0,0.0,3.4,0
C110130,71,East,Home,Online,2,47785,2018.53,0,0.0,4.3,1
C110131,34,North,Health,Online,5,58625,2655.24,0,0.0,4.1,1
C110132,47,Central,Auto,Partner,2,56076,1164.56,1,3819.77,3.7,1
C110133,74,South,Home,Branch,4,61701,1415.54,0,0.0,4.9,1
C110134,54,South,Auto,Branch,0,47898,856.57,0,0.0,5.0,1
C110135,20,East,Life,Agent,7,61901,923.87,0,0.0,4.1,1
C110136,38,West,Home,Online,8,63108,1082.58,0,0.0,3.8,1
C110137,40,Central,Auto,Agent,8,46126,1075.25,0,0.0,4.2,1
C110138,34,South,Auto,Agent,3,50530,1117.62,0,0.0,2.4,1
C110139,31,North,Health,Online,4,48834,2222.18,0,0.0,3.1,0
C110140,47,Central,Home,Agent,9,29914,1571.8,0,0.0,4.5,1
C110141,39,East,Auto,Partner,5,43256,1224.23,0,0.0,3.5,1
C110142,35,South,Auto,Online,0,65691,1186.32,0,0.0,3.5,1
C110143,41,South,Home,Branch,11,67231,1351.22,0,0.0,4.4,1
C110144,37,Central,Auto,Agent,8,58094,932.29,0,0.0,3.9,1
C110145,31,West,Auto,Online,3,33762,494.79,1,2087.84,3.6,1
C110146,44,South,Home,Online,14,69617,1365.97,0,0.0,4.1,1
C110147,72,North,Health,Agent,4,85336,1901.78,0,0.0,4.2,1
C110148,47,South,Health,Branch,11,62681,1677.47,0,0.0,4.7,1
C110149,52,South,Auto,Agent,0,51950,1056.82,0,0.0,2.9,1
C110150,75,North,Health,Online,5,36449,2074.6,1,3911.8,4.0,1
C110151,53,South,Health,Online,3,51749,1847.19,1,2783.03,4.4,0
C110152,30,North,Health,Branch,1,43093,1732.51,0,0.0,2.5,1
C110153,41,South,Life,Agent,6,48416,1951.06,0,0.0,4.1,1
C110154,46,East,Auto,Agent,3,75206,752.8,0,0.0,3.7,1
C110155,45,East,Health,Online,4,67896,1106.79,0,0.0,3.1,1
C110156,26,Central,Life,Branch,8,45827,1274.58,1,648.53,3.4,0
C110157,24,South,Auto,Agent,13,53581,1185.64,0,0.0,4.8,1
C110158,38,Central,Life,Online,4,51913,1812.16,0,0.0,2.8,0
C110159,71,Central,Health,Agent,2,44200,2196.77,1,5212.61,3.9,1
C110160,59,Central,Auto,Branch,12,27817,1201.87,0,0.0,3.2,1
C110161,66,North,Auto,Partner,6,66904,1751.32,1,2178.5,4.7,0
C110162,28,South,Auto,Partner,14,73274,1021.28,0,0.0,5.0,0
C110163,42,West,Life,Agent,11,41066,1474.79,0,0.0,3.3,1
C110164,51,North,Life,Agent,2,40244,1917.3,0,0.0,3.6,0
C110165,43,North,Health,Agent,12,68340,2891.94,0,0.0,4.2,0
C110166,42,North,Auto,Agent,0,40013,1107.29,0,0.0,4.4,1
C110167,38,West,Health,Online,7,27040,2374.38,0,0.0,4.2,1
C110168,20,Central,Health,Branch,1,44008,1472.42,1,3065.78,2.6,1
C110169,67,South,Auto,Partner,12,76408,1561.08,0,0.0,3.3,1
C110170,72,Central,Auto,Online,12,42579,859.05,0,0.0,4.0,0
C110171,22,West,Health,Online,15,40330,2005.97,0,0.0,3.6,0
C110172,41,North,Health,Online,0,43522,1165.41,0,0.0,3.9,1
C110173,48,East,Home,Agent,13,31285,1225.81,0,0.0,3.1,1
C110174,63,North,Health,Agent,11,28284,1719.0,0,0.0,3.2,1
C110175,75,Central,Auto,Agent,13,47278,1366.67,0,0.0,3.1,1
C110176,42,West,Auto,Agent,6,26750,952.52,0,0.0,4.1,1
C110177,61,West,Home,Branch,10,44828,1322.84,0,0.0,4.2,1
C110178,72,West,Home,Online,6,56743,1170.15,0,0.0,3.9,1
C110179,66,South,Auto,Branch,10,58782,1415.71,0,0.0,2.8,1
C110180,34,Central,Life,Branch,11,49468,768.35,0,0.0,3.9,1
C110181,65,Central,Home,Agent,4,30430,1785.96,0,0.0,3.7,1
C110182,41,West,Auto,Online,5,44596,984.09,0,0.0,4.7,1
C110183,19,East,Auto,Partner,15,58214,350.0,0,0.0,3.7,1
C110184,62,North,Life,Agent,12,63172,1098.98,0,0.0,3.2,1
C110185,66,North,Health,Online,0,47086,1501.42,0,0.0,3.9,0
C110186,37,North,Auto,Online,1,39330,350.0,0,0.0,3.5,0
C110187,44,East,Health,Partner,12,53496,1305.07,0,0.0,3.5,1
C110188,39,West,Auto,Online,11,45633,1859.57,0,0.0,3.7,0
C110189,24,Central,Home,Agent,3,33668,1779.8,0,0.0,3.5,1
C110190,75,North,Home,Branch,14,57525,1681.33,0,0.0,3.6,0
C110191,19,South,Home,Agent,0,52332,1574.82,0,0.0,3.4,0
C110192,50,North,Health,Branch,2,32064,2328.92,0,0.0,4.1,1
C110193,18,Central,Home,Agent,8,40638,1712.86,0,0.0,3.1,1
C110194,57,West,Auto,Branch,8,48586,1207.81,0,0.0,3.8,1
C110195,70,East,Life,Online,3,24568,1951.1,0,0.0,3.5,0
C110196,55,East,Auto,Online,10,38915,1580.4,0,0.0,3.6,1
C110197,53,East,Auto,Online,13,63372,784.23,0,0.0,4.4,0
C110198,66,South,Life,Agent,2,43182,477.52,0,0.0,4.2,1
C110199,74,North,Life,Online,12,37628,2183.33,0,0.0,4.1,1
C110200,67,South,Health,Agent,8,71489,2074.37,0,0.0,4.3,1
C110201,31,South,Health,Online,14,58291,1315.88,0,0.0,4.9,0
C110202,50,East,Auto,Agent,4,64517,1294.11,0,0.0,4.1,1
C110203,65,South,Home,Online,10,37865,350.0,0,0.0,4.0,1
C110204,35,West,Auto,Agent,12,46881,1068.05,1,5651.55,4.0,1
C110205,57,East,Auto,Branch,5,51806,889.84,0,0.0,3.2,1
C110206,19,East,Health,Online,9,56083,2783.11,0,0.0,3.6,0
C110207,68,Central,Life,Branch,11,93144,1338.77,0,0.0,3.8,1
C110208,53,South,Life,Agent,6,53514,1946.71,0,0.0,3.9,0
C110209,61,West,Life,Online,10,71509,1177.76,0,0.0,3.3,1
C110210,65,North,Home,Online,11,93189,983.81,0,0.0,3.1,1
C110211,30,West,Auto,Online,3,82890,1413.76,0,0.0,3.7,1
C110212,44,East,Auto,Branch,11,54833,1970.49,0,0.0,4.0,1
C110213,67,South,Health,Online,9,72657,2229.3,1,2111.66,4.5,1
C110214,27,North,Auto,Partner,3,54296,1362.2,0,0.0,3.7,1
C110215,65,West,Home,Branch,13,51299,1657.27,0,0.0,4.0,0
C110216,34,West,Health,Agent,0,67139,1339.52,0,0.0,3.7,1
C110217,51,West,Life,Partner,9,67905,1587.15,0,0.0,5.0,1
C110218,47,East,Health,Online,3,61128,2193.78,0,0.0,4.1,1
C110219,57,West,Health,Branch,11,48984,2011.28,1,683.86,3.0,0
C110220,66,East,Home,Online,14,43307,958.32,0,0.0,4.2,1
C110221,38,South,Health,Agent,10,30278,1988.41,0,0.0,3.8,0
C110222,27,East,Auto,Online,6,54922,924.93,0,0.0,3.8,1
C110223,42,East,Home,Branch,10,56258,2316.05,0,0.0,3.4,1
C110224,53,Central,Health,Agent,3,66948,1440.08,0,0.0,3.7,0
C110225,61,East,Auto,Agent,1,25735,1436.3,0,0.0,3.5,1
C110226,61,East,Health,Partner,5,53874,1513.82,0,0.0,3.6,1
C110227,37,Central,Life,Online,9,48355,2073.04,0,0.0,4.1,0
C110228,72,Central,Auto,Partner,6,50965,1141.54,0,0.0,4.1,1
C110229,22,South,Health,Agent,1,74414,2103.4,0,0.0,3.6,1
C110230,24,Central,Auto,Branch,7,75069,1484.67,0,0.0,3.5,0
C110231,19,North,Health,Agent,13,70282,1069.43,0,0.0,3.6,1
C110232,71,Central,Life,Branch,7,53688,1182.12,0,0.0,4.1,1
C110233,28,North,Auto,Partner,7,48591,1362.34,1,4118.56,3.6,1
C110234,52,East,Home,Agent,4,73672,1250.56,0,0.0,3.3,1
C110235,65,Central,Home,Branch,7,82784,3190.65,1,5057.24,2.4,1
C110236,62,North,Auto,Partner,4,80779,1336.58,0,0.0,4.2,0
C110237,73,Central,Home,Branch,15,60805,2127.55,0,0.0,3.2,0
C110238,21,East,Life,Partner,12,52719,1488.27,0,0.0,3.1,1
C110239,41,North,Life,Branch,11,64450,1843.48,0,0.0,4.1,1
C110240,47,Central,Health,Online,10,65593,2312.54,0,0.0,3.1,1
C110241,58,East,Auto,Branch,5,44798,1678.71,1,6017.76,3.2,1
C110242,54,Central,Auto,Branch,10,48538,980.69,0,0.0,4.2,0
C110243,50,Central,Auto,Online,15,106853,1711.93,1,4067.81,3.9,1
C110244,35,North,Health,Online,3,44792,1540.54,0,0.0,3.6,1
C110245,24,South,Health,Online,13,67335,2298.74,0,0.0,3.7,1
C110246,43,South,Home,Branch,15,42741,846.33,0,0.0,3.3,0
C110247,33,East,Home,Branch,0,49762,1095.98,1,5019.01,3.2,1
C110248,50,North,Auto,Branch,1,35406,1207.52,1,3697.23,3.2,1
C110249,64,South,Life,Online,7,35450,1342.73,0,0.0,3.9,1
C110250,50,Central,Auto,Online,10,63114,944.76,0,0.0,4.4,1
C110251,51,North,Auto,Online,8,60969,1202.38,0,0.0,4.2,1
C110252,20,West,Home,Branch,11,85127,1387.77,1,220.23,3.5,1
C110253,55,East,Auto,Branch,13,52468,1131.81,0,0.0,3.5,0
C110254,43,North,Auto,Partner,4,54799,978.57,0,0.0,4.1,1
C110255,25,North,Life,Online,8,51228,1387.82,0,0.0,4.5,1
C110256,30,North,Life,Branch,1,34491,1298.54,0,0.0,3.7,1
C110257,63,West,Home,Agent,1,62608,1422.85,0,0.0,4.0,1
C110258,71,North,Auto,Partner,11,48955,1362.5,0,0.0,2.5,0
C110259,47,Central,Auto,Branch,14,26159,1391.93,1,6241.4,3.2,0
C110260,74,Central,Auto,Agent,9,71932,1753.59,0,0.0,3.0,0
C110261,28,North,Auto,Branch,11,41659,833.37,0,0.0,3.9,0
C110262,35,Central,Life,Online,15,57951,1146.37,0,0.0,3.3,0
C110263,71,Central,Auto,Branch,1,58590,1306.19,1,3655.63,5.0,0
C110264,28,North,Home,Branch,11,55783,1660.5,1,1215.42,3.9,1
C110265,56,Central,Auto,Partner,9,33922,1569.5,1,2091.2,3.7,1
C110266,30,South,Health,Online,14,77131,1400.52,0,0.0,3.6,1
C110267,37,West,Auto,Branch,4,38884,1258.35,0,0.0,3.5,1
C110268,45,North,Auto,Online,10,18000,1082.9,0,0.0,4.1,1
C110269,38,Central,Auto,Branch,13,67274,1772.86,0,0.0,4.9,0
C110270,68,Central,Life,Partner,7,66684,2810.7,1,3746.34,4.0,1
C110271,74,Central,Health,Online,4,30493,1429.26,0,0.0,4.1,1
C110272,47,Central,Home,Agent,15,51899,1654.16,0,0.0,3.6,1
C110273,48,North,Auto,Branch,2,71441,1123.3,0,0.0,2.6,1
C110274,21,West,Home,Branch,13,77415,1950.07,0,0.0,3.5,1
C110275,31,South,Home,Online,13,63025,1416.5,1,5109.37,3.4,0
C110276,20,North,Health,Partner,0,66884,2302.91,0,0.0,3.6,0
C110277,67,North,Home,Partner,5,64904,1673.65,0,0.0,3.7,0
C110278,31,Central,Life,Branch,9,49531,2292.78,0,0.0,3.8,1
C110279,37,West,Life,Agent,1,32398,1834.13,0,0.0,3.3,0
C110280,66,North,Life,Agent,2,47298,1982.58,0,0.0,4.2,0
C110281,59,Central,Health,Online,5,72236,2397.81,0,0.0,4.8,1
C110282,54,Central,Auto,Branch,15,72066,829.07,0,0.0,3.6,1
C110283,20,South,Auto,Online,6,55662,1580.47,0,0.0,4.0,1
C110284,50,East,Auto,Online,10,45998,1116.85,0,0.0,3.3,1
C110285,50,West,Auto,Online,9,83225,1873.58,0,0.0,3.3,0
C110286,36,West,Health,Branch,7,54232,1309.85,0,0.0,4.5,1
C110287,61,East,Home,Agent,1,63473,1937.88,0,0.0,4.2,0
C110288,71,East,Health,Branch,15,30282,1250.44,0,0.0,3.8,1
C110289,33,North,Home,Online,8,50991,1743.36,0,0.0,4.1,1
C110290,37,East,Life,Agent,5,71552,2435.41,0,0.0,4.0,1
C110291,36,South,Auto,Agent,7,27350,489.95,0,0.0,3.2,1
C110292,66,South,Auto,Agent,7,51304,1214.4,0,0.0,3.0,1
C110293,22,South,Home,Online,15,59361,1058.41,0,0.0,3.0,1
C110294,69,West,Health,Agent,6,77713,1949.27,0,0.0,3.9,1
C110295,62,East,Health,Agent,15,69568,2084.71,0,0.0,4.4,1
C110296,46,East,Life,Partner,2,82477,2314.23,0,0.0,4.0,1
C110297,51,North,Auto,Agent,3,66973,1446.6,0,0.0,3.3,1
C110298,69,Central,Health,Online,2,68013,2785.34,0,0.0,2.7,1
C110299,62,South,Life,Online,15,34804,650.43,0,0.0,4.4,1
C110300,34,East,Health,Online,9,34286,1669.83,0,0.0,4.0,1
C110301,20,South,Health,Online,7,82251,2703.88,0,0.0,3.9,1
C110302,56,West,Auto,Branch,1,43837,1182.38,0,0.0,3.8,1
C110303,26,East,Auto,Branch,2,42247,1216.99,0,0.0,3.3,0
C110304,23,East,Auto,Online,14,18000,848.44,0,0.0,3.7,1
C110305,74,Central,Health,Partner,15,71084,1333.48,0,0.0,3.5,1
C110306,45,West,Health,Online,5,31858,1965.58,0,0.0,4.2,1
C110307,55,East,Life,Branch,11,37235,1219.63,0,0.0,3.4,1
C110308,30,East,Health,Online,5,71698,1881.67,0,0.0,3.7,1
C110309,23,Central,Auto,Agent,15,18000,1425.59,0,0.0,3.4,0
C110310,21,Central,Home,Branch,2,76457,1552.52,0,0.0,3.3,1
C110311,38,West,Auto,Online,1,37074,925.1,0,0.0,3.6,0
C110312,18,West,Home,Online,5,49356,1121.3,0,0.0,3.9,1
C110313,42,Central,Auto,Branch,2,38035,1244.85,0,0.0,4.0,1
C110314,36,Central,Home,Branch,11,28061,1510.48,0,0.0,4.3,1
C110315,48,North,Life,Partner,14,38340,2062.89,0,0.0,5.0,1
C110316,52,Central,Auto,Agent,15,37109,1264.64,0,0.0,4.3,0
C110317,35,West,Health,Online,15,29842,1767.35,0,0.0,4.3,0
C110318,44,East,Health,Agent,3,79765,1013.63,0,0.0,3.6,1
C110319,22,East,Auto,Branch,0,34548,1148.91,0,0.0,4.2,0
C110320,35,South,Auto,Online,2,18033,782.94,0,0.0,4.7,1
C110321,74,Central,Home,Online,12,18000,1433.13,0,0.0,4.1,1
C110322,75,West,Auto,Branch,2,59842,1540.78,0,0.0,3.7,1
C110323,46,South,Auto,Branch,10,20787,722.33,0,0.0,4.1,1
C110324,72,West,Home,Agent,9,48793,1482.96,0,0.0,4.7,1
C110325,47,North,Health,Branch,12,87452,1295.71,0,0.0,3.4,1
C110326,25,East,Auto,Online,1,55274,1671.49,0,0.0,4.6,1
C110327,68,East,Life,Agent,7,57834,1126.61,0,0.0,4.2,1
C110328,42,West,Life,Branch,1,42466,1147.68,0,0.0,3.4,1
C110329,53,North,Life,Online,0,51759,1318.59,0,0.0,3.7,0
C110330,55,North,Health,Agent,11,48116,2222.57,0,0.0,4.0,1
C110331,35,South,Auto,Agent,8,57557,1097.63,0,0.0,3.4,1
C110332,60,West,Auto,Agent,12,81829,1091.17,0,0.0,4.5,1
C110333,47,Central,Life,Partner,1,44313,2335.03,0,0.0,4.1,0
C110334,39,West,Life,Partner,5,37818,1040.82,0,0.0,3.0,1
C110335,35,West,Home,Agent,2,50640,1082.34,0,0.0,4.1,1
C110336,61,South,Health,Branch,9,69283,2492.39,1,3744.22,3.6,0
C110337,32,North,Health,Partner,8,45909,1444.11,0,0.0,4.0,0
C110338,25,Central,Home,Branch,11,56798,1762.55,0,0.0,4.2,1
C110339,69,East,Auto,Branch,1,61204,1305.59,0,0.0,3.8,0
C110340,37,North,Health,Online,0,90747,1666.55,0,0.0,4.1,1
C110341,55,East,Home,Branch,13,68605,2459.76,0,0.0,3.4,1
C110342,59,West,Home,Online,10,36291,1827.56,0,0.0,4.8,1
C110343,66,South,Health,Online,1,18000,3476.44,0,0.0,4.2,1
C110344,54,North,Home,Agent,4,54707,1482.58,1,5031.35,2.8,0
C110345,59,West,Auto,Online,6,39307,803.79,1,3708.88,4.1,0
C110346,66,North,Auto,Online,6,43256,1117.64,0,0.0,3.0,1
C110347,72,East,Auto,Agent,11,34072,1379.55,0,0.0,2.9,0
C110348,20,Central,Auto,Online,5,42905,350.0,0,0.0,4.8,1
C110349,61,Central,Auto,Partner,9,42546,1135.75,1,778.59,4.3,1
C110350,28,South,Health,Partner,11,49917,2303.21,0,0.0,3.7,0
C110351,69,North,Health,Branch,1,39890,1503.39,0,0.0,4.0,1
C110352,20,East,Health,Online,7,39092,2015.91,0,0.0,4.1,0
C110353,32,South,Health,Agent,4,61540,2819.72,0,0.0,3.6,1
C110354,29,Central,Home,Online,12,51954,1553.1,0,0.0,3.5,1
C110355,52,West,Auto,Agent,2,52080,1650.23,0,0.0,3.0,1
C110356,18,East,Auto,Online,5,51111,1054.54,0,0.0,4.4,1
C110357,18,West,Auto,Agent,9,35889,1310.36,0,0.0,3.6,1
C110358,47,South,Auto,Online,8,77863,994.64,0,0.0,3.0,1
C110359,74,East,Health,Partner,0,88582,1747.88,0,0.0,3.6,1
C110360,48,Central,Life,Online,14,74293,1144.17,0,0.0,3.8,0
C110361,43,South,Auto,Agent,1,20244,1320.23,0,0.0,5.0,1
C110362,56,South,Health,Online,7,40091,1596.99,0,0.0,3.7,0
C110363,50,Central,Auto,Agent,0,64744,1700.22,0,0.0,3.8,1
C110364,40,East,Auto,Partner,9,38498,1232.66,0,0.0,3.9,1
C110365,52,South,Life,Online,5,39381,1626.47,0,0.0,4.0,1
C110366,18,North,Health,Online,10,27316,2794.09,0,0.0,3.7,1
C110367,32,East,Home,Online,10,45478,2202.42,1,2049.98,3.8,0
C110368,57,East,Life,Agent,14,37212,1434.26,0,0.0,3.4,0
C110369,37,East,Health,Agent,0,18000,1318.33,0,0.0,4.1,1
C110370,21,South,Auto,Branch,10,72726,1627.59,0,0.0,3.8,0
C110371,25,South,Home,Branch,5,59500,852.26,0,0.0,3.4,1
C110372,68,West,Home,Online,9,27959,1093.99,0,0.0,4.4,1
C110373,37,Central,Health,Partner,15,67623,2747.81,0,0.0,4.0,0
C110374,19,West,Health,Branch,13,54284,1537.84,0,0.0,3.6,0
C110375,60,West,Health,Agent,15,72867,1617.63,0,0.0,4.4,1
C110376,48,Central,Auto,Agent,15,65217,1553.47,0,0.0,3.9,0
C110377,44,North,Home,Branch,12,38044,2182.06,0,0.0,4.2,1
C110378,69,South,Auto,Agent,14,64040,1739.51,0,0.0,3.4,1
C110379,36,North,Auto,Agent,10,64802,1075.35,0,0.0,3.7,0
C110380,51,South,Health,Online,1,71000,2102.4,0,0.0,4.3,1
C110381,61,Central,Health,Agent,14,69954,2343.29,0,0.0,3.7,1
C110382,53,South,Life,Agent,10,89409,2697.48,0,0.0,3.6,1
C110383,30,Central,Health,Online,13,69147,1372.37,0,0.0,4.5,0
C110384,57,North,Home,Partner,5,37879,1836.72,0,0.0,4.5,0
C110385,61,East,Auto,Online,9,55191,813.47,0,0.0,4.0,1
C110386,25,South,Health,Online,6,33117,2219.14,0,0.0,3.1,1
C110387,27,South,Auto,Agent,0,73769,1428.23,0,0.0,4.3,0
C110388,57,South,Health,Branch,10,36587,1243.41,0,0.0,2.7,1
C110389,24,West,Home,Online,4,92161,1595.03,0,0.0,4.0,1
C110390,69,East,Auto,Branch,2,46736,2132.14,0,0.0,4.5,1
C110391,24,Central,Life,Agent,3,51209,1062.27,0,0.0,3.3,1
C110392,74,Central,Health,Online,11,43636,3150.6,0,0.0,4.3,0
C110393,56,East,Home,Online,11,39096,925.13,1,6599.41,3.0,1
C110394,43,Central,Health,Agent,4,42454,2615.88,1,831.4,3.3,0
C110395,33,North,Home,Agent,5,56170,2199.5,0,0.0,4.3,1
C110396,37,South,Health,Online,13,52318,2199.7,0,0.0,3.9,0
C110397,61,East,Auto,Agent,7,44314,1119.73,1,1082.45,2.2,1
C110398,61,East,Life,Agent,5,57517,1423.81,0,0.0,3.6,1
C110399,30,East,Home,Partner,13,42229,1386.56,0,0.0,2.9,0
C110400,49,East,Health,Branch,0,51910,1772.46,0,0.0,3.6,1
C110401,75,Central,Home,Online,10,83785,1182.04,0,0.0,3.6,0
C110402,32,South,Auto,Agent,9,41685,1183.97,0,0.0,2.4,1
C110403,58,Central,Home,Online,6,46539,1501.82,0,0.0,3.5,1
C110404,27,East,Health,Agent,11,31213,2428.55,0,0.0,3.2,1
C110405,66,East,Home,Online,4,45910,1547.27,1,1517.25,3.7,0
C110406,27,South,Auto,Partner,9,58742,1110.21,1,2824.64,3.1,1
C110407,35,South,Home,Agent,4,42485,1486.13,0,0.0,3.8,1
C110408,44,South,Life,Branch,12,31585,1974.05,0,0.0,4.1,1
C110409,39,West,Life,Agent,6,58507,1874.96,0,0.0,4.6,1
C110410,27,East,Home,Agent,12,60411,1778.64,0,0.0,3.9,1
C110411,55,North,Home,Online,9,63052,2135.28,0,0.0,4.2,1
C110412,19,West,Health,Online,0,29696,2603.75,0,0.0,3.7,1
C110413,75,West,Auto,Branch,9,76670,350.0,0,0.0,3.3,0
C110414,21,Central,Health,Partner,0,43218,2123.46,0,0.0,4.0,1
C110415,37,East,Health,Online,11,33861,1874.04,0,0.0,4.0,1
C110416,71,West,Auto,Agent,3,70442,1144.96,0,0.0,3.7,0
C110417,26,East,Home,Online,15,76035,1134.87,0,0.0,3.9,1
C110418,22,West,Auto,Agent,3,46324,1885.74,0,0.0,3.5,1
C110419,61,East,Health,Partner,7,37011,1854.05,0,0.0,3.4,0
C110420,22,North,Health,Online,9,59962,2083.35,0,0.0,3.9,1
C110421,70,Central,Life,Online,2,28016,2066.24,0,0.0,3.4,1
C110422,44,West,Auto,Branch,3,97928,1267.11,0,0.0,4.4,0
C110423,68,West,Auto,Online,15,33422,1269.42,0,0.0,4.1,1
C110424,32,East,Health,Online,5,58411,2339.94,0,0.0,2.4,1
C110425,26,West,Health,Agent,12,49107,1502.86,0,0.0,4.5,1
C110426,73,North,Auto,Branch,7,35444,1180.52,1,1572.54,4.3,1
C110427,62,South,Health,Partner,3,35156,2461.54,0,0.0,3.6,1
C110428,70,North,Life,Partner,9,72299,2117.57,0,0.0,3.6,1
C110429,36,North,Home,Agent,2,58611,1358.95,0,0.0,4.4,0
C110430,41,North,Auto,Branch,15,39470,1226.77,1,3688.28,4.2,1
C110431,51,West,Auto,Agent,10,41921,1043.12,0,0.0,2.9,1
C110432,44,South,Health,Agent,11,37354,2173.74,0,0.0,4.2,1
C110433,32,Central,Home,Online,0,67859,2233.21,0,0.0,4.5,1
C110434,39,Central,Life,Online,4,68602,2371.0,0,0.0,3.5,1
C110435,53,North,Auto,Agent,6,61492,1729.6,0,0.0,3.3,1
C110436,20,West,Health,Partner,5,56568,2095.68,0,0.0,4.1,1
C110437,37,East,Life,Agent,1,63280,1659.93,0,0.0,4.8,1
C110438,34,Central,Auto,Partner,0,22319,1791.92,0,0.0,4.5,0
C110439,22,East,Life,Online,9,56953,2421.38,0,0.0,4.3,1
C110440,25,South,Health,Online,6,71232,1018.99,0,0.0,3.9,1
C110441,46,South,Home,Partner,3,56158,1220.86,0,0.0,3.7,1
C110442,23,Central,Health,Online,9,52953,2966.48,0,0.0,3.9,1
C110443,38,South,Life,Agent,15,40552,2047.17,0,0.0,3.6,1
C110444,50,Central,Life,Online,15,41751,2459.3,0,0.0,3.6,0
C110445,68,South,Auto,Partner,14,42581,1733.79,0,0.0,4.2,1
C110446,23,West,Home,Online,4,56014,1127.86,0,0.0,3.1,0
C110447,43,East,Auto,Partner,2,43268,1580.01,0,0.0,4.2,1
C110448,23,North,Auto,Online,3,19179,1266.54,0,0.0,3.6,0
C110449,42,North,Health,Online,4,66359,1526.16,0,0.0,4.1,1
C110450,45,South,Health,Branch,0,61400,2050.54,0,0.0,3.3,1
C110451,64,West,Health,Agent,5,58395,1775.98,0,0.0,2.9,0
C110452,43,West,Auto,Online,9,35137,974.27,1,4418.86,4.5,0
C110453,72,South,Auto,Agent,3,43139,984.52,0,0.0,4.2,1
C110454,25,East,Auto,Online,15,61342,1452.66,0,0.0,3.8,0
C110455,21,North,Auto,Online,13,52476,476.71,0,0.0,5.0,1
C110456,18,West,Auto,Online,5,39437,1381.66,0,0.0,4.8,1
C110457,38,West,Home,Agent,6,75394,1046.71,0,0.0,4.1,1
C110458,29,Central,Auto,Online,7,36752,1311.22,0,0.0,3.1,1
C110459,23,Central,Life,Branch,5,18000,1542.11,1,1362.61,2.8,1
C110460,31,South,Auto,Branch,0,53572,940.57,0,0.0,3.8,1
C110461,74,South,Health,Online,6,54338,3032.33,0,0.0,4.5,1
C110462,64,Central,Auto,Agent,9,53044,1643.47,0,0.0,4.7,1
C110463,19,North,Auto,Agent,4,59233,1048.47,0,0.0,3.8,1
C110464,71,North,Health,Branch,3,41974,2669.12,0,0.0,4.2,1
C110465,29,South,Auto,Agent,8,70470,1381.26,0,0.0,4.4,1
C110466,41,West,Auto,Branch,0,27409,1687.49,1,7035.99,2.5,1
C110467,37,West,Health,Online,11,51615,1481.23,0,0.0,3.6,1
C110468,41,Central,Home,Agent,10,40736,1098.15,0,0.0,4.0,1
C110469,62,South,Health,Online,15,70122,1637.2,0,0.0,4.3,1
C110470,59,South,Auto,Partner,2,37699,1081.89,0,0.0,3.1,1
C110471,52,South,Auto,Agent,12,53277,854.85,0,0.0,4.2,0
C110472,54,West,Health,Agent,1,53532,1466.85,0,0.0,4.1,1
C110473,60,South,Life,Agent,12,55525,1966.39,0,0.0,3.9,1
C110474,28,Central,Auto,Online,3,38862,1280.25,0,0.0,4.2,1
C110475,40,East,Auto,Online,13,58582,1396.55,0,0.0,4.1,1
C110476,24,West,Health,Online,2,52515,3242.42,0,0.0,4.1,1
C110477,58,Central,Life,Branch,12,58181,1079.48,0,0.0,3.7,1
C110478,43,East,Auto,Agent,9,80339,1907.38,0,0.0,3.4,1
C110479,54,West,Home,Online,0,54089,1109.28,1,6807.27,3.5,1
C110480,50,South,Home,Agent,4,34089,1762.55,0,0.0,3.9,1
C110481,33,Central,Auto,Agent,7,87298,1180.2,1,890.3,2.4,1
C110482,26,Central,Home,Agent,10,69624,984.85,0,0.0,3.1,1
C110483,74,East,Health,Online,11,63773,1874.08,1,6610.59,3.3,1
C110484,35,South,Auto,Partner,8,48712,725.43,0,0.0,3.0,1
C110485,24,Central,Auto,Agent,11,65315,778.31,0,0.0,3.8,0
C110486,35,Central,Auto,Agent,5,18000,1489.31,0,0.0,2.5,1
C110487,70,West,Auto,Branch,5,79832,1512.45,0,0.0,4.0,1
C110488,33,Central,Home,Branch,3,68134,1228.86,0,0.0,3.5,1
C110489,75,East,Home,Agent,10,48813,1776.6,0,0.0,3.9,0
C110490,44,South,Home,Online,10,67677,1501.59,0,0.0,4.6,0
C110491,67,East,Health,Online,14,63139,579.04,0,0.0,4.4,0
C110492,55,North,Auto,Online,8,33831,1021.99,0,0.0,3.3,1
C110493,20,East,Auto,Branch,9,55221,993.8,0,0.0,3.3,0
C110494,47,West,Home,Branch,11,58750,1596.86,0,0.0,3.3,0
C110495,42,North,Auto,Online,13,49591,1326.19,0,0.0,5.0,1
C110496,29,South,Auto,Online,8,48054,991.39,0,0.0,3.0,1
C110497,49,West,Home,Agent,11,68223,1706.95,0,0.0,3.6,1
C110498,23,West,Home,Agent,12,55168,1683.32,0,0.0,4.4,1
C110499,58,Central,Auto,Branch,9,85801,1455.65,0,0.0,3.7,1
C110500,65,South,Health,Branch,8,40242,1520.54,0,0.0,3.6,1
C110501,23,Central,Auto,Online,10,59370,1070.31,0,0.0,4.7,0
C110502,45,North,Home,Branch,13,35432,1714.02,0,0.0,2.8,1
C110503,55,North,Home,Agent,8,64195,1050.78,1,1588.11,3.8,1
C110504,21,West,Home,Agent,8,31942,2045.48,0,0.0,3.4,1
C110505,40,East,Auto,Agent,3,57188,703.31,1,2918.22,3.6,1
C110506,32,West,Health,Branch,15,73251,1519.1,1,3478.11,4.1,1
C110507,20,South,Auto,Online,0,52936,1022.19,0,0.0,3.5,1
C110508,64,South,Health,Online,13,34168,1741.06,0,0.0,3.9,1
C110509,43,East,Life,Online,6,69011,1672.82,0,0.0,4.5,1
C110510,61,North,Auto,Branch,4,58484,1050.43,0,0.0,2.8,0
C110511,52,South,Health,Branch,3,50466,1336.13,0,0.0,4.1,1
C110512,68,North,Auto,Online,11,34580,1549.87,1,3630.45,3.4,1
C110513,75,South,Health,Online,4,23013,2230.69,1,3346.61,4.1,1
C110514,52,West,Health,Online,2,92529,2064.44,0,0.0,3.7,1
C110515,38,North,Health,Branch,7,41683,1250.08,0,0.0,3.5,0
C110516,42,West,Health,Agent,14,34127,2783.97,0,0.0,3.9,1
C110517,65,East,Life,Branch,13,57664,1770.74,0,0.0,4.4,1
C110518,42,East,Home,Branch,5,33674,793.43,0,0.0,3.5,1
C110519,48,East,Life,Branch,10,60967,1309.73,0,0.0,3.5,1
C110520,29,West,Auto,Agent,7,76319,1467.4,0,0.0,4.4,1
C110521,75,Central,Life,Branch,6,32958,1208.67,0,0.0,3.7,0
C110522,55,North,Auto,Agent,0,46623,720.53,0,0.0,3.5,1
C110523,37,Central,Auto,Branch,2,59755,1372.68,0,0.0,3.5,1
C110524,51,North,Health,Agent,13,30074,1965.08,0,0.0,4.3,1
C110525,41,East,Auto,Partner,15,35604,1299.12,0,0.0,4.2,1
C110526,26,East,Home,Agent,15,49898,2332.1,0,0.0,3.3,1
C110527,68,South,Auto,Branch,15,87293,1571.16,0,0.0,3.5,0
C110528,69,North,Health,Agent,7,36650,1451.91,0,0.0,4.3,1
C110529,66,North,Auto,Partner,1,46910,992.34,0,0.0,4.0,1
C110530,39,North,Auto,Online,3,96632,1475.72,0,0.0,2.5,1
C110531,32,East,Life,Agent,12,66313,2695.13,0,0.0,3.9,0
C110532,20,North,Health,Online,11,21503,2808.82,0,0.0,3.8,0
C110533,60,Central,Auto,Partner,15,47796,350.0,0,0.0,4.4,0
C110534,37,Central,Home,Branch,4,62529,1623.39,0,0.0,4.6,0
C110535,69,South,Life,Branch,6,78040,2524.68,0,0.0,3.6,0
C110536,68,North,Health,Agent,15,77072,2147.48,0,0.0,5.0,1
C110537,25,East,Auto,Branch,14,62081,1452.68,0,0.0,2.8,1
C110538,71,Central,Life,Agent,4,64905,796.28,0,0.0,3.6,1
C110539,26,South,Auto,Online,15,28617,903.13,0,0.0,3.9,1
C110540,46,North,Auto,Branch,9,39534,1564.96,0,0.0,4.2,0
C110541,45,Central,Auto,Agent,15,28649,1222.17,0,0.0,4.3,1
C110542,73,East,Auto,Online,0,70549,1198.04,1,3621.69,4.2,1
C110543,56,South,Life,Branch,9,58779,1478.27,0,0.0,4.2,1
C110544,68,Central,Life,Online,15,53914,2323.68,0,0.0,4.1,0
C110545,52,Central,Health,Branch,15,79784,770.15,0,0.0,3.7,1
C110546,65,East,Home,Agent,9,61687,2629.97,0,0.0,3.1,1
C110547,67,South,Home,Agent,0,72486,1031.97,0,0.0,3.5,1
C110548,67,East,Health,Online,15,65614,2045.88,0,0.0,3.8,1
C110549,41,South,Home,Branch,2,67369,1482.88,0,0.0,3.0,1
C110550,40,East,Life,Branch,4,33232,1873.97,1,5216.89,3.9,0
C110551,75,South,Auto,Branch,14,69536,1527.61,0,0.0,3.4,1
C110552,61,West,Auto,Agent,8,60517,1825.03,1,428.65,3.8,0
C110553,71,West,Home,Agent,4,44640,706.42,1,3803.17,3.6,1
C110554,51,Central,Home,Agent,0,64321,1595.38,0,0.0,3.0,1
C110555,71,Central,Auto,Online,2,75145,1370.18,0,0.0,3.3,0
C110556,59,North,Auto,Online,12,50233,1724.35,0,0.0,3.6,1
C110557,61,South,Home,Agent,11,38508,350.0,0,0.0,3.5,1
C110558,28,East,Health,Branch,2,39338,2055.63,0,0.0,4.5,1
C110559,50,South,Life,Online,14,26886,853.12,0,0.0,4.1,0
C110560,60,North,Home,Branch,6,48965,1260.41,0,0.0,3.4,0
C110561,62,West,Health,Agent,11,62624,2172.0,0,0.0,4.2,1
C110562,73,South,Home,Agent,10,83207,1423.96,0,0.0,4.6,1
C110563,36,North,Home,Online,1,37496,1359.18,0,0.0,3.6,1
C110564,35,East,Auto,Agent,1,58466,816.02,0,0.0,3.7,0
C110565,74,Central,Health,Agent,9,52408,1624.89,0,0.0,3.4,1
C110566,75,West,Health,Online,12,51845,1588.84,0,0.0,4.3,0
C110567,28,North,Life,Branch,15,24464,1824.97,0,0.0,4.1,1
C110568,39,East,Life,Partner,12,33805,1437.35,0,0.0,3.9,1
C110569,72,Central,Auto,Online,9,84664,1963.27,0,0.0,4.0,0
C110570,29,North,Life,Online,8,70167,1422.31,0,0.0,3.3,1
C110571,63,West,Health,Agent,6,57091,902.09,0,0.0,2.9,1
C110572,24,West,Auto,Partner,9,60313,1264.03,0,0.0,3.8,1
C110573,28,West,Health,Partner,15,65382,2631.03,0,0.0,3.2,1
C110574,63,North,Life,Partner,1,43932,1304.54,0,0.0,3.8,0
C110575,53,Central,Auto,Agent,7,44672,1327.9,1,1658.58,2.7,1
C110576,50,South,Home,Partner,7,40915,1527.87,0,0.0,3.5,1
C110577,67,North,Health,Agent,4,55040,3281.46,0,0.0,3.4,1
C110578,35,North,Health,Online,13,31289,2415.79,0,0.0,2.6,1
C110579,47,East,Health,Branch,8,40048,1568.06,0,0.0,3.3,0
C110580,53,North,Health,Agent,1,61109,1784.0,0,0.0,3.8,0
C110581,60,West,Life,Branch,11,45647,2147.64,0,0.0,4.6,1
C110582,37,Central,Health,Agent,15,20490,2922.6,0,0.0,4.6,0
C110583,54,North,Auto,Branch,3,45174,1413.57,0,0.0,3.8,0
C110584,44,Central,Health,Agent,7,61819,1359.75,0,0.0,3.9,0
C110585,49,Central,Home,Online,3,54088,967.97,0,0.0,4.3,1
C110586,68,North,Health,Branch,0,21584,2834.26,1,536.46,2.9,1
C110587,40,West,Home,Agent,6,70581,1256.87,0,0.0,3.0,0
C110588,56,Central,Auto,Online,5,47563,1673.88,0,0.0,3.4,0
C110589,72,West,Health,Agent,14,58103,1918.87,0,0.0,3.6,1
C110590,62,East,Life,Branch,8,70805,1136.38,0,0.0,4.1,1
C110591,75,Central,Health,Partner,10,49772,3054.26,0,0.0,3.1,1
C110592,51,West,Health,Branch,15,18000,2139.87,0,0.0,4.0,0
C110593,34,South,Home,Branch,8,83599,1208.65,0,0.0,3.6,1
C110594,75,South,Home,Branch,11,18000,1236.41,0,0.0,3.2,0
C110595,55,East,Auto,Online,8,46014,1070.0,0,0.0,4.5,1
C110596,32,South,Health,Agent,9,75322,1379.02,0,0.0,4.3,1
C110597,36,South,Health,Agent,3,39449,2040.2,0,0.0,3.9,1
C110598,33,North,Health,Partner,15,40514,1912.83,0,0.0,4.5,0
C110599,66,Central,Health,Online,4,48099,1266.98,0,0.0,3.9,1
C110600,23,West,Health,Partner,4,48748,1666.56,0,0.0,3.6,1
C110601,60,South,Auto,Branch,5,36515,1302.32,0,0.0,3.6,0
C110602,50,South,Home,Online,6,40554,1107.47,0,0.0,3.3,1
C110603,22,North,Health,Agent,5,71345,2929.14,0,0.0,3.7,1
C110604,53,North,Auto,Online,12,42438,1291.44,0,0.0,3.8,1
C110605,61,West,Auto,Agent,11,61045,906.81,0,0.0,3.4,1
C110606,60,North,Health,Agent,9,35569,2261.08,0,0.0,3.2,1
C110607,48,Central,Health,Branch,4,76920,1863.74,0,0.0,4.1,1
C110608,37,South,Home,Agent,3,68877,1122.29,0,0.0,4.0,1
C110609,27,North,Health,Branch,10,50387,2719.62,0,0.0,4.1,1
C110610,18,Central,Life,Agent,12,63544,1433.96,0,0.0,3.3,1
C110611,38,South,Auto,Partner,6,79394,1586.46,0,0.0,4.3,1
C110612,54,South,Health,Partner,4,33967,1838.99,0,0.0,3.9,0
C110613,20,North,Health,Branch,7,32994,2092.96,0,0.0,3.4,0
C110614,75,West,Auto,Online,8,58731,712.34,0,0.0,4.0,1
C110615,51,South,Life,Partner,0,28730,1860.69,0,0.0,2.6,1
C110616,35,Central,Life,Branch,13,24060,1238.19,0,0.0,4.6,1
C110617,73,West,Auto,Partner,11,23142,1111.79,0,0.0,3.8,1
C110618,28,Central,Auto,Online,4,54672,1088.53,0,0.0,3.3,1
C110619,73,West,Life,Branch,13,18000,1639.73,0,0.0,4.3,1
C110620,34,West,Auto,Online,12,44739,1150.37,0,0.0,3.2,1
C110621,40,West,Life,Agent,8,18000,1439.07,0,0.0,3.9,0
C110622,42,East,Auto,Branch,13,59882,1193.53,0,0.0,4.0,1
C110623,75,West,Health,Agent,3,61088,2040.61,0,0.0,4.0,1
C110624,32,West,Auto,Online,5,48176,1053.99,1,3636.09,3.5,0
C110625,74,North,Health,Agent,15,73270,2581.47,0,0.0,3.6,1
C110626,38,West,Auto,Online,3,66319,957.66,0,0.0,4.6,1
C110627,34,South,Health,Agent,13,37755,1695.28,0,0.0,3.9,1
C110628,55,East,Life,Online,13,36206,2461.07,0,0.0,4.3,1
C110629,58,North,Auto,Agent,6,67905,779.62,0,0.0,3.3,1
C110630,38,North,Health,Agent,7,64326,1966.22,0,0.0,3.9,0
C110631,25,North,Auto,Partner,15,47157,1431.87,0,0.0,3.7,1
C110632,40,North,Health,Agent,4,20328,1564.2,0,0.0,2.8,1
C110633,49,North,Auto,Agent,5,68727,734.6,0,0.0,3.5,1
C110634,20,North,Home,Partner,0,53202,2004.77,1,5429.48,3.3,0
C110635,22,East,Home,Partner,5,50957,1453.71,0,0.0,4.1,1
C110636,71,East,Life,Branch,3,18000,2279.47,0,0.0,2.6,0
C110637,20,Central,Life,Agent,3,61591,1360.99,1,2047.09,4.1,0
C110638,41,Central,Auto,Online,8,50901,948.79,0,0.0,5.0,1
C110639,62,North,Auto,Agent,12,42277,1779.86,0,0.0,3.9,1
C110640,37,East,Auto,Branch,13,36943,1568.84,0,0.0,3.4,0
C110641,46,East,Home,Partner,5,53995,1469.2,1,2323.66,3.3,1
C110642,23,South,Auto,Online,8,60423,1184.04,0,0.0,3.1,1
C110643,64,East,Home,Online,1,45122,1432.81,0,0.0,3.6,0
C110644,54,West,Life,Partner,4,62068,2323.29,0,0.0,2.7,1
C110645,67,West,Auto,Partner,4,31259,802.22,0,0.0,3.6,1
C110646,68,South,Auto,Branch,14,40258,1061.48,0,0.0,5.0,0
C110647,38,West,Health,Online,13,64353,1268.52,0,0.0,4.3,0
C110648,20,South,Health,Branch,5,44720,2149.67,0,0.0,3.4,0
C110649,38,Central,Health,Agent,2,82902,3157.19,1,5537.06,2.4,0
C110650,26,Central,Auto,Agent,2,56985,1380.35,0,0.0,3.4,0
C110651,48,South,Life,Online,8,30976,1668.4,0,0.0,4.4,1
C110652,26,West,Home,Online,15,23758,1325.43,0,0.0,3.9,1
C110653,71,Central,Auto,Agent,9,66119,1509.58,0,0.0,4.1,1
C110654,52,East,Auto,Online,6,41071,952.9,0,0.0,4.8,0
C110655,32,North,Home,Agent,13,68502,958.85,0,0.0,4.2,0
C110656,71,West,Auto,Online,7,42275,1091.4,0,0.0,4.1,1
C110657,62,East,Life,Agent,3,56356,1310.83,0,0.0,3.5,1
C110658,43,South,Health,Partner,13,45962,776.11,0,0.0,3.2,1
C110659,26,West,Life,Branch,14,56599,2136.27,0,0.0,4.1,1
C110660,37,East,Home,Online,4,65128,1470.58,0,0.0,4.5,1
C110661,51,North,Life,Branch,15,52344,1915.14,0,0.0,2.8,0
C110662,62,Central,Home,Online,8,63898,1688.93,0,0.0,4.5,1
C110663,33,South,Health,Agent,3,21425,2595.42,0,0.0,4.2,1
C110664,61,East,Auto,Online,13,59481,1880.76,0,0.0,3.1,1
C110665,34,West,Home,Partner,2,52414,2143.99,0,0.0,3.6,1
C110666,32,North,Health,Online,4,47282,947.37,0,0.0,4.0,1
C110667,43,West,Health,Partner,5,18000,2221.65,0,0.0,3.6,1
C110668,27,West,Health,Branch,14,21965,2734.22,0,0.0,4.6,0
C110669,41,East,Auto,Agent,15,56092,1146.14,1,4806.22,4.2,1
C110670,38,East,Health,Partner,3,58363,1657.15,0,0.0,3.4,1
C110671,34,Central,Auto,Agent,0,59368,1375.18,0,0.0,3.4,1
C110672,62,Central,Health,Branch,13,51870,2155.47,0,0.0,4.0,0
C110673,37,North,Health,Branch,8,30426,1810.51,1,4221.91,3.8,0
C110674,58,South,Life,Online,6,33495,976.75,0,0.0,3.5,1
C110675,59,East,Health,Online,0,18000,1857.57,0,0.0,3.5,1
C110676,56,Central,Life,Partner,8,54243,2034.82,0,0.0,3.1,1
C110677,33,Central,Life,Online,2,86302,2478.95,0,0.0,3.8,0
C110678,66,South,Auto,Partner,8,50346,837.31,0,0.0,3.4,0
C110679,31,Central,Health,Online,2,38316,1912.51,1,150.0,3.0,1
C110680,34,South,Auto,Agent,3,52461,1316.81,0,0.0,3.7,1
C110681,68,South,Life,Agent,2,49558,1796.58,0,0.0,4.5,0
C110682,37,West,Health,Agent,2,20747,2436.2,0,0.0,2.8,0
C110683,58,South,Auto,Partner,11,56575,646.28,0,0.0,3.6,1
C110684,20,West,Auto,Online,11,50045,1115.92,1,1788.19,3.4,0
C110685,53,East,Home,Agent,7,48930,1376.7,0,0.0,3.5,1
C110686,68,West,Auto,Online,13,87789,1094.94,0,0.0,4.2,1
C110687,59,Central,Health,Online,15,50177,1343.7,1,6901.66,3.3,1
C110688,51,South,Life,Online,2,84807,947.29,0,0.0,3.7,0
C110689,67,East,Auto,Agent,3,37112,1273.05,0,0.0,3.6,1
C110690,35,West,Home,Agent,12,24818,1401.26,0,0.0,4.2,1
C110691,39,North,Home,Online,9,37423,1907.72,0,0.0,3.5,1
C110692,22,West,Auto,Partner,5,73119,1508.12,0,0.0,4.0,0
C110693,58,East,Auto,Agent,9,38346,1180.55,0,0.0,4.1,0
C110694,59,North,Auto,Branch,9,26330,679.86,0,0.0,4.0,1
C110695,61,Central,Life,Online,9,58125,2390.19,0,0.0,3.2,1
C110696,61,East,Home,Branch,8,45097,1895.65,0,0.0,3.9,0
C110697,25,North,Health,Online,0,62340,1647.94,0,0.0,4.1,0
C110698,56,South,Home,Agent,11,39911,2008.68,0,0.0,3.4,1
C110699,62,West,Auto,Branch,3,35380,1023.15,1,856.48,3.9,1
C110700,29,Central,Auto,Branch,8,81869,1712.91,0,0.0,3.9,1
C110701,45,South,Auto,Agent,8,37012,1364.35,0,0.0,3.8,1
C110702,70,North,Home,Branch,1,36961,1547.83,0,0.0,3.7,1
C110703,42,North,Health,Agent,4,60310,1327.55,0,0.0,3.9,1
C110704,61,West,Home,Online,4,18000,1635.11,0,0.0,3.4,0
C110705,48,South,Auto,Branch,3,65190,350.0,0,0.0,3.4,0
C110706,56,East,Home,Partner,6,84192,1221.7,0,0.0,4.0,0
C110707,54,South,Home,Online,4,67574,1626.83,0,0.0,4.4,1
C110708,55,East,Health,Branch,9,33260,2033.35,0,0.0,3.7,1
C110709,63,West,Auto,Branch,0,38981,846.04,1,2821.0,3.0,1
C110710,70,East,Health,Agent,2,53158,1568.54,0,0.0,3.7,1
C110711,35,North,Auto,Agent,8,58573,695.97,0,0.0,4.2,0
C110712,71,East,Auto,Online,5,81051,606.57,0,0.0,4.2,1
C110713,54,East,Health,Online,6,80240,1976.18,0,0.0,4.7,1
C110714,52,East,Health,Agent,1,48126,2536.84,1,4388.88,3.9,1
C110715,37,North,Home,Agent,4,42437,1443.12,0,0.0,4.2,1
C110716,42,North,Auto,Online,5,37931,1159.33,1,6080.98,3.9,1
C110717,55,East,Auto,Agent,0,63601,1835.84,0,0.0,3.8,1
C110718,39,South,Home,Agent,8,71438,820.56,0,0.0,2.9,0
C110719,34,West,Home,Online,0,53229,880.59,0,0.0,3.9,1
C110720,65,South,Health,Branch,14,51978,1370.65,0,0.0,4.0,0
C110721,42,South,Health,Agent,0,90035,1694.33,1,3538.05,3.0,0
C110722,55,West,Auto,Agent,2,64240,589.86,0,0.0,3.4,1
C110723,19,South,Health,Agent,8,18000,1625.02,0,0.0,3.8,0
C110724,22,North,Life,Agent,0,51383,1992.07,0,0.0,2.9,1
C110725,67,Central,Auto,Agent,9,55626,799.46,1,1485.3,4.2,1
C110726,26,East,Health,Branch,6,47150,983.65,0,0.0,2.8,1
C110727,64,Central,Auto,Branch,0,74712,1427.55,0,0.0,3.0,0
C110728,70,South,Auto,Branch,9,46064,1038.46,0,0.0,4.0,1
C110729,45,Central,Home,Online,1,34276,2135.64,0,0.0,4.7,1
C110730,69,Central,Health,Branch,9,39217,1420.75,1,1012.65,4.0,1
C110731,42,North,Auto,Online,10,64141,1406.72,0,0.0,4.5,1
C110732,73,East,Health,Online,5,27612,2312.44,0,0.0,4.0,1
C110733,31,West,Auto,Online,9,43127,1402.6,1,1954.43,3.5,0
C110734,42,East,Health,Branch,0,67250,2850.69,0,0.0,3.2,1
C110735,40,South,Home,Agent,13,27514,1098.66,0,0.0,3.9,1
C110736,63,Central,Auto,Branch,14,33329,1173.81,0,0.0,4.6,1
C110737,20,West,Health,Agent,2,21488,2243.45,1,1841.51,2.7,0
C110738,66,Central,Health,Partner,8,35880,1684.32,0,0.0,4.0,0
C110739,19,Central,Life,Agent,6,42596,1263.57,0,0.0,3.9,0
C110740,36,Central,Auto,Agent,12,47729,661.06,0,0.0,4.9,1
C110741,52,West,Health,Online,3,35499,1185.82,0,0.0,4.2,0
C110742,26,West,Auto,Branch,6,45120,1747.37,0,0.0,3.8,1
C110743,46,Central,Auto,Agent,5,69634,757.46,0,0.0,4.4,0
C110744,75,West,Auto,Online,13,58011,1482.56,0,0.0,3.7,1
C110745,65,North,Home,Online,8,90419,1268.06,0,0.0,4.7,1
C110746,19,East,Auto,Agent,12,39886,1489.47,0,0.0,2.9,0
C110747,52,North,Life,Online,1,43915,2926.5,0,0.0,3.5,1
C110748,52,Central,Health,Agent,1,54775,2376.88,0,0.0,3.7,1
C110749,21,West,Home,Agent,15,42739,2178.86,0,0.0,4.8,1
C110750,55,East,Auto,Partner,0,51521,1164.68,0,0.0,3.0,1
C110751,48,South,Auto,Agent,10,18000,1145.2,1,653.29,3.9,1
C110752,57,East,Home,Branch,2,45327,1290.89,0,0.0,3.8,1
C110753,35,South,Health,Branch,8,67799,1493.7,0,0.0,3.1,1
C110754,32,West,Health,Branch,13,86266,1100.32,0,0.0,3.6,1
C110755,60,West,Home,Online,7,78078,1089.92,1,2261.86,4.0,1
C110756,59,East,Home,Agent,4,54266,1396.39,0,0.0,3.4,0
C110757,27,South,Home,Online,2,60661,2135.15,0,0.0,4.0,1
C110758,30,East,Auto,Branch,6,57949,1417.22,1,3073.52,3.7,1
C110759,52,East,Health,Online,15,42023,1337.0,0,0.0,4.0,0
C110760,66,Central,Health,Agent,9,34735,1090.83,0,0.0,4.3,1
C110761,29,Central,Health,Partner,7,56469,2463.95,0,0.0,2.7,0
C110762,30,West,Health,Branch,10,50018,2853.61,0,0.0,2.8,1
C110763,64,South,Home,Online,8,67107,2094.09,0,0.0,3.2,0
C110764,58,North,Life,Agent,6,18000,362.06,1,2348.09,3.4,1
C110765,70,Central,Auto,Agent,2,48876,1692.72,1,1265.82,3.1,1
C110766,63,Central,Auto,Partner,7,73766,1417.99,0,0.0,4.0,1
C110767,73,North,Auto,Branch,4,62375,915.54,1,1300.02,3.4,0
C110768,28,West,Auto,Online,5,34306,1639.97,0,0.0,3.5,1
C110769,33,East,Home,Partner,4,28437,1330.66,0,0.0,4.1,1
C110770,31,North,Health,Online,1,51169,665.33,0,0.0,4.0,1
C110771,21,Central,Auto,Online,8,66133,1506.58,0,0.0,3.4,1
C110772,63,Central,Life,Online,2,61293,2057.34,0,0.0,3.7,1
C110773,56,Central,Life,Online,6,54078,2120.26,0,0.0,4.0,1
C110774,22,North,Health,Agent,14,63557,2076.58,0,0.0,5.0,1
C110775,29,East,Health,Online,13,56634,1847.19,0,0.0,4.2,1
C110776,29,Central,Auto,Online,15,62788,958.92,0,0.0,3.2,0
C110777,41,West,Health,Online,2,68873,1828.59,0,0.0,4.5,1
C110778,44,East,Health,Partner,13,43992,1797.38,1,6730.21,4.0,1
C110779,34,East,Auto,Branch,13,36055,1239.12,0,0.0,4.4,1
C110780,71,North,Home,Branch,4,65120,350.0,0,0.0,2.8,0
C110781,30,West,Health,Branch,5,42806,2256.27,0,0.0,3.5,1
C110782,50,Central,Auto,Branch,2,18000,1311.91,0,0.0,2.9,1
C110783,43,North,Home,Online,15,77693,1244.04,0,0.0,4.5,0
C110784,40,North,Health,Partner,8,56573,2277.15,0,0.0,3.4,1
C110785,65,East,Auto,Agent,4,55770,1211.34,0,0.0,2.3,0
C110786,74,East,Auto,Agent,1,48672,1293.96,1,2982.1,4.1,0
C110787,18,South,Auto,Partner,8,67070,1197.24,1,2005.16,4.0,0
C110788,44,North,Health,Online,14,28902,2015.94,0,0.0,3.4,1
C110789,24,West,Health,Online,6,52064,2601.4,0,0.0,4.1,1
C110790,43,South,Auto,Partner,12,57081,823.12,0,0.0,4.0,0
C110791,53,West,Home,Agent,5,61918,1596.46,0,0.0,3.4,1
C110792,41,East,Home,Agent,15,21247,737.58,0,0.0,4.7,1
C110793,35,East,Health,Partner,10,62689,1396.35,0,0.0,4.2,1
C110794,36,East,Home,Partner,13,44464,1592.6,0,0.0,3.3,0
C110795,35,West,Health,Partner,9,40272,1781.68,0,0.0,3.3,1
C110796,36,East,Auto,Online,6,23892,991.02,0,0.0,3.8,1
C110797,39,East,Health,Branch,0,92186,2097.43,1,2753.32,3.1,1
C110798,57,East,Auto,Branch,5,49693,1302.43,0,0.0,3.9,1
C110799,23,East,Health,Branch,3,56422,701.72,0,0.0,3.3,0
C110800,20,East,Life,Online,13,33067,2554.95,0,0.0,4.3,1
C110801,47,East,Auto,Agent,9,24471,973.33,0,0.0,3.7,1
C110802,57,East,Auto,Online,9,66663,1021.73,0,0.0,3.5,1
C110803,33,South,Auto,Partner,15,27700,1829.55,0,0.0,4.3,1
C110804,29,West,Life,Agent,14,75465,1389.95,1,364.5,3.4,0
C110805,54,North,Auto,Agent,10,84410,1040.36,0,0.0,4.4,1
C110806,40,Central,Life,Online,5,38042,997.44,0,0.0,3.4,1
C110807,60,West,Auto,Agent,1,43698,1155.29,1,1639.93,4.2,0
C110808,26,North,Home,Agent,8,18000,1288.12,0,0.0,3.8,1
C110809,25,West,Auto,Branch,15,20626,1447.63,0,0.0,3.9,1
C110810,50,South,Auto,Agent,7,63374,1285.57,1,1248.45,4.1,1
C110811,40,Central,Auto,Online,15,74581,1043.42,1,3315.93,2.6,0
C110812,60,Central,Auto,Agent,2,37928,1502.89,1,2547.43,4.2,0
C110813,47,Central,Auto,Online,0,40651,1348.59,0,0.0,5.0,0
C110814,38,East,Auto,Agent,8,23539,1714.43,0,0.0,2.8,0
C110815,27,Central,Health,Agent,5,31657,2304.0,0,0.0,4.2,0
C110816,27,West,Health,Online,1,75916,1760.42,0,0.0,3.1,1
C110817,61,Central,Auto,Online,15,57581,1178.77,0,0.0,3.9,1
C110818,31,North,Home,Branch,5,19688,1660.77,0,0.0,4.0,1
C110819,47,Central,Home,Agent,4,62197,1369.02,0,0.0,4.1,1
C110820,65,West,Life,Online,8,94681,1565.93,0,0.0,3.7,1
C110821,70,South,Health,Agent,13,44908,2035.91,0,0.0,3.2,1
C110822,33,Central,Health,Agent,2,40006,1692.11,0,0.0,4.6,0
C110823,24,West,Life,Online,5,62469,1214.52,0,0.0,2.7,1
C110824,62,Central,Life,Online,12,70116,1165.95,0,0.0,3.9,1
C110825,57,North,Life,Online,10,66789,1364.59,0,0.0,4.1,0
C110826,37,East,Health,Branch,3,46292,2479.09,0,0.0,3.9,0
C110827,52,West,Health,Online,0,44431,2229.16,0,0.0,4.8,1
C110828,28,North,Life,Partner,11,20963,2010.68,1,4653.59,2.7,1
C110829,58,West,Health,Agent,3,29864,778.6,0,0.0,3.6,0
C110830,60,West,Auto,Branch,0,58493,1478.67,1,1424.78,3.2,1
C110831,35,South,Life,Partner,14,42378,1661.2,0,0.0,3.8,1
C110832,45,West,Life,Online,11,56436,1836.56,0,0.0,4.3,1
C110833,37,North,Auto,Agent,7,47705,1265.23,0,0.0,5.0,1
C110834,19,Central,Auto,Agent,6,53112,1387.14,0,0.0,4.2,0
C110835,25,Central,Life,Online,13,52349,1768.93,0,0.0,4.6,0
C110836,73,East,Auto,Branch,12,65430,1176.32,0,0.0,4.3,1
C110837,44,East,Home,Online,8,67277,2082.72,0,0.0,4.8,1
C110838,26,East,Auto,Partner,8,51691,1053.05,0,0.0,3.0,1
C110839,20,South,Auto,Branch,8,48323,1182.88,0,0.0,4.1,1
C110840,38,Central,Home,Agent,6,51354,2256.4,0,0.0,2.9,1
C110841,75,South,Life,Agent,8,37888,994.94,0,0.0,4.9,0
C110842,40,East,Health,Branch,10,71553,2752.21,0,0.0,4.0,1
C110843,75,South,Auto,Online,10,41883,1006.63,0,0.0,4.1,1
C110844,46,West,Auto,Branch,6,49123,1030.74,0,0.0,4.0,1
C110845,62,Central,Auto,Online,13,55172,1229.41,0,0.0,3.0,1
C110846,63,North,Life,Online,5,57580,1372.55,0,0.0,2.7,0
C110847,19,South,Health,Online,11,56840,2248.28,0,0.0,3.7,1
C110848,18,North,Life,Online,6,49540,1374.73,0,0.0,3.5,1
C110849,71,North,Life,Online,15,81607,1520.53,0,0.0,3.8,1
C110850,72,East,Health,Branch,11,53355,2384.83,0,0.0,3.5,1
C110851,25,West,Auto,Agent,11,47477,1735.44,1,2384.53,3.7,1
C110852,55,East,Life,Partner,9,84356,921.53,0,0.0,4.0,1
C110853,71,North,Auto,Branch,2,38001,940.67,0,0.0,4.0,1
C110854,73,West,Life,Branch,14,84307,1426.98,0,0.0,3.6,1
C110855,35,West,Health,Partner,11,18000,1264.25,1,3798.61,3.9,1
C110856,65,South,Auto,Branch,0,44769,1721.28,0,0.0,3.2,0
C110857,55,South,Health,Online,4,21945,3508.95,0,0.0,4.8,0
C110858,71,West,Auto,Online,2,27482,1650.58,0,0.0,4.0,1
C110859,26,North,Home,Agent,2,60151,1285.97,0,0.0,3.3,0
C110860,52,Central,Health,Online,7,57139,3393.5,0,0.0,4.1,1
C110861,19,Central,Auto,Partner,12,41050,1483.11,0,0.0,3.3,0
C110862,38,Central,Health,Agent,10,81407,1473.0,0,0.0,3.2,1
C110863,18,North,Health,Partner,14,72419,1290.85,0,0.0,3.9,1
C110864,43,North,Life,Agent,1,51071,2483.21,0,0.0,3.2,1
C110865,65,Central,Life,Partner,10,19445,1813.18,0,0.0,4.6,1
C110866,56,East,Health,Online,4,69259,2310.12,0,0.0,3.4,1
C110867,36,South,Life,Agent,0,43312,1837.27,0,0.0,4.1,1
C110868,42,East,Health,Partner,15,57260,1117.03,0,0.0,3.3,0
C110869,39,North,Auto,Agent,2,66359,614.88,0,0.0,4.2,0
C110870,60,West,Auto,Branch,5,44778,1268.5,0,0.0,4.2,1
C110871,33,Central,Home,Agent,8,75018,2060.88,0,0.0,2.6,1
C110872,23,West,Health,Branch,6,45169,1699.67,0,0.0,4.2,1
C110873,47,East,Life,Agent,2,61699,1104.93,0,0.0,3.9,1
C110874,66,Central,Health,Branch,3,65593,2404.5,0,0.0,3.9,1
C110875,45,West,Auto,Agent,10,68422,2135.82,0,0.0,3.8,1
C110876,29,North,Health,Agent,0,83396,1661.3,0,0.0,3.5,1
C110877,20,West,Health,Agent,0,37201,2367.97,1,2603.79,2.3,1
C110878,72,North,Health,Agent,4,31609,2350.53,0,0.0,3.6,1
C110879,62,South,Home,Branch,15,46215,1321.78,0,0.0,3.7,1
C110880,27,West,Home,Online,2,106785,1118.86,0,0.0,3.7,0
C110881,22,South,Health,Branch,10,76310,2691.3,0,0.0,3.2,0
C110882,25,North,Home,Agent,6,42098,929.23,0,0.0,4.4,1
C110883,39,West,Auto,Online,8,45741,1614.66,0,0.0,4.1,1
C110884,65,South,Home,Agent,3,51728,1774.05,0,0.0,3.4,1
C110885,27,East,Auto,Agent,14,56914,1717.86,0,0.0,2.8,0
C110886,65,South,Home,Branch,6,63541,1364.23,1,2314.84,3.0,1
C110887,18,West,Health,Partner,0,64292,2772.99,1,2373.45,3.2,1
C110888,60,Central,Auto,Agent,4,73540,1213.52,0,0.0,4.3,1
C110889,34,North,Health,Partner,5,88052,2366.69,0,0.0,3.8,1
C110890,73,West,Health,Agent,14,49596,2497.2,0,0.0,3.6,1
C110891,45,North,Health,Agent,0,48153,1810.82,0,0.0,4.0,1
C110892,33,South,Health,Branch,4,45443,676.8,0,0.0,4.1,1
C110893,32,South,Auto,Online,2,47017,1101.68,1,2390.05,3.6,0
C110894,65,South,Auto,Partner,3,58641,1434.16,0,0.0,4.1,1
C110895,41,North,Home,Agent,15,63441,1181.75,0,0.0,4.1,1
C110896,38,West,Health,Online,12,83071,2267.98,0,0.0,4.4,1
C110897,60,West,Health,Branch,15,39238,1794.62,0,0.0,3.8,0
C110898,49,Central,Auto,Online,12,58455,1043.0,0,0.0,3.5,0
C110899,56,Central,Auto,Online,13,36868,1514.95,1,5191.2,3.5,0
C110900,43,East,Home,Online,9,59288,2227.02,0,0.0,4.3,1
C110901,21,North,Life,Partner,8,100107,2115.22,0,0.0,4.6,1
C110902,18,North,Health,Online,5,49538,2066.36,0,0.0,4.4,1
C110903,20,East,Health,Agent,1,96145,1696.94,0,0.0,3.7,1
C110904,51,Central,Health,Agent,13,36935,1758.97,0,0.0,4.3,1
C110905,47,South,Home,Partner,6,43715,1182.99,0,0.0,3.4,1
C110906,61,South,Home,Partner,10,45833,1425.44,0,0.0,4.4,1
C110907,69,East,Auto,Partner,15,55147,1586.97,0,0.0,4.7,1
C110908,28,Central,Home,Agent,6,49226,2481.93,0,0.0,4.3,0
C110909,73,East,Auto,Agent,2,65751,1783.07,0,0.0,3.1,1
C110910,72,West,Auto,Branch,6,18000,590.47,0,0.0,3.2,1
C110911,53,East,Auto,Online,15,34363,1412.7,0,0.0,4.5,0
C110912,48,South,Auto,Online,0,86100,1748.61,0,0.0,4.1,0
C110913,28,East,Auto,Partner,4,26663,894.53,0,0.0,3.3,1
C110914,28,West,Auto,Online,0,45581,1989.19,0,0.0,3.5,0
C110915,19,West,Auto,Agent,12,63025,1306.74,0,0.0,4.1,0
C110916,55,East,Auto,Online,2,51181,1380.46,0,0.0,3.3,1
C110917,43,South,Auto,Online,4,36702,1661.08,0,0.0,4.1,1
C110918,29,North,Auto,Partner,3,60012,1396.34,0,0.0,4.5,1
C110919,25,North,Home,Online,0,67045,1665.52,0,0.0,4.0,1
C110920,21,North,Health,Agent,14,41255,2140.45,0,0.0,4.8,1
C110921,55,North,Auto,Online,6,59333,908.41,0,0.0,4.3,1
C110922,57,West,Health,Agent,13,67494,1280.68,0,0.0,3.8,1
C110923,54,Central,Health,Branch,8,71448,1798.88,0,0.0,4.3,1
C110924,24,West,Auto,Branch,0,58661,1028.6,1,2154.02,4.1,1
C110925,20,West,Health,Agent,2,82770,2444.69,0,0.0,3.3,1
C110926,24,Central,Auto,Agent,0,52852,832.89,0,0.0,3.6,0
C110927,61,Central,Health,Online,3,34305,1654.6,0,0.0,3.3,0
C110928,60,South,Home,Agent,9,48067,1336.54,1,7594.9,2.7,1
C110929,35,North,Health,Partner,1,73817,1722.56,0,0.0,3.6,1
C110930,21,North,Auto,Branch,6,35918,1491.75,0,0.0,4.0,1
C110931,36,Central,Auto,Online,0,18000,350.0,0,0.0,3.7,0
C110932,64,North,Life,Branch,12,60275,3209.14,0,0.0,3.9,0
C110933,26,South,Home,Branch,5,44010,616.83,1,5838.09,3.4,0
C110934,64,East,Home,Branch,15,92466,1420.51,0,0.0,3.3,0
C110935,44,West,Life,Branch,5,56797,1801.64,0,0.0,4.0,1
C110936,26,East,Health,Partner,7,74269,3157.87,0,0.0,3.2,0
C110937,72,West,Auto,Online,7,43171,1911.66,0,0.0,3.9,1
C110938,48,East,Home,Agent,2,62690,1871.42,0,0.0,3.2,0
C110939,56,Central,Auto,Partner,11,58687,1495.31,0,0.0,3.4,1
C110940,23,North,Home,Agent,14,76830,2021.1,0,0.0,3.4,1
C110941,39,Central,Health,Branch,13,55444,2179.63,0,0.0,4.6,1
C110942,54,East,Auto,Agent,6,42574,1516.47,0,0.0,3.8,1
C110943,55,South,Auto,Online,12,70695,1543.72,0,0.0,3.5,0
C110944,21,Central,Health,Partner,6,39144,2030.33,0,0.0,3.5,1
C110945,53,Central,Health,Agent,2,37288,1781.21,0,0.0,4.1,0
C110946,72,Central,Auto,Agent,11,51207,1556.27,0,0.0,3.9,0
C110947,63,Central,Auto,Online,6,46130,1907.54,0,0.0,4.3,1
C110948,30,South,Health,Partner,5,52301,1366.57,0,0.0,4.1,0
C110949,70,South,Home,Online,1,39977,350.0,1,551.58,4.1,1
C110950,57,North,Home,Partner,3,72160,2552.75,0,0.0,2.8,0
C110951,21,Central,Home,Online,6,71899,743.27,0,0.0,3.9,1
C110952,25,Central,Health,Partner,11,66952,2401.13,0,0.0,2.9,0
C110953,71,Central,Health,Agent,6,65173,2365.12,1,1184.29,4.5,1
C110954,30,Central,Auto,Partner,2,18735,1174.43,0,0.0,3.6,1
C110955,23,West,Auto,Agent,6,54093,827.43,0,0.0,4.5,1
C110956,44,North,Auto,Online,0,67441,1619.01,1,5779.59,4.0,0
C110957,48,North,Life,Online,7,76132,796.58,0,0.0,3.6,1
C110958,51,East,Health,Branch,7,48330,1946.33,0,0.0,4.5,1
C110959,56,West,Auto,Branch,11,75463,1332.2,0,0.0,3.7,1
C110960,75,North,Health,Agent,0,57532,1948.75,0,0.0,4.3,1
C110961,62,Central,Auto,Online,10,18000,1041.47,0,0.0,3.5,1
C110962,19,West,Health,Branch,12,50214,1774.9,0,0.0,4.0,1
C110963,23,South,Home,Agent,12,36877,1416.73,0,0.0,3.7,0
C110964,18,Central,Home,Branch,15,40982,1983.44,0,0.0,3.9,0
C110965,40,East,Home,Agent,10,70937,1355.32,0,0.0,3.4,0
C110966,38,West,Life,Agent,15,57354,1819.91,0,0.0,2.9,1
C110967,72,South,Auto,Agent,5,42669,1817.04,0,0.0,3.0,1
C110968,39,South,Home,Online,2,39821,909.46,0,0.0,4.6,1
C110969,19,North,Life,Partner,0,59885,1922.25,0,0.0,3.1,1
C110970,69,East,Auto,Agent,14,48682,1835.81,0,0.0,3.5,0
C110971,33,West,Home,Agent,1,64539,1427.81,0,0.0,3.5,1
C110972,70,Central,Life,Agent,1,37126,1236.23,0,0.0,4.2,1
C110973,62,Central,Home,Agent,11,45150,1566.42,0,0.0,4.6,1
C110974,69,North,Auto,Branch,5,31848,1064.98,0,0.0,4.6,1
C110975,65,Central,Auto,Branch,8,42037,1201.14,1,2175.22,2.8,0
C110976,26,North,Home,Branch,1,91200,718.4,0,0.0,2.9,1
C110977,54,North,Life,Online,6,38744,2477.27,0,0.0,3.4,1
C110978,41,West,Auto,Partner,13,43478,1057.8,0,0.0,4.2,1
C110979,54,Central,Auto,Partner,9,37167,1469.77,0,0.0,4.0,0
C110980,61,Central,Auto,Partner,3,48701,733.78,0,0.0,4.4,1
C110981,47,Central,Health,Online,2,50697,1990.73,0,0.0,3.2,1
C110982,36,South,Home,Agent,10,73930,807.76,0,0.0,3.3,0
C110983,71,North,Health,Partner,11,44698,2461.51,0,0.0,4.0,1
C110984,56,North,Health,Branch,12,54056,1832.16,0,0.0,3.4,1
C110985,69,East,Health,Online,1,18266,1667.65,0,0.0,4.4,1
C110986,31,East,Health,Partner,6,36434,1578.29,1,3279.92,2.7,0
C110987,66,North,Home,Branch,1,71543,1625.55,0,0.0,4.8,1
C110988,36,East,Auto,Branch,12,36595,1108.4,0,0.0,3.7,0
C110989,44,East,Auto,Agent,4,65817,1478.71,0,0.0,2.7,1
C110990,67,West,Home,Agent,5,35339,2041.3,0,0.0,4.9,1
C110991,38,East,Health,Branch,9,48887,2363.07,0,0.0,3.1,1
C110992,32,South,Auto,Agent,2,82868,1139.75,0,0.0,4.1,1
C110993,71,West,Health,Branch,12,65411,3065.15,0,0.0,3.5,1
C110994,73,West,Home,Online,7,18000,1593.94,0,0.0,3.2,0
C110995,36,South,Auto,Online,8,109985,570.14,0,0.0,3.7,1
C110996,35,North,Health,Partner,11,33305,1822.25,0,0.0,4.4,1
C110997,31,Central,Auto,Online,10,85593,714.85,1,8143.66,3.9,1
C110998,19,West,Life,Online,0,43968,1187.69,0,0.0,3.0,1
C110999,50,South,Health,Branch,1,29881,1610.73,0,0.0,4.0,1
C111000,32,East,Home,Branch,12,43880,1380.36,1,832.24,3.3,1
C111001,67,East,Home,Branch,14,40240,1663.38,0,0.0,4.3,1
C111002,27,North,Home,Agent,4,42133,1303.29,1,740.32,2.5,0
C111003,54,South,Auto,Agent,0,53075,943.98,0,0.0,2.6,1
C111004,47,Central,Auto,Online,10,60605,1273.77,0,0.0,3.0,1
C111005,53,East,Life,Online,15,77567,1786.09,0,0.0,4.5,1
C111006,24,South,Life,Online,1,55859,1666.84,1,914.04,3.7,1
C111007,45,West,Life,Agent,1,53395,1130.85,0,0.0,5.0,1
C111008,54,East,Life,Agent,6,38993,828.89,0,0.0,3.4,1
C111009,37,West,Health,Online,9,46955,1781.38,0,0.0,3.4,1
C111010,68,South,Health,Partner,7,42926,2085.5,0,0.0,2.8,1
C111011,48,North,Home,Partner,7,27282,1654.53,0,0.0,4.4,0
C111012,39,North,Auto,Online,7,97916,1185.31,0,0.0,4.2,1
C111013,19,Central,Home,Branch,15,56363,1325.02,0,0.0,4.0,1
C111014,27,West,Home,Agent,4,56590,1713.88,0,0.0,3.9,0
C111015,45,Central,Health,Agent,1,73918,1898.74,0,0.0,4.6,0
C111016,41,North,Health,Agent,8,18000,2515.11,0,0.0,3.3,1
C111017,68,West,Home,Branch,7,92297,1264.24,0,0.0,4.5,1
C111018,63,East,Life,Online,4,36540,745.86,0,0.0,4.1,1
C111019,27,West,Auto,Agent,15,36100,1243.58,0,0.0,3.5,0
C111020,52,South,Auto,Online,2,42228,1923.2,0,0.0,3.7,1
C111021,44,West,Home,Online,2,69718,2127.9,0,0.0,3.5,0
C111022,23,North,Home,Agent,2,90598,1149.49,0,0.0,4.1,1
C111023,56,North,Home,Online,15,81512,1073.26,0,0.0,4.7,0
C111024,49,West,Health,Branch,14,43325,1824.27,0,0.0,4.3,1
C111025,23,North,Auto,Branch,15,19631,1396.92,0,0.0,4.5,0
C111026,45,North,Health,Online,2,44542,1451.39,0,0.0,3.8,1
C111027,60,Central,Life,Partner,0,40488,2041.91,0,0.0,3.2,1
C111028,36,South,Health,Agent,6,22393,2310.09,0,0.0,3.8,1
C111029,38,East,Health,Branch,7,62491,1354.94,0,0.0,3.1,1
C111030,24,Central,Auto,Online,4,52080,1097.0,1,2874.45,3.7,1
C111031,29,West,Health,Online,9,61010,1709.12,0,0.0,4.2,1
C111032,74,North,Health,Partner,9,65170,2051.45,0,0.0,4.0,1
C111033,54,East,Home,Partner,10,64325,1115.05,0,0.0,2.9,1
C111034,28,East,Health,Agent,5,50841,1242.55,0,0.0,3.8,1
C111035,45,South,Health,Online,0,81519,2506.77,0,0.0,3.1,1
C111036,29,West,Health,Branch,4,43180,2027.57,0,0.0,3.3,1
C111037,43,Central,Life,Online,2,40507,823.28,0,0.0,4.0,1
C111038,26,North,Auto,Partner,15,47828,1506.53,0,0.0,3.8,0
C111039,53,North,Auto,Online,13,61684,559.37,0,0.0,2.7,0
C111040,51,West,Health,Online,15,64281,1274.33,0,0.0,3.8,1
C111041,54,East,Life,Online,12,45875,2710.97,0,0.0,3.8,1
C111042,43,West,Home,Online,2,46250,1734.43,0,0.0,3.7,1
C111043,34,North,Health,Partner,7,75486,1164.4,0,0.0,3.6,1
C111044,32,North,Health,Agent,11,28462,2377.59,0,0.0,4.6,1
C111045,30,West,Auto,Online,1,101447,946.69,0,0.0,2.2,0
C111046,42,Central,Life,Online,14,46588,2509.75,0,0.0,3.7,1
C111047,44,North,Health,Online,13,48320,1438.08,0,0.0,2.7,1
C111048,57,Central,Home,Agent,15,58656,2107.46,0,0.0,3.5,1
C111049,21,South,Home,Agent,4,61576,611.84,0,0.0,4.2,1
C111050,34,North,Home,Online,4,40212,912.27,0,0.0,5.0,1
C111051,67,East,Auto,Branch,10,58091,1652.81,0,0.0,4.1,1
C111052,71,South,Auto,Agent,12,35194,1693.11,1,9213.66,3.6,0
C111053,71,West,Auto,Partner,4,41220,1416.98,0,0.0,4.2,1
C111054,35,South,Life,Agent,5,23114,1262.91,0,0.0,3.4,1
C111055,25,East,Home,Online,5,54533,1662.47,0,0.0,4.3,1
C111056,29,South,Health,Online,9,48826,1889.08,1,7426.71,3.9,0
C111057,25,Central,Life,Partner,1,18000,2436.33,1,3116.82,4.1,0
C111058,73,Central,Auto,Online,8,39742,1202.24,0,0.0,3.9,1
C111059,69,East,Auto,Agent,3,51483,1580.46,0,0.0,3.9,1
C111060,65,East,Auto,Agent,11,67468,1148.95,1,1801.76,3.3,1
C111061,60,Central,Life,Agent,11,28926,1887.48,1,9873.1,3.6,1
C111062,37,North,Auto,Agent,14,46582,1630.71,1,5172.58,3.6,0
C111063,45,Central,Auto,Branch,5,32197,721.74,0,0.0,4.1,1
C111064,66,East,Auto,Online,1,65053,1504.76,0,0.0,3.9,0
C111065,65,Central,Health,Branch,3,39971,1947.81,0,0.0,3.6,1
C111066,48,South,Health,Partner,3,61338,1428.04,0,0.0,3.3,1
C111067,66,South,Auto,Online,0,45550,1479.98,1,3464.91,3.5,1
C111068,38,South,Home,Online,9,21330,2300.84,0,0.0,3.7,1
C111069,41,North,Life,Partner,10,50741,1214.6,0,0.0,3.8,1
C111070,66,North,Auto,Online,5,30680,845.5,0,0.0,3.3,1
C111071,39,Central,Life,Agent,4,72149,1380.78,0,0.0,4.6,1
C111072,61,South,Home,Online,8,84728,1301.07,0,0.0,3.6,1
C111073,44,North,Life,Agent,2,63479,1390.24,0,0.0,4.6,0
C111074,35,South,Auto,Branch,12,40469,1048.42,0,0.0,3.2,1
C111075,30,East,Home,Branch,3,52401,1931.95,0,0.0,4.7,1
C111076,53,East,Health,Agent,11,57222,857.98,0,0.0,4.2,1
C111077,45,North,Auto,Online,10,71523,890.31,1,2087.54,3.1,0
C111078,39,West,Home,Agent,12,48610,1434.6,0,0.0,3.9,1
C111079,61,Central,Auto,Agent,8,59347,922.81,0,0.0,4.0,0
C111080,18,South,Home,Agent,2,21775,1205.7,0,0.0,4.5,1
C111081,23,West,Health,Agent,0,56352,1870.57,0,0.0,3.6,1
C111082,73,South,Health,Partner,0,36514,2808.47,0,0.0,4.3,1
C111083,56,East,Auto,Online,2,52771,944.87,0,0.0,3.8,0
C111084,49,Central,Life,Online,13,33313,1946.01,0,0.0,3.2,1
C111085,18,Central,Auto,Branch,1,59406,1393.65,0,0.0,4.0,1
C111086,52,South,Home,Agent,7,63484,2073.53,0,0.0,3.6,0
C111087,43,East,Home,Online,7,47806,1360.71,0,0.0,4.0,1
C111088,52,South,Auto,Partner,10,36412,1318.7,0,0.0,4.2,1
C111089,20,East,Health,Branch,1,62330,1049.06,0,0.0,4.5,1
C111090,49,West,Life,Agent,1,80031,2108.19,0,0.0,3.2,0
C111091,51,North,Life,Branch,13,86589,2554.34,0,0.0,3.5,1
C111092,34,Central,Auto,Agent,11,59126,1668.94,0,0.0,3.6,1
C111093,21,West,Auto,Agent,9,57008,1183.91,0,0.0,4.0,1
C111094,74,North,Auto,Online,1,28326,1117.47,0,0.0,3.9,1
C111095,59,Central,Home,Agent,11,75650,1449.31,0,0.0,3.7,1
C111096,54,West,Auto,Agent,12,18000,1353.37,0,0.0,3.5,1
C111097,62,South,Auto,Branch,13,73449,2611.79,0,0.0,3.2,1
C111098,56,East,Health,Agent,0,52479,2084.5,0,0.0,3.3,1
C111099,25,Central,Life,Online,9,18000,3102.69,0,0.0,3.6,1
C111100,44,Central,Auto,Branch,1,58059,1858.08,0,0.0,4.1,0
C111101,69,South,Home,Online,5,49184,919.32,1,1980.81,3.2,0
C111102,34,West,Auto,Branch,5,43923,662.12,1,2887.1,4.5,1
C111103,74,Central,Health,Branch,2,47142,1369.85,0,0.0,2.6,1
C111104,21,Central,Health,Agent,3,51658,1121.75,0,0.0,3.5,1
C111105,37,North,Life,Agent,14,51605,2378.53,0,0.0,3.8,1
C111106,38,East,Home,Online,15,25438,1417.17,0,0.0,4.1,1
C111107,53,Central,Auto,Branch,8,59252,997.86,0,0.0,3.9,1
C111108,28,North,Health,Online,7,45167,1415.19,0,0.0,3.9,1
C111109,31,East,Auto,Agent,15,80564,1237.68,0,0.0,4.2,1
C111110,56,East,Auto,Online,7,67481,1502.91,0,0.0,3.2,1
C111111,34,East,Life,Agent,6,69506,2139.08,0,0.0,4.4,0
C111112,68,West,Health,Online,0,85509,1080.45,1,6556.93,2.9,1
C111113,68,North,Life,Online,2,65248,1742.98,0,0.0,3.5,1
C111114,35,West,Auto,Agent,7,49367,1179.97,0,0.0,3.7,0
C111115,50,South,Life,Branch,5,18000,1899.33,0,0.0,4.2,1
C111116,37,Central,Life,Online,1,56336,819.24,1,1937.13,3.9,0
C111117,38,East,Home,Agent,11,83154,809.48,0,0.0,4.5,1
C111118,56,North,Auto,Branch,10,68103,1228.99,0,0.0,3.6,0
C111119,35,Central,Life,Agent,0,42864,1801.89,0,0.0,4.0,1
C111120,26,West,Life,Agent,15,53078,2070.6,0,0.0,3.2,1
C111121,33,South,Auto,Online,4,41995,636.0,0,0.0,4.2,1
C111122,71,South,Life,Online,5,57503,1810.69,0,0.0,4.2,1
C111123,33,East,Life,Online,2,42813,1796.9,0,0.0,3.6,0
C111124,39,Central,Auto,Partner,12,77909,860.29,0,0.0,3.5,1
C111125,54,South,Health,Online,15,54166,1031.04,0,0.0,4.6,1
C111126,23,Central,Auto,Online,15,56637,1095.81,0,0.0,4.1,1
C111127,33,South,Health,Online,1,37092,1471.68,0,0.0,4.6,1
C111128,28,West,Life,Branch,15,44481,2273.46,0,0.0,3.7,1
C111129,71,South,Life,Agent,0,31200,1912.1,0,0.0,4.2,1
C111130,72,North,Auto,Branch,11,77509,1181.58,0,0.0,4.8,1
C111131,61,Central,Health,Agent,10,42761,2136.44,0,0.0,4.2,1
C111132,32,North,Health,Branch,13,54875,1347.99,0,0.0,4.5,1
C111133,53,Central,Health,Partner,8,24119,1661.06,0,0.0,4.5,1
C111134,56,North,Home,Agent,5,29826,1498.09,0,0.0,4.3,0
C111135,68,South,Home,Partner,10,47494,1263.55,0,0.0,3.9,1
C111136,27,Central,Auto,Partner,9,46396,1451.65,0,0.0,4.6,0
C111137,60,West,Auto,Online,2,56405,1603.88,0,0.0,4.1,1
C111138,29,North,Life,Agent,10,88200,894.55,0,0.0,3.8,1
C111139,50,East,Auto,Branch,11,18000,1440.9,1,3948.7,3.5,1
C111140,68,North,Health,Branch,3,69612,2096.69,0,0.0,4.0,0
C111141,21,Central,Life,Branch,10,60968,1845.88,0,0.0,3.9,0
C111142,26,North,Life,Branch,5,40874,2056.16,0,0.0,3.1,0
C111143,65,East,Home,Online,8,44194,2852.51,0,0.0,5.0,1
C111144,19,North,Auto,Branch,5,72161,1399.42,0,0.0,3.8,1
C111145,57,West,Health,Online,10,50879,1693.28,1,2277.76,4.0,0
C111146,47,Central,Home,Branch,1,46205,880.85,1,1749.46,4.3,1
C111147,38,Central,Health,Online,3,33124,1580.23,0,0.0,3.2,1
C111148,68,South,Auto,Branch,7,36951,790.34,0,0.0,4.3,1
C111149,67,South,Health,Branch,10,30106,2490.01,0,0.0,3.3,1
C111150,36,North,Health,Online,12,67921,1171.04,0,0.0,4.0,1
C111151,18,Central,Life,Branch,3,37885,1326.66,0,0.0,4.4,0
C111152,25,North,Home,Branch,10,30507,2226.22,0,0.0,4.4,1
C111153,24,West,Auto,Online,15,55144,1319.5,0,0.0,3.7,0
C111154,74,South,Auto,Agent,10,37308,1150.18,0,0.0,3.0,1
C111155,52,Central,Health,Online,0,79841,2143.7,0,0.0,2.6,1
C111156,57,East,Health,Online,9,52740,1964.07,0,0.0,4.8,0
C111157,31,East,Auto,Branch,6,55691,977.26,0,0.0,2.6,0
C111158,67,Central,Life,Online,0,55741,956.91,0,0.0,3.8,0
C111159,59,Central,Life,Agent,6,62277,1607.54,0,0.0,3.3,1
C111160,61,East,Life,Online,0,64787,2170.16,0,0.0,2.9,0
C111161,45,West,Health,Online,1,52527,2480.58,0,0.0,3.4,0
C111162,58,West,Home,Agent,2,33713,1759.22,0,0.0,3.5,1
C111163,49,East,Home,Agent,3,49234,1912.68,0,0.0,4.1,1
C111164,40,North,Health,Partner,14,53068,1347.98,0,0.0,3.9,1
C111165,52,West,Auto,Online,3,22621,1472.79,0,0.0,3.4,1
C111166,36,West,Auto,Agent,13,18000,1174.54,0,0.0,3.0,0
C111167,73,North,Auto,Branch,2,30171,1424.77,0,0.0,4.3,1
C111168,59,South,Life,Agent,9,18000,2176.82,0,0.0,3.5,1
C111169,60,West,Home,Branch,5,43244,1550.67,0,0.0,3.4,1
C111170,59,North,Life,Online,6,38088,1687.51,0,0.0,4.5,1
C111171,44,West,Health,Branch,8,53596,2424.47,0,0.0,3.5,0
C111172,73,West,Auto,Agent,15,64766,796.92,0,0.0,3.7,1
C111173,30,South,Health,Branch,11,57208,2467.66,0,0.0,4.2,1
C111174,50,South,Auto,Online,1,59820,1137.44,0,0.0,4.1,1
C111175,22,South,Life,Online,14,69027,1501.59,0,0.0,3.5,0
C111176,35,South,Auto,Agent,1,46130,1482.17,0,0.0,3.2,1
C111177,51,West,Auto,Agent,7,18000,1954.49,0,0.0,4.0,0
C111178,46,West,Health,Online,9,20600,1965.6,0,0.0,3.5,0
C111179,72,Central,Home,Online,8,60971,1602.19,0,0.0,4.1,1
C111180,53,North,Health,Online,8,55531,1338.82,0,0.0,3.4,0
C111181,41,West,Auto,Online,11,64513,1346.06,0,0.0,4.3,1
C111182,42,South,Home,Online,15,103165,1654.39,0,0.0,4.7,0
C111183,53,Central,Auto,Branch,3,55949,923.64,0,0.0,4.0,1
C111184,63,North,Health,Partner,12,50281,1831.75,0,0.0,4.1,1
C111185,34,East,Health,Agent,0,58230,2882.48,0,0.0,3.0,1
C111186,51,East,Auto,Online,15,30576,1131.68,1,2830.2,2.7,1
C111187,51,South,Health,Online,6,65588,2282.27,1,5952.82,3.4,0
C111188,18,Central,Auto,Branch,11,48916,2033.44,0,0.0,3.2,0
C111189,70,North,Auto,Partner,4,82290,939.04,0,0.0,3.8,1
C111190,51,North,Health,Online,14,23190,2012.17,0,0.0,4.6,1
C111191,32,West,Auto,Online,8,52082,1298.49,0,0.0,2.6,1
C111192,54,East,Auto,Online,10,40704,1477.33,0,0.0,4.2,1
C111193,57,South,Home,Agent,3,32804,946.06,0,0.0,3.7,0
C111194,71,South,Home,Online,8,63208,1939.74,0,0.0,4.2,1
C111195,19,North,Life,Branch,12,46284,2190.05,0,0.0,4.6,1
C111196,41,Central,Life,Online,9,75950,1736.51,0,0.0,3.7,1
C111197,28,East,Health,Online,2,42444,868.03,0,0.0,4.0,1
C111198,51,South,Health,Branch,14,44933,1625.02,0,0.0,3.6,1
C111199,47,South,Health,Branch,3,88264,1148.84,0,0.0,4.6,1
C111200,45,Central,Home,Online,1,27684,1915.04,0,0.0,3.7,1
C111201,74,Central,Health,Branch,10,37895,1880.5,0,0.0,4.0,1
C111202,48,North,Life,Online,9,18000,1227.49,0,0.0,3.7,1
C111203,41,West,Health,Online,7,43956,2305.73,0,0.0,4.0,1
C111204,21,North,Auto,Online,6,64434,1177.37,0,0.0,4.2,1
C111205,34,South,Home,Online,0,59376,1570.93,0,0.0,3.8,0
C111206,70,Central,Auto,Online,10,54596,1279.51,0,0.0,3.5,1
C111207,44,Central,Life,Branch,3,36227,1558.82,0,0.0,3.2,1
C111208,70,North,Auto,Partner,9,48573,1470.18,0,0.0,4.8,1
C111209,48,Central,Home,Online,14,44844,1148.32,0,0.0,3.8,1
C111210,49,West,Health,Online,6,51901,2318.06,0,0.0,4.9,1
C111211,42,West,Auto,Agent,9,55136,1228.99,0,0.0,4.0,1
C111212,50,West,Home,Agent,11,45686,1043.02,0,0.0,4.2,0
C111213,21,East,Auto,Branch,9,52429,1665.52,1,2832.93,3.3,1
C111214,21,Central,Health,Online,8,50240,2507.43,0,0.0,4.5,1
C111215,45,South,Auto,Agent,7,39850,1444.88,1,1197.45,4.0,0
C111216,52,East,Home,Agent,2,53431,1553.5,0,0.0,4.7,0
C111217,49,South,Life,Branch,10,29012,1688.26,0,0.0,3.4,0
C111218,42,Central,Auto,Online,10,55265,1280.53,0,0.0,4.1,1
C111219,35,North,Home,Online,6,32006,1118.13,0,0.0,4.9,1
C111220,59,East,Life,Online,0,51541,2628.9,0,0.0,3.5,1
C111221,53,West,Auto,Agent,0,60378,1232.48,0,0.0,3.3,1
C111222,20,South,Life,Agent,13,35334,1626.0,0,0.0,4.1,1
C111223,44,South,Auto,Agent,1,70591,1155.71,0,0.0,3.6,0
C111224,59,South,Life,Online,14,84189,566.89,0,0.0,4.1,1
C111225,63,West,Health,Online,0,40299,1696.68,0,0.0,3.4,1
C111226,34,South,Life,Agent,1,49395,1743.88,0,0.0,3.8,1
C111227,71,East,Auto,Online,3,73815,1643.89,0,0.0,4.4,1
C111228,55,East,Health,Partner,4,19634,748.67,0,0.0,3.7,1
C111229,43,Central,Life,Branch,5,52601,1739.13,0,0.0,4.4,1
C111230,54,West,Home,Online,2,46563,1869.49,0,0.0,2.9,0
C111231,68,North,Health,Agent,1,68208,2375.77,1,1178.8,3.7,1
C111232,31,Central,Home,Online,12,47588,2306.15,0,0.0,4.2,1
C111233,26,Central,Home,Partner,14,60135,1712.24,0,0.0,3.8,1
C111234,43,West,Auto,Agent,1,37183,1469.48,0,0.0,4.7,1
C111235,22,East,Auto,Online,9,69129,2167.58,0,0.0,4.0,0
C111236,66,North,Auto,Branch,8,31811,1251.21,0,0.0,3.5,1
C111237,74,West,Auto,Online,11,67675,721.83,0,0.0,4.1,0
C111238,53,East,Life,Online,6,53371,1898.08,0,0.0,3.1,0
C111239,74,South,Health,Online,3,18000,2003.89,0,0.0,3.6,1
C111240,21,North,Health,Agent,12,53135,2051.55,1,225.52,3.1,1
C111241,54,South,Auto,Online,10,62925,893.63,1,6227.55,2.5,1
C111242,43,West,Life,Partner,10,29872,1512.61,0,0.0,3.4,1
C111243,34,North,Auto,Agent,2,36754,966.61,0,0.0,4.0,0
C111244,36,West,Auto,Partner,8,53599,1017.57,0,0.0,3.8,1
C111245,49,Central,Home,Online,14,42792,1484.62,1,2073.92,4.4,1
C111246,55,South,Auto,Branch,8,57932,1413.33,0,0.0,3.5,1
C111247,27,North,Home,Branch,14,48234,1701.73,0,0.0,3.3,1
C111248,53,North,Auto,Branch,12,28245,1027.96,0,0.0,3.9,1
C111249,71,South,Home,Branch,6,93911,1710.43,0,0.0,4.2,1
C111250,18,Central,Auto,Agent,7,45883,950.26,0,0.0,3.9,1
C111251,68,West,Auto,Agent,4,54237,934.49,0,0.0,3.6,1
C111252,53,Central,Health,Partner,6,83903,2446.15,0,0.0,4.2,1
C111253,37,Central,Health,Online,2,67532,2831.26,0,0.0,3.7,0
C111254,60,South,Home,Online,0,61855,1190.36,0,0.0,4.3,1
C111255,53,West,Auto,Partner,11,71040,816.05,1,389.8,3.1,0
C111256,62,East,Home,Partner,4,61926,1061.6,0,0.0,3.6,1
C111257,22,East,Auto,Agent,14,61925,1827.33,0,0.0,3.6,0
C111258,21,South,Home,Branch,5,62208,836.62,0,0.0,4.6,1
C111259,55,South,Life,Partner,10,48963,1702.65,0,0.0,4.1,0
C111260,35,West,Auto,Agent,9,71346,1446.39,1,5500.74,2.2,1
C111261,31,West,Auto,Online,4,64140,1849.3,0,0.0,4.8,1
C111262,42,South,Home,Agent,10,18000,1980.99,0,0.0,4.3,0
C111263,60,North,Life,Agent,7,67315,1164.3,0,0.0,4.6,1
C111264,28,East,Home,Online,15,37718,1540.12,0,0.0,4.5,1
C111265,74,West,Health,Partner,6,56373,1487.25,0,0.0,3.3,1
C111266,42,East,Home,Branch,4,21899,1107.75,1,826.1,3.1,0
C111267,26,North,Auto,Branch,0,41501,997.56,0,0.0,3.1,1
C111268,22,South,Life,Agent,8,45442,560.23,0,0.0,3.9,1
C111269,67,West,Life,Online,8,61660,1604.8,0,0.0,2.9,1
C111270,24,West,Life,Agent,12,41421,1039.62,1,3216.03,3.7,1
C111271,42,North,Life,Branch,2,18000,1005.52,0,0.0,3.8,1
C111272,56,East,Life,Agent,4,43174,1947.55,0,0.0,3.3,1
C111273,47,East,Auto,Online,3,45150,1016.86,0,0.0,4.9,0
C111274,33,West,Life,Branch,8,63395,1669.98,0,0.0,4.2,0
C111275,24,North,Auto,Online,4,54665,1420.59,0,0.0,2.2,1
C111276,59,West,Auto,Agent,6,38200,1171.86,1,2656.74,3.9,0
C111277,46,Central,Health,Agent,14,56987,986.59,0,0.0,3.6,0
C111278,20,South,Auto,Partner,6,85006,1394.28,0,0.0,3.7,1
C111279,28,South,Health,Online,15,73066,2198.65,0,0.0,4.5,0
C111280,50,North,Health,Online,1,18000,1287.62,0,0.0,3.9,0
C111281,27,North,Auto,Partner,7,96552,1119.99,0,0.0,3.6,1
C111282,40,Central,Auto,Partner,0,73308,1379.69,0,0.0,3.1,0
C111283,25,Central,Auto,Online,8,80537,830.14,0,0.0,4.0,0
C111284,64,North,Home,Branch,4,24642,1575.28,0,0.0,3.4,1
C111285,54,Central,Health,Partner,2,44543,1874.77,0,0.0,4.0,1
C111286,63,North,Home,Online,14,62593,1435.63,0,0.0,4.1,0
C111287,21,East,Home,Branch,10,31812,1180.87,0,0.0,5.0,1
C111288,39,West,Home,Online,3,61501,1569.79,0,0.0,3.4,0
C111289,33,South,Auto,Branch,11,81399,954.37,0,0.0,3.4,1
C111290,54,East,Health,Online,1,46003,2069.52,0,0.0,4.2,0
C111291,65,West,Health,Branch,8,82661,3244.13,0,0.0,3.3,1
C111292,31,South,Auto,Branch,9,64645,774.66,0,0.0,3.3,1
C111293,62,Central,Life,Online,2,18544,1447.74,0,0.0,3.2,1
C111294,51,South,Auto,Branch,15,36360,1556.82,0,0.0,4.7,1
C111295,65,North,Life,Online,1,71949,2031.16,0,0.0,3.6,1
C111296,22,Central,Auto,Online,0,33420,1254.09,0,0.0,3.8,1
C111297,75,East,Home,Partner,7,71426,2222.06,0,0.0,3.3,0
C111298,43,South,Auto,Partner,11,63009,1282.64,0,0.0,4.2,0
C111299,34,South,Life,Branch,8,57625,1777.15,1,1748.53,3.7,0
C111300,28,North,Home,Partner,1,41609,1457.99,0,0.0,3.9,1
C111301,75,South,Auto,Online,1,57420,1468.59,1,1913.54,3.3,1
C111302,69,South,Auto,Agent,2,82284,1013.91,0,0.0,3.8,1
C111303,25,East,Health,Partner,15,44979,2098.09,0,0.0,3.8,1
C111304,43,East,Auto,Partner,14,62982,1143.07,0,0.0,3.8,1
C111305,60,Central,Auto,Agent,1,88114,1704.74,1,2983.07,4.0,1
C111306,52,Central,Life,Online,11,56722,2186.79,0,0.0,3.8,1
C111307,28,South,Health,Branch,13,43169,2346.45,0,0.0,4.1,0
C111308,38,Central,Auto,Online,8,42973,1322.13,0,0.0,3.5,1
C111309,39,Central,Health,Branch,2,18000,2103.46,0,0.0,4.0,1
C111310,34,Central,Auto,Online,2,30194,1301.67,1,2094.66,3.1,0
C111311,73,West,Home,Agent,11,58089,1591.87,0,0.0,5.0,0
C111312,29,South,Auto,Online,8,69457,1069.62,0,0.0,4.3,1
C111313,58,South,Health,Branch,2,44330,1933.81,1,6259.18,2.9,1
C111314,70,Central,Auto,Partner,0,69225,483.63,0,0.0,3.7,1
C111315,64,East,Life,Agent,6,68094,1411.49,1,3639.61,3.5,0
C111316,64,Central,Auto,Partner,6,38126,1025.45,0,0.0,3.9,1
C111317,27,West,Home,Agent,15,41276,1559.29,0,0.0,3.3,0
C111318,25,South,Health,Online,11,27770,1516.52,0,0.0,2.8,1
C111319,63,South,Home,Branch,6,65391,1030.93,0,0.0,4.7,0
C111320,61,Central,Auto,Online,9,52067,1337.46,0,0.0,3.9,0
C111321,61,North,Life,Online,8,67978,1560.64,0,0.0,4.4,1
C111322,42,West,Life,Branch,10,50925,1615.99,0,0.0,3.1,1
C111323,48,Central,Auto,Online,9,35070,1442.17,0,0.0,4.4,1
C111324,18,North,Auto,Partner,1,66035,1075.46,0,0.0,3.7,1
C111325,34,South,Life,Agent,8,18000,1942.67,1,4161.32,3.5,1
C111326,48,East,Health,Online,12,45932,1225.11,0,0.0,3.2,1
C111327,25,Central,Home,Agent,14,38062,2350.45,0,0.0,3.8,0
C111328,25,East,Life,Online,15,79460,1645.37,1,6193.95,4.2,1
C111329,20,North,Auto,Branch,10,83496,1123.6,0,0.0,3.8,1
C111330,30,North,Auto,Online,14,59617,1255.38,0,0.0,5.0,0
C111331,75,South,Health,Partner,0,41581,1184.67,0,0.0,4.0,0
C111332,58,South,Health,Online,1,82981,1131.2,0,0.0,4.8,0
C111333,72,South,Health,Online,3,39429,2211.03,0,0.0,3.5,1
C111334,32,Central,Home,Agent,1,27087,1916.68,0,0.0,3.1,0
C111335,52,North,Health,Agent,10,18000,2322.91,0,0.0,3.5,0
C111336,69,Central,Home,Agent,8,53842,1619.19,0,0.0,3.4,1
C111337,38,Central,Auto,Agent,8,21130,944.33,0,0.0,3.5,0
C111338,56,West,Health,Online,8,77540,3171.49,0,0.0,4.1,1
C111339,58,West,Auto,Agent,7,41552,1540.33,0,0.0,4.0,1
C111340,66,North,Auto,Partner,13,28845,1555.25,0,0.0,3.5,1
C111341,74,East,Auto,Online,3,72082,1241.58,0,0.0,4.0,1
C111342,53,South,Life,Agent,5,67766,1295.01,0,0.0,3.2,0
C111343,51,South,Health,Online,1,81941,1448.08,0,0.0,3.7,0
C111344,68,East,Auto,Partner,8,21409,1625.13,0,0.0,3.5,0
C111345,57,North,Home,Online,5,18000,1757.27,0,0.0,3.5,1
C111346,38,South,Home,Online,3,80093,1338.38,0,0.0,4.3,1
C111347,54,West,Health,Agent,8,18000,1658.91,0,0.0,3.6,0
C111348,49,East,Auto,Branch,15,30121,566.33,0,0.0,4.0,0
C111349,31,North,Auto,Online,12,52996,1716.26,0,0.0,3.5,1
C111350,47,North,Auto,Branch,1,28070,1307.23,1,1358.78,3.5,0
C111351,54,South,Health,Online,5,55803,2738.51,0,0.0,4.2,1
C111352,70,East,Auto,Partner,14,31324,1789.66,0,0.0,4.4,1
C111353,51,East,Home,Partner,3,75221,975.31,1,2332.31,3.2,0
C111354,27,North,Life,Branch,14,64921,2461.03,0,0.0,3.2,1
C111355,75,West,Auto,Branch,14,56952,948.13,0,0.0,3.7,0
C111356,51,Central,Auto,Agent,0,45610,725.97,0,0.0,2.9,1
C111357,34,East,Life,Branch,15,33397,1792.97,0,0.0,4.2,1
C111358,61,East,Health,Online,12,49575,1959.62,0,0.0,3.8,0
C111359,40,West,Home,Branch,7,29827,1592.89,0,0.0,3.1,0
C111360,39,Central,Life,Agent,5,86505,2480.22,0,0.0,3.5,0
C111361,66,Central,Home,Branch,7,57747,1915.6,0,0.0,4.2,0
C111362,68,North,Home,Agent,3,36338,1300.27,0,0.0,3.1,0
C111363,48,South,Health,Agent,12,80185,1350.53,0,0.0,4.1,0
C111364,39,North,Life,Agent,6,51169,1384.52,0,0.0,4.7,1
C111365,68,West,Home,Agent,7,77178,1894.9,0,0.0,4.4,1
C111366,28,North,Auto,Agent,14,76633,1319.74,0,0.0,4.0,0
C111367,61,Central,Health,Branch,0,59857,2865.62,1,1039.23,3.4,0
C111368,51,North,Auto,Online,6,29151,1558.83,0,0.0,3.5,1
C111369,67,West,Health,Partner,9,41551,2592.94,0,0.0,4.3,1
C111370,42,South,Auto,Branch,3,116604,941.03,0,0.0,4.1,1
C111371,66,East,Health,Partner,2,42079,1835.76,0,0.0,4.6,1
C111372,18,East,Health,Partner,8,47368,1821.67,0,0.0,4.0,0
C111373,61,West,Health,Agent,2,43506,2241.06,0,0.0,3.8,1
C111374,22,East,Home,Partner,6,35087,881.06,0,0.0,4.4,1
C111375,55,East,Auto,Agent,1,64671,896.9,0,0.0,4.3,0
C111376,29,West,Auto,Online,0,27900,1116.1,0,0.0,2.8,0
C111377,73,Central,Health,Online,11,37046,2004.65,0,0.0,4.6,0
C111378,62,West,Health,Online,2,57556,1600.57,0,0.0,4.3,1
C111379,24,West,Life,Online,0,47489,1758.23,1,797.35,3.4,1
C111380,69,East,Auto,Agent,0,54936,1312.34,0,0.0,3.8,0
C111381,32,Central,Health,Partner,9,51442,2324.76,1,3998.24,4.1,0
C111382,49,East,Life,Online,8,30900,2362.05,0,0.0,4.6,1
C111383,22,Central,Home,Partner,9,78362,1879.8,0,0.0,4.2,0
C111384,24,Central,Auto,Branch,10,72574,1149.75,0,0.0,4.0,0
C111385,31,North,Health,Partner,10,34799,1444.74,0,0.0,4.1,1
C111386,48,North,Life,Branch,11,60582,1851.72,0,0.0,4.2,1
C111387,49,West,Health,Partner,13,43169,2038.64,0,0.0,5.0,1
C111388,67,West,Auto,Online,3,71501,1282.71,0,0.0,4.6,1
C111389,27,West,Health,Agent,1,67461,2530.61,0,0.0,4.1,1
C111390,61,Central,Auto,Agent,12,74609,716.97,1,5747.26,3.1,1
C111391,18,East,Health,Online,1,34949,1857.3,0,0.0,4.3,1
C111392,34,South,Life,Agent,6,27614,1904.57,0,0.0,3.6,1
C111393,28,East,Life,Agent,9,18547,2553.9,0,0.0,3.7,1
C111394,25,North,Health,Partner,0,100153,1373.17,0,0.0,3.2,0
C111395,51,East,Life,Online,15,68310,1882.15,0,0.0,4.0,1
C111396,70,Central,Home,Partner,14,74409,913.45,0,0.0,3.9,1
C111397,56,North,Life,Online,13,26192,1805.3,1,403.66,4.5,0
C111398,67,Central,Life,Branch,11,63439,1566.29,0,0.0,3.6,0
C111399,52,Central,Life,Online,12,21010,1497.28,0,0.0,4.1,1
C111400,21,North,Auto,Partner,9,60192,1200.33,0,0.0,4.3,1
C111401,38,Central,Auto,Agent,12,52368,1618.02,1,2990.5,3.8,1
C111402,65,West,Auto,Online,0,46631,1380.35,0,0.0,3.9,1
C111403,20,East,Home,Partner,3,42243,859.34,0,0.0,4.5,1
C111404,23,South,Life,Online,0,73164,1463.68,0,0.0,2.3,1
C111405,66,South,Life,Partner,1,42587,2403.67,0,0.0,4.6,1
C111406,21,West,Life,Online,9,76361,1005.26,1,791.92,2.5,1
C111407,73,South,Home,Online,12,51148,2103.52,0,0.0,4.6,0
C111408,61,South,Health,Online,14,58726,1826.67,0,0.0,4.4,1
C111409,56,Central,Health,Branch,2,61905,1581.42,0,0.0,3.9,0
C111410,49,West,Home,Branch,10,60274,1428.44,0,0.0,4.5,1
C111411,23,West,Auto,Agent,11,56112,1273.3,0,0.0,3.8,1
C111412,42,Central,Home,Online,0,90747,1896.41,0,0.0,4.1,0
C111413,64,North,Home,Agent,5,72318,1497.83,0,0.0,3.4,1
C111414,70,South,Auto,Agent,10,18000,815.01,0,0.0,3.8,1
C111415,43,West,Health,Agent,2,48252,1872.92,0,0.0,4.5,1
C111416,66,East,Health,Agent,5,78749,2258.04,0,0.0,4.1,1
C111417,63,North,Home,Agent,7,37364,2581.11,0,0.0,4.3,1
C111418,21,West,Home,Agent,1,52084,2268.52,0,0.0,3.7,1
C111419,53,North,Auto,Agent,1,53428,1446.82,0,0.0,3.7,1
C111420,53,East,Home,Online,12,80657,1077.69,0,0.0,3.5,0
C111421,49,East,Auto,Partner,1,33159,652.2,1,4114.47,3.6,1
C111422,62,West,Health,Branch,9,35741,2348.78,0,0.0,3.1,1
C111423,69,South,Health,Branch,6,61099,2001.06,0,0.0,3.5,1
C111424,49,North,Home,Branch,11,58205,1326.78,0,0.0,3.3,1
C111425,36,Central,Life,Agent,14,61397,1169.95,0,0.0,4.4,1
C111426,75,Central,Auto,Partner,2,57801,1351.68,0,0.0,4.2,1
C111427,73,East,Home,Agent,15,49867,1744.56,1,1458.35,4.1,1
C111428,57,North,Life,Agent,1,62085,1356.5,0,0.0,3.8,1
C111429,55,East,Life,Branch,14,55696,1948.15,0,0.0,4.4,1
C111430,24,South,Auto,Partner,8,47516,1151.78,0,0.0,4.2,1
C111431,41,North,Auto,Agent,0,50859,1333.97,0,0.0,3.2,0
C111432,29,North,Health,Branch,8,42287,2664.45,0,0.0,2.6,0
C111433,47,North,Life,Agent,14,39257,2002.42,0,0.0,3.5,1
C111434,65,South,Auto,Agent,9,62036,1227.77,0,0.0,4.1,0
C111435,31,South,Health,Partner,1,28477,1623.59,0,0.0,4.7,1
C111436,75,Central,Life,Agent,11,64400,1499.89,0,0.0,4.2,1
C111437,25,East,Health,Branch,13,47251,910.42,0,0.0,3.3,1
C111438,23,East,Health,Branch,10,50143,1863.78,1,6280.87,3.7,0
C111439,74,North,Life,Online,6,48809,1510.71,0,0.0,4.3,0
C111440,23,Central,Health,Partner,10,61058,2124.35,0,0.0,4.3,1
C111441,60,North,Auto,Online,5,78643,1577.53,1,371.68,3.6,1
C111442,62,South,Auto,Branch,2,84464,1589.07,0,0.0,3.2,0
C111443,37,West,Health,Branch,13,70857,1905.8,0,0.0,4.4,1
C111444,21,West,Auto,Branch,6,53414,1121.87,0,0.0,3.1,1
C111445,35,Central,Auto,Partner,12,66389,1177.94,0,0.0,4.1,0
C111446,21,East,Auto,Agent,9,18000,1686.97,0,0.0,3.3,1
C111447,56,South,Health,Online,14,62942,1736.26,0,0.0,2.5,0
C111448,69,South,Life,Agent,8,59014,2610.33,0,0.0,3.8,0
C111449,75,East,Health,Branch,4,24195,1862.91,1,714.18,3.4,1
C111450,64,South,Home,Agent,4,41540,516.74,0,0.0,3.3,1
C111451,62,South,Life,Online,8,56997,1572.49,0,0.0,4.6,1
C111452,69,North,Home,Agent,15,58870,1577.88,0,0.0,2.9,0
C111453,62,Central,Home,Partner,3,69230,1390.41,0,0.0,4.0,1
C111454,55,North,Auto,Agent,2,82055,1292.99,0,0.0,4.1,1
C111455,75,South,Health,Partner,4,49315,2268.18,0,0.0,3.8,1
C111456,36,Central,Auto,Agent,15,31516,1661.87,0,0.0,3.7,1
C111457,41,West,Health,Partner,9,66795,2497.5,0,0.0,3.2,1
C111458,70,East,Life,Branch,12,75181,1811.98,0,0.0,3.7,1
C111459,36,West,Auto,Agent,9,74816,1507.41,1,1041.1,3.9,1
C111460,35,North,Auto,Agent,9,60474,1689.07,0,0.0,3.2,1
C111461,26,Central,Home,Partner,10,87997,1336.9,1,3932.88,2.3,1
C111462,33,South,Life,Partner,2,47070,1745.75,0,0.0,3.4,1
C111463,52,Central,Home,Agent,10,80788,1238.34,0,0.0,3.5,0
C111464,69,South,Auto,Branch,9,31116,1642.48,0,0.0,2.7,1
C111465,25,West,Health,Partner,13,18000,2392.23,0,0.0,3.4,1
C111466,57,East,Health,Online,1,30817,1993.98,0,0.0,4.8,1
C111467,62,North,Health,Agent,8,41658,2182.05,0,0.0,4.4,1
C111468,69,South,Home,Branch,14,52013,1102.19,1,2948.13,3.9,0
C111469,61,West,Home,Online,13,35212,1098.87,0,0.0,4.1,1
C111470,27,South,Auto,Branch,4,54300,990.88,0,0.0,2.4,1
C111471,46,Central,Life,Online,11,63643,1339.57,0,0.0,4.6,1
C111472,73,South,Auto,Agent,6,58348,1646.41,0,0.0,3.0,0
C111473,70,West,Auto,Agent,12,49520,1335.93,0,0.0,3.4,1
C111474,53,West,Home,Branch,10,73647,1457.65,0,0.0,3.6,1
C111475,73,East,Health,Online,7,37592,2103.15,0,0.0,4.0,1
C111476,56,West,Health,Agent,0,47658,2469.39,1,2559.88,2.9,1
C111477,21,West,Auto,Online,12,42100,1514.78,0,0.0,3.4,1
C111478,71,West,Auto,Online,8,63750,1099.28,0,0.0,4.4,1
C111479,27,East,Auto,Branch,8,44341,1428.15,0,0.0,4.9,0
C111480,40,West,Home,Online,11,59203,1532.81,0,0.0,3.8,1
C111481,31,East,Auto,Online,14,66694,1033.88,0,0.0,4.3,1
C111482,59,North,Life,Online,3,42876,1419.35,0,0.0,3.7,1
C111483,19,North,Home,Agent,14,23230,1026.02,0,0.0,4.3,0
C111484,55,West,Life,Online,2,47946,973.3,0,0.0,4.1,1
C111485,68,Central,Life,Agent,10,37679,2040.34,0,0.0,4.1,1
C111486,63,North,Home,Branch,7,40437,1580.21,0,0.0,3.3,1
C111487,35,East,Health,Online,12,18000,1651.89,0,0.0,3.7,1
C111488,70,South,Life,Online,8,22833,1972.49,1,2036.74,3.7,1
C111489,38,East,Health,Agent,9,66400,1638.89,0,0.0,3.6,1
C111490,57,West,Auto,Partner,7,35126,1447.94,0,0.0,4.1,0
C111491,47,West,Health,Online,10,72807,2530.34,0,0.0,3.0,1
C111492,21,West,Auto,Branch,4,39119,1432.94,0,0.0,4.6,1
C111493,18,West,Home,Partner,4,60753,1233.43,0,0.0,4.5,1
C111494,28,North,Life,Online,6,47442,1828.28,0,0.0,4.2,1
C111495,72,East,Home,Online,3,63693,919.04,0,0.0,3.7,1
C111496,73,South,Auto,Branch,4,47438,1476.53,0,0.0,3.5,1
C111497,41,Central,Auto,Partner,1,55839,1669.71,0,0.0,3.5,0
C111498,74,West,Auto,Online,3,74155,1462.29,0,0.0,4.1,1
C111499,20,North,Auto,Agent,6,60479,1980.75,0,0.0,3.5,0
C111500,74,South,Health,Branch,7,39612,2397.05,0,0.0,3.5,1
C111501,31,East,Home,Agent,10,18283,1878.22,1,1486.33,2.6,1
C111502,20,Central,Home,Branch,6,50039,1151.56,0,0.0,3.8,0
C111503,61,North,Health,Agent,9,59745,2317.65,0,0.0,3.6,1
C111504,40,East,Health,Partner,6,54772,1966.32,0,0.0,4.7,1
C111505,34,South,Auto,Agent,7,36199,537.62,0,0.0,3.8,1
C111506,62,West,Health,Agent,0,54730,2155.15,1,624.86,2.1,1
C111507,37,West,Health,Branch,12,63877,1210.82,0,0.0,4.0,1
C111508,61,South,Auto,Online,11,77084,1573.62,1,2670.76,3.8,1
C111509,29,West,Home,Agent,0,47933,1208.68,0,0.0,3.3,0
C111510,22,North,Health,Online,0,96225,2572.77,0,0.0,5.0,1
C111511,36,Central,Auto,Agent,11,78159,350.0,0,0.0,3.9,0
C111512,53,South,Health,Agent,3,55029,2157.49,0,0.0,3.2,0
C111513,31,East,Auto,Branch,14,56709,1464.23,0,0.0,4.5,1
C111514,26,South,Home,Branch,12,77001,2331.61,1,1058.29,3.6,1
C111515,61,West,Auto,Agent,6,34662,1136.65,0,0.0,3.7,1
C111516,46,South,Life,Branch,15,37558,2008.22,0,0.0,3.4,1
C111517,43,East,Health,Online,8,28817,1815.26,0,0.0,3.8,1
C111518,31,North,Auto,Agent,15,47407,763.58,1,619.11,2.7,1
C111519,19,South,Auto,Online,0,36520,903.17,1,6514.87,3.4,1
C111520,21,Central,Life,Online,9,45611,1653.53,0,0.0,3.4,0
C111521,57,East,Health,Branch,13,51376,2898.95,0,0.0,4.4,0
C111522,22,East,Home,Partner,4,27188,1229.87,0,0.0,3.7,1
C111523,32,West,Life,Agent,13,76592,1589.12,0,0.0,4.6,1
C111524,70,East,Auto,Online,13,73454,1245.69,0,0.0,4.7,1
C111525,37,Central,Health,Online,12,43721,2353.13,0,0.0,3.4,1
C111526,61,East,Home,Online,10,78673,1285.87,0,0.0,4.0,1
C111527,37,Central,Life,Partner,1,58992,846.7,0,0.0,3.7,1
C111528,72,Central,Health,Agent,15,71785,1902.3,0,0.0,3.9,1
C111529,65,East,Life,Partner,14,27582,1377.15,0,0.0,4.4,0
C111530,45,South,Health,Agent,8,45946,2670.48,0,0.0,3.7,0
C111531,57,West,Life,Agent,6,63308,2389.46,0,0.0,3.8,0
C111532,41,West,Auto,Branch,8,49049,1713.09,0,0.0,3.8,1
C111533,72,North,Health,Online,15,48834,2252.14,1,2436.06,3.7,0
C111534,38,South,Auto,Branch,0,50008,1238.59,0,0.0,3.2,1
C111535,66,North,Life,Branch,7,58722,1191.42,0,0.0,3.5,1
C111536,53,West,Auto,Online,3,54006,1195.18,0,0.0,2.6,1
C111537,55,West,Home,Online,13,80046,1083.96,0,0.0,4.1,1
C111538,38,North,Auto,Agent,10,34190,1166.46,0,0.0,3.9,1
C111539,66,East,Auto,Partner,14,53701,1091.98,0,0.0,3.9,1
C111540,61,West,Auto,Partner,15,64671,1138.26,0,0.0,4.6,0
C111541,65,Central,Home,Online,1,29614,1960.12,0,0.0,4.2,1
C111542,64,North,Auto,Branch,7,45813,919.46,0,0.0,4.4,1
C111543,27,South,Home,Branch,14,55129,1681.25,0,0.0,4.4,1
C111544,68,South,Home,Partner,0,79052,893.61,1,1397.28,4.4,0
C111545,66,West,Life,Online,13,54455,2087.3,0,0.0,4.6,1
C111546,32,North,Home,Partner,6,65644,1209.8,0,0.0,3.3,1
C111547,74,South,Health,Branch,8,66822,989.6,1,4056.67,3.9,1
C111548,48,West,Health,Agent,2,18000,2863.82,0,0.0,4.1,1
C111549,36,East,Auto,Online,5,53447,1759.11,0,0.0,4.2,1
C111550,30,North,Health,Online,15,44157,2298.06,0,0.0,5.0,1
C111551,39,South,Life,Agent,14,79057,2928.31,0,0.0,3.9,1
C111552,20,North,Auto,Partner,2,64576,1510.15,0,0.0,4.0,0
C111553,58,South,Auto,Branch,9,67745,1077.79,0,0.0,3.8,1
C111554,59,East,Health,Partner,1,61353,1040.44,0,0.0,3.6,0
C111555,56,North,Life,Agent,15,53886,2435.55,1,4883.7,3.4,1
C111556,49,North,Auto,Partner,7,67040,1572.06,0,0.0,3.3,0
C111557,39,Central,Life,Partner,4,51616,796.67,0,0.0,3.9,1
C111558,59,Central,Auto,Online,8,75117,727.82,0,0.0,4.9,1
C111559,68,North,Health,Online,3,32758,2089.7,0,0.0,3.8,1
C111560,23,West,Life,Branch,11,70682,1733.06,0,0.0,4.0,1
C111561,40,North,Health,Branch,5,45470,1696.79,0,0.0,3.3,1
C111562,75,Central,Health,Online,5,64230,1844.11,0,0.0,3.0,1
C111563,67,Central,Life,Branch,12,23709,1125.41,0,0.0,3.8,0
C111564,75,West,Auto,Online,14,56855,980.76,0,0.0,3.6,1
C111565,28,West,Auto,Agent,3,49280,966.23,0,0.0,3.2,0
C111566,44,South,Life,Partner,9,51184,1568.76,0,0.0,2.9,1
C111567,25,South,Health,Online,4,20184,2189.32,1,4444.28,2.8,1
C111568,68,East,Life,Online,0,52592,2377.6,0,0.0,3.9,1
C111569,48,North,Life,Branch,4,54334,2233.72,0,0.0,4.7,1
C111570,32,West,Health,Branch,0,19931,2912.81,0,0.0,3.4,1
C111571,23,East,Health,Online,12,31287,1092.3,0,0.0,4.2,0
C111572,60,North,Health,Agent,7,54838,1881.18,0,0.0,3.3,1
C111573,65,East,Auto,Agent,8,59324,1324.15,0,0.0,3.4,1
C111574,68,West,Health,Branch,7,51089,1985.75,0,0.0,3.0,0
C111575,74,East,Home,Branch,4,52809,763.07,0,0.0,3.5,0
C111576,65,East,Life,Online,7,52484,1192.47,0,0.0,2.7,0
C111577,63,Central,Life,Online,2,42193,1800.96,0,0.0,3.3,0
C111578,65,North,Life,Online,0,48792,1298.01,0,0.0,3.6,1
C111579,75,West,Auto,Online,2,26772,1700.83,0,0.0,3.6,0
C111580,44,East,Health,Online,0,41476,1369.97,0,0.0,4.1,1
C111581,61,South,Auto,Branch,8,51236,779.39,0,0.0,4.2,1
C111582,65,Central,Health,Branch,0,74247,1363.98,0,0.0,3.6,0
C111583,24,East,Life,Online,6,49810,2009.78,0,0.0,4.5,1
C111584,58,South,Life,Partner,11,89106,1485.76,0,0.0,2.8,1
C111585,37,North,Life,Agent,9,86739,1251.56,0,0.0,4.2,1
C111586,25,Central,Health,Branch,9,53255,2033.65,1,2097.13,3.4,0
C111587,27,Central,Health,Partner,4,44552,953.16,0,0.0,2.8,0
C111588,24,North,Auto,Online,2,92788,1027.79,0,0.0,4.3,1
C111589,70,East,Health,Branch,2,65428,1393.06,0,0.0,3.9,1
C111590,62,North,Auto,Online,6,59895,1162.6,0,0.0,3.6,1
C111591,23,West,Home,Partner,14,39013,1857.41,0,0.0,4.4,1
C111592,54,East,Health,Online,15,44305,1974.37,0,0.0,4.0,1
C111593,56,North,Home,Agent,2,33991,1369.58,1,2502.87,3.9,0
C111594,48,East,Life,Online,1,78784,1068.19,0,0.0,4.0,1
C111595,53,Central,Auto,Agent,7,61028,350.0,1,2234.81,2.9,0
C111596,70,South,Health,Agent,3,46415,1381.12,0,0.0,2.8,1
C111597,48,North,Life,Branch,2,43499,1966.84,0,0.0,3.1,0
C111598,56,Central,Life,Online,6,34157,887.76,0,0.0,4.1,0
C111599,51,North,Auto,Online,15,50743,1312.45,0,0.0,3.6,1
C111600,40,East,Home,Online,3,55073,713.9,0,0.0,4.0,1
C111601,69,East,Health,Online,1,18000,1525.12,1,867.55,3.3,1
C111602,42,South,Auto,Online,2,34645,1185.25,0,0.0,2.9,1
C111603,64,North,Auto,Agent,9,39822,1549.79,0,0.0,4.0,1
C111604,53,North,Health,Agent,15,71539,2632.13,0,0.0,4.3,0
C111605,57,North,Auto,Partner,15,42032,753.64,0,0.0,3.7,0
C111606,62,East,Home,Agent,12,19701,857.38,0,0.0,3.6,1
C111607,60,Central,Auto,Online,8,32183,844.73,0,0.0,4.5,1
C111608,50,North,Auto,Branch,11,83040,1038.4,0,0.0,4.1,0
C111609,53,West,Home,Online,0,45290,957.28,0,0.0,4.5,1
C111610,47,East,Auto,Branch,14,33308,1673.36,0,0.0,4.3,1
C111611,37,North,Auto,Agent,12,21876,984.44,0,0.0,3.4,0
C111612,60,East,Auto,Online,2,52439,1351.02,0,0.0,3.6,1
C111613,68,South,Auto,Partner,4,54335,688.94,0,0.0,3.7,1
C111614,58,West,Health,Agent,14,59940,2070.94,0,0.0,3.7,1
C111615,62,South,Home,Partner,8,101082,2066.93,0,0.0,3.5,1
C111616,66,West,Home,Agent,15,29747,1757.89,0,0.0,4.1,0
C111617,39,Central,Auto,Agent,6,45354,973.0,1,1213.06,3.6,0
C111618,21,South,Auto,Agent,9,57264,688.3,1,7448.94,3.2,0
C111619,37,Central,Life,Agent,0,44124,1909.25,0,0.0,3.1,0
C111620,61,South,Auto,Branch,14,18000,1020.22,0,0.0,3.9,1
C111621,65,North,Auto,Online,13,61204,1321.44,0,0.0,3.6,0
C111622,47,South,Auto,Agent,13,40636,1698.75,1,3500.86,3.2,0
C111623,63,Central,Home,Online,12,32849,508.41,0,0.0,3.5,1
C111624,22,West,Home,Agent,5,35918,1973.03,0,0.0,3.6,1
C111625,55,Central,Auto,Online,0,79921,1202.61,0,0.0,3.5,0
C111626,57,West,Auto,Agent,5,75383,1412.73,0,0.0,4.4,1
C111627,47,East,Home,Agent,10,32359,1560.45,0,0.0,3.6,1
C111628,59,Central,Auto,Branch,10,20828,1229.81,0,0.0,3.0,1
C111629,46,Central,Health,Partner,13,68171,2182.58,0,0.0,3.8,1
C111630,48,West,Life,Online,8,89048,1276.8,0,0.0,4.6,1
C111631,53,East,Auto,Agent,5,93988,1177.18,0,0.0,3.7,1
C111632,64,Central,Health,Agent,6,26513,1347.86,0,0.0,3.7,0
C111633,32,North,Home,Agent,15,76441,1821.26,0,0.0,2.9,1
C111634,35,Central,Home,Agent,0,51904,2082.32,0,0.0,3.6,1
C111635,42,Central,Health,Online,10,18000,1815.59,1,7068.56,3.3,0
C111636,29,West,Health,Agent,0,36527,2492.06,0,0.0,2.7,1
C111637,37,South,Health,Online,7,37856,1855.65,0,0.0,3.4,1
C111638,38,North,Health,Online,1,60559,1319.67,0,0.0,4.5,0
C111639,36,Central,Auto,Partner,3,27396,821.64,0,0.0,4.2,1
C111640,41,Central,Auto,Partner,6,68992,1382.73,0,0.0,4.5,1
C111641,47,West,Auto,Agent,5,60558,1582.28,0,0.0,3.8,0
C111642,58,Central,Health,Online,0,70361,1854.28,0,0.0,2.7,0
C111643,35,East,Health,Agent,12,40116,2004.92,0,0.0,3.9,1
C111644,67,Central,Health,Agent,2,59137,2409.83,0,0.0,5.0,1
C111645,45,North,Health,Branch,11,33354,2305.51,1,2648.93,2.9,1
C111646,59,North,Life,Branch,15,64181,1992.92,0,0.0,2.8,1
C111647,24,East,Health,Agent,3,47728,1663.1,0,0.0,3.1,0
C111648,28,South,Home,Agent,7,49495,1666.4,1,675.46,3.9,0
C111649,44,East,Auto,Online,10,51411,1646.58,0,0.0,2.7,1
C111650,39,West,Home,Branch,14,20655,1761.34,0,0.0,4.1,1
C111651,46,North,Health,Agent,6,73417,1135.45,1,11267.02,3.3,0
C111652,27,West,Life,Branch,3,53492,2365.76,1,2867.29,3.4,0
C111653,45,North,Life,Branch,1,73490,1010.91,0,0.0,4.0,0
C111654,57,Central,Auto,Online,5,72163,1330.42,0,0.0,3.7,1
C111655,60,South,Life,Partner,13,37361,1521.49,0,0.0,3.7,1
C111656,32,West,Home,Branch,10,47143,1065.81,0,0.0,3.8,1
C111657,37,East,Home,Agent,3,24085,1268.92,0,0.0,4.3,1
C111658,48,South,Health,Online,15,74067,1244.46,0,0.0,3.9,1
C111659,48,South,Auto,Online,10,57843,731.56,1,2336.48,2.8,1
C111660,63,North,Home,Online,11,55621,969.13,0,0.0,4.1,1
C111661,40,South,Auto,Agent,0,47031,1411.37,0,0.0,4.0,1
C111662,56,South,Health,Online,14,34544,1455.08,1,4556.35,5.0,1
C111663,69,North,Auto,Branch,1,75089,1365.86,1,635.06,3.5,1
C111664,35,West,Auto,Agent,0,88099,1009.52,1,1310.54,3.9,1
C111665,65,South,Home,Agent,11,75788,1313.55,0,0.0,3.8,1
C111666,37,South,Home,Partner,4,48987,1215.77,0,0.0,3.8,0
C111667,37,South,Life,Agent,14,59023,2113.64,0,0.0,4.5,1
C111668,55,East,Home,Agent,14,71259,1067.11,0,0.0,4.9,1
C111669,54,East,Home,Partner,8,53694,1549.48,0,0.0,4.1,1
C111670,49,West,Life,Agent,8,87003,1697.95,0,0.0,4.5,0
C111671,31,East,Health,Agent,2,74471,1634.04,0,0.0,2.3,0
C111672,23,East,Home,Agent,2,102139,1364.82,1,2102.82,2.8,1
C111673,70,South,Life,Branch,0,55496,1462.13,0,0.0,3.4,1
C111674,68,South,Home,Branch,2,18000,1266.17,0,0.0,3.9,1
C111675,69,West,Home,Agent,7,53293,1315.14,0,0.0,3.2,0
C111676,47,South,Health,Online,12,45166,1155.83,0,0.0,3.7,0
C111677,69,Central,Health,Partner,1,55109,1844.41,0,0.0,3.8,1
C111678,45,East,Home,Agent,2,84095,2251.11,0,0.0,4.3,1
C111679,22,West,Home,Branch,6,42247,1421.62,0,0.0,3.9,1
C111680,29,East,Health,Online,7,37031,1666.4,0,0.0,4.3,0
C111681,33,Central,Auto,Agent,6,40357,1039.16,0,0.0,3.7,1
C111682,39,East,Auto,Partner,2,90774,971.22,0,0.0,3.4,0
C111683,72,East,Health,Branch,12,43706,1487.47,0,0.0,4.6,1
C111684,37,Central,Auto,Online,3,56670,1825.77,0,0.0,3.9,0
C111685,53,West,Health,Branch,1,85236,1081.18,0,0.0,3.1,1
C111686,33,East,Auto,Online,6,63945,1569.44,0,0.0,3.8,1
C111687,55,South,Auto,Agent,15,18000,1240.39,0,0.0,4.3,1
C111688,50,South,Life,Online,1,43303,2011.17,1,2413.84,2.9,0
C111689,26,Central,Health,Online,2,40249,1880.26,0,0.0,3.3,1
C111690,44,South,Home,Online,10,20631,760.69,0,0.0,3.4,1
C111691,24,North,Auto,Agent,9,43427,1933.36,0,0.0,4.0,1
C111692,69,North,Auto,Branch,2,18000,1585.63,0,0.0,3.4,1
C111693,58,Central,Auto,Online,10,57851,983.77,0,0.0,3.2,0
C111694,72,East,Auto,Agent,12,52134,1581.21,0,0.0,3.1,1
C111695,68,East,Auto,Agent,10,39253,1446.3,1,5371.7,4.1,0
C111696,30,Central,Health,Partner,8,19430,2451.47,0,0.0,3.8,0
C111697,59,South,Auto,Branch,7,77101,1271.19,0,0.0,4.0,1
C111698,23,West,Home,Partner,5,41770,1246.66,0,0.0,3.7,1
C111699,73,West,Health,Branch,1,71756,2184.69,0,0.0,2.9,0
C111700,63,East,Auto,Branch,9,49736,752.44,0,0.0,4.2,1
C111701,57,West,Home,Online,12,78268,1465.5,0,0.0,3.6,1
C111702,75,Central,Health,Partner,6,62520,2316.37,1,5518.55,3.8,0
C111703,67,South,Auto,Branch,11,54007,1453.67,0,0.0,3.5,0
C111704,68,North,Health,Online,1,36885,1313.96,0,0.0,3.4,1
C111705,23,Central,Home,Online,1,75383,1940.41,0,0.0,4.1,1
C111706,19,East,Health,Agent,4,48302,2215.11,0,0.0,3.4,0
C111707,73,East,Life,Online,5,37332,1689.77,0,0.0,5.0,1
C111708,32,South,Auto,Partner,8,49169,1385.04,0,0.0,4.4,1
C111709,42,Central,Health,Online,0,51169,1732.94,0,0.0,3.1,0
C111710,20,West,Life,Online,1,67734,1757.74,0,0.0,3.9,1
C111711,54,Central,Health,Online,11,18122,1480.79,1,1947.77,3.5,1
C111712,65,East,Life,Agent,11,94896,1908.26,0,0.0,3.4,1
C111713,66,Central,Home,Branch,12,60340,1452.33,0,0.0,3.3,1
C111714,51,East,Health,Agent,5,51714,2110.52,1,2391.86,3.3,1
C111715,56,West,Health,Online,10,59992,1446.19,0,0.0,4.7,1
C111716,47,West,Health,Partner,3,24434,2246.05,0,0.0,3.9,1
C111717,43,East,Auto,Agent,13,54233,1323.31,1,1296.87,3.6,0
C111718,50,East,Health,Online,0,63706,2334.6,0,0.0,3.1,1
C111719,72,South,Auto,Online,9,46698,1504.85,0,0.0,1.9,0
C111720,32,South,Home,Agent,1,61425,1101.34,0,0.0,3.1,0
C111721,45,West,Home,Agent,13,66276,1302.54,0,0.0,4.6,1
C111722,52,North,Life,Agent,3,38888,2121.52,0,0.0,3.5,1
C111723,51,West,Auto,Online,0,74478,916.73,1,1405.29,3.3,1
C111724,19,South,Health,Partner,5,50915,1517.9,0,0.0,4.2,0
C111725,34,South,Health,Online,14,86317,1405.83,0,0.0,3.9,1
C111726,55,West,Health,Online,2,75570,1122.54,0,0.0,3.4,1
C111727,58,South,Auto,Branch,4,59316,1714.62,1,3218.39,3.7,1
C111728,60,Central,Health,Agent,8,37387,969.37,0,0.0,4.1,1
C111729,75,Central,Home,Partner,13,49992,846.35,0,0.0,5.0,0
C111730,57,East,Auto,Agent,3,70141,675.92,1,747.66,4.2,0
C111731,51,East,Home,Online,5,41927,1483.57,0,0.0,3.7,0
C111732,37,North,Auto,Partner,15,59802,1253.09,0,0.0,3.8,0
C111733,39,West,Health,Agent,11,61836,2995.54,0,0.0,3.1,1
C111734,65,North,Life,Branch,9,49976,1096.3,0,0.0,3.7,1
C111735,45,Central,Auto,Online,5,37210,1513.05,0,0.0,4.2,0
C111736,59,Central,Auto,Online,12,80757,814.28,0,0.0,3.9,1
C111737,25,North,Life,Partner,15,60551,1651.48,0,0.0,3.1,0
C111738,25,West,Auto,Partner,6,46567,1232.37,1,3094.85,3.2,1
C111739,30,East,Health,Partner,15,37777,1378.73,0,0.0,3.4,0
C111740,29,East,Health,Branch,3,68173,1921.69,1,3492.13,3.8,1
C111741,53,North,Home,Agent,13,50751,1447.43,0,0.0,4.1,1
C111742,54,West,Health,Agent,7,69594,2043.65,0,0.0,3.8,0
C111743,50,North,Health,Online,3,35401,2367.49,0,0.0,4.1,1
C111744,34,Central,Life,Branch,6,57447,2277.25,0,0.0,3.6,1
C111745,51,East,Health,Branch,6,43364,934.66,0,0.0,3.3,1
C111746,24,West,Health,Branch,9,83347,2164.67,0,0.0,3.6,0
C111747,45,Central,Life,Agent,12,58628,1499.35,0,0.0,3.8,1
C111748,26,West,Auto,Online,14,34076,1201.79,0,0.0,4.1,1
C111749,22,East,Life,Branch,2,68829,1999.37,0,0.0,3.4,0
C111750,27,East,Life,Partner,3,74225,1566.01,0,0.0,2.8,1
C111751,24,East,Life,Agent,13,45933,1684.67,0,0.0,3.9,1
C111752,45,South,Auto,Online,1,37424,870.57,1,3226.33,2.6,1
C111753,49,Central,Health,Partner,4,18000,1333.73,0,0.0,3.5,1
C111754,53,South,Home,Branch,11,71814,1529.49,0,0.0,2.9,0
C111755,43,East,Auto,Branch,8,20446,1456.91,0,0.0,4.4,0
C111756,28,West,Health,Partner,0,51130,1818.56,0,0.0,4.1,0
C111757,19,South,Auto,Branch,2,20946,550.54,1,1753.49,3.9,1
C111758,59,Central,Auto,Agent,12,84418,1096.77,0,0.0,3.1,1
C111759,74,South,Life,Branch,5,76022,1739.9,0,0.0,3.0,1
C111760,34,North,Life,Agent,11,57402,578.29,1,1700.96,4.7,1
C111761,29,West,Auto,Online,10,70859,771.06,1,2797.35,3.7,1
C111762,36,East,Auto,Online,13,49620,1401.34,0,0.0,2.9,0
C111763,30,Central,Health,Branch,9,37155,1958.93,0,0.0,3.5,1
C111764,30,East,Auto,Online,1,21824,1533.03,0,0.0,3.3,1
C111765,46,North,Health,Partner,2,66256,1529.62,0,0.0,4.1,1
C111766,63,South,Home,Agent,3,33831,1389.89,0,0.0,3.1,0
C111767,59,South,Health,Agent,2,97478,1407.06,0,0.0,3.4,0
C111768,73,East,Home,Online,8,31977,1280.14,0,0.0,4.3,1
C111769,38,South,Auto,Agent,7,70217,1045.8,0,0.0,3.9,0
C111770,46,East,Auto,Agent,5,74968,1569.23,0,0.0,3.5,1
C111771,40,Central,Home,Branch,9,27884,1108.32,0,0.0,3.2,1
C111772,20,East,Auto,Online,13,43906,1027.68,0,0.0,4.1,1
C111773,40,West,Auto,Agent,5,47861,1053.38,1,4843.82,2.5,1
C111774,33,South,Health,Partner,7,114687,1477.06,0,0.0,3.9,1
C111775,45,Central,Auto,Branch,14,47584,1355.01,0,0.0,3.8,1
C111776,27,South,Health,Branch,6,31513,2493.72,0,0.0,3.6,1
C111777,61,East,Home,Branch,1,60851,1579.03,0,0.0,3.1,1
C111778,66,South,Auto,Branch,2,33145,1232.28,0,0.0,3.9,0
C111779,73,North,Health,Agent,4,50892,2030.18,0,0.0,3.8,1
C111780,22,South,Auto,Agent,8,43811,1735.99,1,6072.0,3.0,1
C111781,24,South,Home,Online,6,61324,1256.29,0,0.0,2.6,1
C111782,74,Central,Auto,Online,5,41898,1560.49,1,1750.33,3.7,1
C111783,67,South,Life,Agent,13,39470,1158.22,0,0.0,4.4,1
C111784,52,Central,Auto,Partner,7,71423,799.92,1,2690.18,3.3,0
C111785,36,East,Home,Agent,7,57203,1678.51,0,0.0,3.6,0
C111786,48,South,Home,Agent,4,52508,1518.24,0,0.0,3.8,1
C111787,49,South,Home,Branch,7,18000,2162.37,0,0.0,3.3,0
C111788,67,North,Home,Agent,9,63193,1772.79,0,0.0,3.6,1
C111789,48,Central,Auto,Online,14,43528,619.76,0,0.0,4.5,1
C111790,19,North,Health,Online,13,57011,2526.57,0,0.0,4.0,1
C111791,58,Central,Health,Branch,0,18803,2921.06,0,0.0,4.6,1
C111792,63,North,Auto,Agent,0,56990,1624.72,0,0.0,3.8,1
C111793,35,South,Health,Agent,13,55476,910.39,0,0.0,4.1,1
C111794,24,North,Home,Branch,3,47868,1919.23,0,0.0,3.4,0
C111795,26,West,Health,Agent,0,36051,2002.93,0,0.0,3.5,0
C111796,66,East,Life,Agent,10,72989,1586.11,0,0.0,3.9,1
C111797,43,Central,Home,Agent,15,38562,1404.6,0,0.0,4.4,0
C111798,48,South,Health,Online,11,68384,1276.82,0,0.0,3.8,1
C111799,73,North,Health,Online,2,70849,1827.92,0,0.0,4.3,0
C111800,21,West,Health,Agent,4,37020,1469.74,0,0.0,4.4,1
C111801,29,East,Health,Online,4,65465,2791.48,0,0.0,4.9,1
C111802,66,Central,Auto,Branch,4,44265,1355.71,0,0.0,3.8,0
C111803,49,East,Health,Online,10,63493,1505.21,0,0.0,4.1,0
C111804,19,West,Home,Agent,11,35154,1562.65,0,0.0,3.5,0
C111805,58,North,Auto,Agent,4,49928,1165.63,0,0.0,3.9,1
C111806,26,Central,Auto,Branch,8,53387,653.3,1,3266.48,3.8,1
C111807,63,North,Auto,Online,7,51471,1351.11,0,0.0,3.9,1
C111808,64,Central,Health,Branch,6,58862,1659.74,0,0.0,3.1,1
C111809,65,South,Auto,Agent,2,37442,1234.48,0,0.0,3.5,1
C111810,44,West,Home,Online,0,42058,910.98,0,0.0,2.5,1
C111811,33,Central,Health,Online,15,64849,2583.62,0,0.0,3.9,1
C111812,69,Central,Auto,Partner,10,44578,1592.73,0,0.0,3.2,1
C111813,50,East,Life,Agent,13,43049,1888.69,0,0.0,4.0,1
C111814,54,East,Home,Agent,4,36847,1210.11,0,0.0,4.9,1
C111815,25,Central,Auto,Online,3,43719,1305.28,0,0.0,4.4,0
C111816,54,East,Home,Agent,9,33513,1843.78,0,0.0,3.4,1
C111817,51,West,Home,Online,11,65127,1409.47,1,400.61,4.3,1
C111818,34,South,Health,Online,11,43917,2704.27,0,0.0,4.1,1
C111819,62,East,Auto,Branch,8,32494,1367.06,0,0.0,4.1,0
C111820,25,South,Home,Partner,7,48343,1728.91,0,0.0,3.7,1
C111821,59,West,Auto,Agent,9,26863,1097.0,1,1308.37,4.1,1
C111822,73,South,Health,Online,4,36596,1578.69,0,0.0,3.4,1
C111823,50,East,Home,Agent,2,76381,966.66,0,0.0,2.7,1
C111824,24,Central,Home,Partner,3,32414,1354.21,0,0.0,3.4,0
C111825,50,East,Health,Agent,5,49418,2611.39,0,0.0,4.0,1
C111826,48,Central,Auto,Online,11,91715,1319.67,0,0.0,3.6,1
C111827,50,South,Auto,Agent,13,56487,1383.64,1,618.3,4.0,1
C111828,33,East,Life,Agent,14,42806,1726.26,0,0.0,3.9,1
C111829,54,East,Home,Online,6,18000,1333.44,1,7221.75,3.4,1
C111830,33,East,Home,Partner,15,55005,1657.32,0,0.0,3.8,0
C111831,50,West,Auto,Online,15,38181,1490.16,1,5645.43,2.0,1
C111832,52,North,Life,Agent,12,62040,970.94,1,3069.91,3.9,0
C111833,55,East,Auto,Branch,1,39827,1611.04,1,1460.67,3.6,0
C111834,64,North,Auto,Agent,9,56989,1599.9,0,0.0,3.3,0
C111835,69,West,Life,Online,4,78035,2118.35,0,0.0,4.4,1
C111836,63,Central,Health,Agent,13,64083,1393.89,0,0.0,3.5,1
C111837,64,North,Home,Branch,3,28270,1267.99,0,0.0,3.8,0
C111838,68,East,Health,Branch,6,53601,1707.42,0,0.0,3.6,1
C111839,32,East,Life,Online,4,69343,1196.51,0,0.0,2.9,0
C111840,34,West,Auto,Online,14,24647,434.77,0,0.0,3.7,0
C111841,48,North,Auto,Partner,9,82370,1152.16,0,0.0,2.8,0
C111842,45,East,Health,Branch,6,54537,1630.12,0,0.0,3.8,0
C111843,58,West,Life,Agent,13,62376,1844.54,0,0.0,3.8,0
C111844,18,East,Life,Branch,9,45811,1824.07,0,0.0,4.0,1
C111845,26,West,Health,Online,9,52834,1988.73,0,0.0,3.5,0
C111846,61,South,Home,Partner,2,35900,1581.03,0,0.0,3.1,1
C111847,65,Central,Health,Branch,6,79847,2456.91,0,0.0,4.0,1
C111848,35,North,Auto,Partner,7,84275,1426.63,0,0.0,2.5,0
C111849,36,North,Auto,Agent,6,90640,1100.94,0,0.0,3.9,1
C111850,50,East,Auto,Branch,5,20217,755.6,0,0.0,4.4,1
C111851,45,East,Auto,Online,15,57932,940.02,1,2742.54,3.4,1
C111852,27,West,Auto,Online,5,59778,1032.12,1,1426.29,4.3,1
C111853,47,South,Auto,Agent,9,39300,1059.73,0,0.0,4.0,1
C111854,65,South,Life,Partner,9,58711,1538.71,0,0.0,4.5,1
C111855,60,West,Auto,Branch,3,26141,836.65,0,0.0,4.0,0
C111856,65,South,Home,Agent,14,78489,1779.54,0,0.0,3.6,1
C111857,55,West,Life,Online,2,24403,1829.71,0,0.0,3.8,1
C111858,68,West,Health,Agent,13,56508,2308.88,0,0.0,3.4,1
C111859,32,North,Home,Agent,9,66205,1419.63,0,0.0,3.3,1
C111860,20,West,Auto,Agent,5,41209,1036.58,0,0.0,4.0,1
C111861,24,Central,Auto,Branch,4,76707,1142.21,0,0.0,3.6,1
C111862,75,Central,Home,Online,11,19150,763.09,0,0.0,3.5,0
C111863,55,North,Health,Agent,7,51449,1645.61,0,0.0,4.4,1
C111864,32,East,Health,Online,8,21641,1450.83,0,0.0,4.2,1
C111865,67,Central,Life,Online,5,38081,2051.48,0,0.0,2.5,1
C111866,35,East,Home,Online,5,43111,1303.75,0,0.0,4.2,1
C111867,52,South,Health,Branch,4,42013,1854.51,0,0.0,3.3,1
C111868,32,South,Auto,Online,14,74876,1461.32,0,0.0,4.5,1
C111869,23,West,Life,Online,14,30897,1240.61,0,0.0,4.4,1
C111870,33,West,Life,Agent,2,24023,1824.1,0,0.0,4.3,1
C111871,31,Central,Health,Agent,2,44241,794.78,0,0.0,4.1,0
C111872,50,Central,Home,Branch,12,54040,1042.6,0,0.0,4.4,1
C111873,19,South,Health,Branch,5,61058,1920.23,0,0.0,2.6,1
C111874,31,West,Auto,Branch,3,72769,1641.71,0,0.0,2.8,1
C111875,50,North,Life,Online,3,18000,1591.33,1,789.39,4.1,1
C111876,40,North,Home,Online,14,82395,2113.81,1,4022.57,2.9,1
C111877,54,North,Health,Online,4,37268,1737.83,0,0.0,3.7,1
C111878,56,Central,Home,Agent,11,46988,1864.5,0,0.0,4.3,1
C111879,73,North,Health,Online,7,52417,1952.48,0,0.0,5.0,1
C111880,66,East,Auto,Branch,7,18000,1799.62,0,0.0,3.9,1
C111881,31,East,Home,Partner,5,44216,1086.03,0,0.0,3.8,1
C111882,58,South,Auto,Branch,1,69857,887.78,0,0.0,2.6,1
C111883,54,East,Auto,Agent,1,63366,1021.25,0,0.0,3.9,0
C111884,52,North,Auto,Branch,2,42992,1471.67,0,0.0,3.7,1
C111885,64,South,Auto,Online,4,55835,1486.17,0,0.0,4.4,1
C111886,26,East,Life,Partner,2,60308,1431.15,0,0.0,4.0,1
C111887,39,Central,Auto,Agent,4,47342,953.18,0,0.0,4.2,1
C111888,65,West,Auto,Branch,12,60865,1350.94,1,4081.5,2.9,1
C111889,69,Central,Home,Online,0,37592,1630.13,0,0.0,4.3,0
C111890,20,South,Life,Agent,9,34984,2780.76,0,0.0,3.5,1
C111891,45,North,Home,Online,8,46654,1519.75,0,0.0,3.3,0
C111892,33,East,Life,Online,3,18000,2058.71,0,0.0,3.7,1
C111893,27,Central,Home,Agent,4,64479,1143.61,1,616.76,3.5,1
C111894,21,South,Home,Online,5,53497,1393.91,1,1857.67,3.8,0
C111895,49,North,Health,Online,4,48001,1211.25,0,0.0,3.1,0
C111896,56,Central,Auto,Partner,4,66338,1207.87,0,0.0,4.4,1
C111897,48,Central,Health,Online,6,58968,1256.32,0,0.0,4.4,1
C111898,39,North,Home,Agent,10,71148,1087.98,0,0.0,4.4,0
C111899,62,West,Home,Online,10,80437,715.44,0,0.0,4.8,0
C111900,55,East,Home,Branch,5,57950,1425.81,1,1513.94,3.2,1
C111901,70,East,Health,Partner,4,39045,1199.24,0,0.0,4.5,1
C111902,38,East,Home,Agent,12,65048,1381.21,0,0.0,3.5,1
C111903,31,Central,Auto,Partner,12,39104,981.2,0,0.0,3.9,0
C111904,44,North,Auto,Agent,11,38279,1889.68,0,0.0,4.2,0
C111905,47,West,Health,Agent,11,46732,1233.85,0,0.0,3.8,1
C111906,44,North,Auto,Online,3,72846,1899.17,0,0.0,4.3,1
C111907,66,West,Life,Partner,10,65503,1935.81,0,0.0,3.3,1
C111908,20,West,Auto,Partner,5,67945,1256.37,0,0.0,3.8,1
C111909,48,West,Auto,Online,8,54212,1082.63,1,2294.43,4.0,0
C111910,42,Central,Home,Online,8,62249,1718.91,0,0.0,4.1,0
C111911,30,West,Auto,Agent,12,62816,1183.85,0,0.0,3.0,0
C111912,55,West,Health,Online,14,39611,1644.43,0,0.0,3.6,1
C111913,64,South,Auto,Online,6,62589,1700.66,0,0.0,3.7,1
C111914,49,Central,Auto,Partner,1,51929,1258.58,0,0.0,3.9,0
C111915,22,East,Home,Partner,0,44710,1362.48,0,0.0,4.7,0
C111916,22,East,Health,Agent,5,45574,2369.81,0,0.0,3.0,0
C111917,42,East,Health,Online,6,42056,1720.8,0,0.0,3.4,1
C111918,56,South,Auto,Agent,9,46943,912.22,0,0.0,4.6,1
C111919,36,East,Health,Partner,5,51854,1427.91,0,0.0,4.3,1
C111920,35,South,Health,Branch,5,63970,2390.85,0,0.0,3.9,1
C111921,67,South,Auto,Partner,11,79167,1286.35,0,0.0,4.0,0
C111922,18,Central,Home,Branch,4,62233,2351.72,0,0.0,4.0,0
C111923,22,Central,Health,Agent,0,54109,1226.26,1,7504.71,3.6,1
C111924,27,East,Life,Online,6,18000,1410.11,0,0.0,4.0,1
C111925,75,Central,Home,Branch,9,95541,1137.78,0,0.0,4.5,1
C111926,46,East,Health,Branch,3,39257,834.27,0,0.0,2.8,0
C111927,27,South,Auto,Branch,0,39839,1240.59,0,0.0,4.4,1
C111928,36,Central,Home,Branch,9,74755,535.02,0,0.0,3.1,1
C111929,74,West,Health,Online,3,32178,2594.28,1,2598.27,4.4,1
C111930,58,West,Home,Online,14,58692,1965.91,0,0.0,3.9,1
C111931,30,East,Health,Partner,5,43668,1752.6,0,0.0,3.6,1
C111932,31,East,Auto,Agent,14,47452,1359.97,0,0.0,3.1,1
C111933,22,North,Home,Online,1,52895,1833.05,0,0.0,4.3,1
C111934,62,Central,Home,Agent,7,30514,553.28,0,0.0,4.0,1
C111935,25,South,Auto,Online,6,49777,1106.92,0,0.0,3.9,1
C111936,34,East,Home,Agent,4,70467,1468.39,0,0.0,3.2,1
C111937,38,North,Health,Agent,5,50657,1505.51,0,0.0,4.3,1
C111938,54,West,Health,Branch,6,114974,2127.66,0,0.0,3.7,1
C111939,53,South,Life,Partner,0,53649,2731.23,1,2054.02,3.2,1
C111940,64,West,Auto,Online,3,30461,1094.35,0,0.0,4.5,0
C111941,35,East,Auto,Partner,4,42612,1558.83,0,0.0,4.0,1
C111942,40,North,Auto,Branch,9,18000,1263.42,0,0.0,5.0,1
C111943,40,North,Life,Partner,4,71397,2121.93,0,0.0,3.8,0
C111944,20,South,Auto,Branch,2,80898,780.08,0,0.0,4.9,1
C111945,60,West,Home,Online,11,67173,1640.2,0,0.0,4.2,1
C111946,49,Central,Home,Agent,5,36878,1482.07,0,0.0,4.2,1
C111947,45,South,Home,Online,0,36296,1902.7,0,0.0,3.9,0
C111948,75,East,Auto,Branch,2,65259,919.49,0,0.0,4.0,0
C111949,28,South,Auto,Online,8,42623,838.76,0,0.0,4.5,0
C111950,74,Central,Life,Online,3,36508,1275.67,0,0.0,3.9,1
C111951,57,Central,Health,Partner,14,34496,1394.7,0,0.0,3.4,1
C111952,30,West,Auto,Partner,10,85643,813.2,0,0.0,3.5,1
C111953,57,North,Auto,Agent,4,43646,1215.73,0,0.0,3.9,0
C111954,61,East,Home,Agent,15,66970,698.74,0,0.0,3.6,1
C111955,39,Central,Life,Branch,11,61892,1930.45,0,0.0,3.9,1
C111956,38,South,Health,Partner,10,36724,1787.92,0,0.0,4.2,1
C111957,66,West,Health,Online,1,52730,1696.93,0,0.0,4.1,1
C111958,27,Central,Home,Online,3,33979,1813.09,0,0.0,4.4,0
C111959,18,West,Auto,Partner,9,78063,1712.84,0,0.0,3.9,0
C111960,56,West,Life,Online,6,35606,1904.25,0,0.0,3.5,1
C111961,70,East,Auto,Branch,13,58575,781.14,0,0.0,3.6,0
C111962,47,Central,Auto,Agent,10,43104,1559.37,0,0.0,4.1,1
C111963,25,South,Auto,Agent,1,35352,1171.27,0,0.0,4.4,0
C111964,49,Central,Auto,Online,13,71392,1505.03,0,0.0,4.0,1
C111965,32,East,Health,Branch,14,42619,1896.98,0,0.0,3.4,1
C111966,65,West,Home,Agent,11,19067,1072.83,0,0.0,4.1,1
C111967,53,Central,Health,Partner,12,59638,1155.41,0,0.0,4.6,0
C111968,37,East,Home,Agent,2,39265,1672.09,0,0.0,3.9,1
C111969,54,South,Auto,Partner,11,54837,1032.92,0,0.0,3.3,1
C111970,56,North,Health,Online,9,67410,1883.45,0,0.0,3.1,1
C111971,57,Central,Health,Online,2,58419,1482.48,0,0.0,4.8,1
C111972,39,West,Health,Partner,3,67998,1637.45,0,0.0,3.8,1
C111973,51,South,Auto,Online,8,28633,2026.94,0,0.0,3.4,0
C111974,20,Central,Home,Online,5,73572,1142.78,0,0.0,3.8,1
C111975,41,Central,Auto,Online,9,46646,1420.04,0,0.0,5.0,0
C111976,39,Central,Auto,Branch,15,26320,1942.83,0,0.0,4.6,1
C111977,49,West,Auto,Branch,10,18000,1585.43,0,0.0,3.7,0
C111978,73,Central,Home,Partner,14,46449,1954.87,0,0.0,3.3,1
C111979,73,Central,Auto,Online,0,37848,553.5,0,0.0,4.7,1
C111980,46,North,Auto,Online,4,38127,904.09,0,0.0,4.4,1
C111981,55,Central,Health,Online,14,58019,1359.67,0,0.0,4.0,1
C111982,24,East,Auto,Partner,11,82965,1132.67,0,0.0,2.4,1
C111983,45,Central,Auto,Agent,5,35770,1068.06,0,0.0,3.9,0
C111984,57,West,Home,Online,5,53657,1312.86,0,0.0,4.4,1
C111985,57,West,Home,Online,11,41780,1167.58,0,0.0,3.8,0
C111986,73,South,Auto,Online,0,34235,953.41,0,0.0,3.5,0
C111987,45,North,Auto,Branch,1,33713,1507.63,0,0.0,3.1,0
C111988,70,South,Health,Agent,13,81561,1461.33,0,0.0,3.9,0
C111989,74,West,Life,Agent,12,52239,1972.12,0,0.0,3.0,1
C111990,51,Central,Home,Agent,13,48578,1895.17,0,0.0,4.0,1
C111991,23,North,Auto,Online,7,39665,805.68,1,632.04,2.9,0
C111992,39,South,Life,Branch,4,53210,2601.05,0,0.0,3.4,1
C111993,62,West,Health,Branch,6,40516,2133.29,0,0.0,3.3,1
C111994,51,South,Health,Online,12,86741,1962.2,0,0.0,3.3,1
C111995,72,North,Life,Agent,3,56533,1292.96,0,0.0,3.0,0
C111996,65,North,Home,Partner,0,54510,1281.99,0,0.0,4.4,1
C111997,21,West,Health,Agent,7,54103,2460.35,0,0.0,3.7,1
C111998,67,East,Health,Branch,8,75541,1900.49,0,0.0,3.1,0
C111999,38,Central,Life,Branch,6,51603,1796.25,0,0.0,4.2,1
C112000,65,South,Auto,Online,15,43424,1486.53,0,0.0,3.5,0
